/*******************************************************************************
 * Size: 20 px
 * Bpp: 4
 * Opts: --format lvgl --font /Users/jackie/Proj/Personal/STIM/stim-simulator/out/build/macos-debug/_deps/lvgl-src/tests/src/test_files/fonts/noto/NotoSansSC-Regular.ttf --bpp 4 --range 0x20-0x7e --symbols 中频治疗低设置通道就绪未配置处方肩颈放松腰部镇痛膝关节康复自定义剩余时间强度开始暂停继续停止编辑参数波形正弦方三角载波率调制脉宽应用到所选单元在线全已待离批量数量查看贴敷位置确认关闭锁定电量无线系统模拟器演示当前仅用于界面安全默认值不可直接人体运行台号成功选择贴片引导主页返回连 --no-kerning --lv-include lvgl.h --size 20 --lv-font-name stim_font_20 --output assets/fonts/stim_font_20.c
 ******************************************************************************/

#ifdef LV_LVGL_H_INCLUDE_SIMPLE
#include "lvgl.h"
#else
#include "lvgl.h"
#endif

#ifndef STIM_FONT_20
#define STIM_FONT_20 1
#endif

#if STIM_FONT_20

/*-----------------
 *    BITMAPS
 *----------------*/

/*Store the image of the glyphs*/
static LV_ATTRIBUTE_LARGE_CONST const uint8_t glyph_bitmap[] = {
    /* U+0020 " " */

    /* U+0021 "!" */
    0xb, 0xf2, 0x1, 0x3, 0x0, 0xe3, 0x1, 0x0,
    0xe1, 0x0, 0xfb, 0xc0, 0x30, 0x80, 0x79, 0x60,
    0x0, 0xb8, 0x22, 0x85, 0x91, 0x41, 0xb0,

    /* U+0022 "\"" */
    0x3f, 0xb0, 0x4f, 0xa1, 0x0, 0x9c, 0x0, 0x60,
    0x20, 0x20, 0x62, 0x4, 0x6, 0x1c, 0x3, 0xe0,
    0x20, 0x40, 0xe6, 0x0, 0x66, 0x0,

    /* U+0023 "#" */
    0x0, 0x93, 0x80, 0x5, 0xe2, 0x1, 0x8d, 0x40,
    0xc, 0x22, 0x0, 0xda, 0x60, 0x3, 0x50, 0xb,
    0x3d, 0x5f, 0xfd, 0x9, 0xee, 0x1d, 0x83, 0x19,
    0x83, 0x6c, 0x60, 0x23, 0x15, 0x33, 0xe, 0x18,
    0x80, 0x4, 0xc, 0x0, 0x4c, 0x1, 0x94, 0x4,
    0x4, 0x4, 0x0, 0x7f, 0x61, 0xfe, 0xe0, 0xdf,
    0x3, 0xc6, 0x3c, 0xc4, 0xe, 0x60, 0x0, 0x60,
    0xa6, 0x61, 0x23, 0x30, 0x4, 0x42, 0x0, 0xe6,
    0x0, 0xe6, 0xe0, 0x1, 0x10, 0x3, 0x8c, 0x80,
    0xd, 0xc0, 0x10,

    /* U+0024 "$" */
    0x0, 0xde, 0x80, 0x1f, 0xfc, 0xb7, 0xd0, 0xbb,
    0x10, 0x2, 0x60, 0x1d, 0x97, 0x4c, 0x58, 0xf6,
    0x27, 0xa0, 0xd4, 0x10, 0x3, 0x38, 0x30, 0x20,
    0x7, 0x89, 0x8e, 0xc8, 0x3, 0xa6, 0x13, 0x68,
    0x80, 0x33, 0xf3, 0xae, 0xb8, 0x6, 0x18, 0xe2,
    0x84, 0x0, 0xe1, 0xf0, 0xf0, 0xf, 0x10, 0x3a,
    0x40, 0x6, 0x50, 0x53, 0x7e, 0x98, 0xaa, 0xc,
    0x3e, 0x23, 0xb9, 0x17, 0x4, 0xe, 0xb8, 0x2a,
    0x84, 0x1, 0xfe,

    /* U+0025 "%" */
    0x0, 0x4f, 0xfa, 0xc4, 0x3, 0xaa, 0x40, 0x3a,
    0x5e, 0xf5, 0xf0, 0x3, 0x1a, 0x40, 0x7, 0x34,
    0x21, 0x71, 0x18, 0x5, 0xd0, 0x20, 0x18, 0xc1,
    0x40, 0x4, 0xa, 0x0, 0x60, 0x60, 0xf, 0x84,
    0x3, 0xc3, 0x12, 0x1, 0xe2, 0x7, 0x0, 0x10,
    0x10, 0x42, 0x21, 0x77, 0xac, 0x80, 0x56, 0x4,
    0x24, 0x90, 0x9a, 0x12, 0xaf, 0x43, 0xc0, 0x16,
    0xdd, 0xed, 0xe1, 0x2e, 0x5e, 0xac, 0x74, 0x4a,
    0x3, 0x7d, 0xcd, 0x24, 0x58, 0x5, 0xc0, 0x0,
    0x9e, 0x0, 0x42, 0x20, 0x4, 0xd8, 0x0, 0x4c,
    0x2, 0x73, 0x0, 0xf3, 0x8a, 0x80, 0x46, 0x1,
    0x39, 0x80, 0x70, 0xc7, 0x80, 0x49, 0x80, 0x11,
    0xe0, 0x7, 0x42, 0x98, 0x5, 0xea, 0xc5, 0x42,
    0xa0, 0x18, 0xda, 0xc0, 0x32, 0x4c, 0x6b, 0x60,
    0x0,

    /* U+0026 "&" */
    0x0, 0x86, 0xbf, 0xd4, 0x20, 0x1f, 0xb1, 0x2a,
    0x56, 0xc0, 0x3e, 0x42, 0xb5, 0x65, 0x40, 0xf,
    0x84, 0x18, 0x0, 0xca, 0x1, 0xf3, 0x82, 0x4,
    0x1c, 0x0, 0x7c, 0x47, 0x58, 0xd8, 0x60, 0x1f,
    0x98, 0x87, 0xcc, 0x2, 0x58, 0x0, 0xe, 0x29,
    0x91, 0x0, 0x35, 0x18, 0x2, 0x8f, 0x30, 0x5a,
    0x40, 0x6, 0xf, 0x2, 0x46, 0x30, 0xc0, 0xc3,
    0x18, 0x34, 0x6, 0x1, 0x0, 0xe, 0x1e, 0x60,
    0x78, 0x0, 0xa0, 0xc2, 0x0, 0x2e, 0x2, 0x30,
    0x8, 0x60, 0x7e, 0x1e, 0x70, 0x18, 0xf6, 0x84,
    0x1e, 0x89, 0xe1, 0x1b, 0xa7, 0x9d, 0xc2,

    /* U+0027 "'" */
    0x3f, 0xb1, 0x0, 0x18, 0x8, 0x80, 0x80, 0x7c,
    0x1c, 0xc0,

    /* U+0028 "(" */
    0x0, 0xfd, 0x34, 0x0, 0x26, 0xe0, 0x5, 0x92,
    0x0, 0x1a, 0xc0, 0xa, 0xe, 0x0, 0xf2, 0x10,
    0x3, 0xb8, 0x2, 0x22, 0x0, 0x4, 0x38, 0x0,
    0x60, 0x60, 0x18, 0xc0, 0x6, 0x2, 0x0, 0x10,
    0xf0, 0x8, 0xcc, 0x1, 0x2a, 0x80, 0x2d, 0x13,
    0x0, 0x20, 0xd8, 0x5, 0x2c, 0x1, 0x30, 0x30,
    0x0, 0x60, 0x40,

    /* U+0029 ")" */
    0x0, 0xf6, 0xa8, 0x4, 0xb6, 0x1, 0x48, 0xb0,
    0x0, 0x56, 0x80, 0x2f, 0x32, 0x0, 0x20, 0x20,
    0x0, 0x45, 0xe0, 0x12, 0xa8, 0x2, 0x11, 0x0,
    0x46, 0x60, 0xf, 0xc6, 0x60, 0x9, 0x98, 0x1,
    0x11, 0x0, 0x4, 0x38, 0x0, 0x40, 0x40, 0x5,
    0x28, 0x81, 0x1f, 0x0, 0x20, 0xd0, 0x2, 0xf0,
    0x0,

    /* U+002A "*" */
    0x0, 0xb8, 0xc0, 0x3c, 0x2c, 0x2, 0x11, 0xf6,
    0x11, 0xd8, 0x11, 0x4c, 0x5, 0x38, 0x0, 0x43,
    0x20, 0x21, 0x0, 0x41, 0xeb, 0xd8, 0x5, 0x18,
    0x11, 0xa0, 0x0,

    /* U+002B "+" */
    0x0, 0xc5, 0xe8, 0x1, 0xf8, 0x40, 0x3f, 0xf8,
    0xc2, 0x33, 0x80, 0x8e, 0x3, 0xee, 0xac, 0x2b,
    0xba, 0x52, 0xbb, 0xa4, 0x22, 0xee, 0x41, 0x44,
    0x94, 0xd, 0x12, 0x10, 0xf, 0xfe, 0xa8,

    /* U+002C "," */
    0x7, 0x50, 0x78, 0xa3, 0x41, 0x5, 0x3e, 0x3,
    0x7, 0x15, 0x98, 0xa0, 0xfd, 0x40,

    /* U+002D "-" */
    0x1, 0x1e, 0x1, 0xee, 0xe1, 0x15, 0xdf, 0x8,

    /* U+002E "." */
    0x1a, 0x70, 0x95, 0x81, 0xb1, 0x41,

    /* U+002F "/" */
    0x0, 0xf7, 0x30, 0x7, 0x20, 0xb8, 0x7, 0x69,
    0x88, 0x7, 0x3d, 0x80, 0x71, 0x8a, 0x80, 0x75,
    0x91, 0x0, 0x39, 0x68, 0x3, 0x88, 0x8a, 0x1,
    0xca, 0x44, 0x0, 0xeb, 0x50, 0xe, 0x13, 0xb0,
    0xe, 0x71, 0x30, 0xe, 0xd7, 0x0, 0xe1, 0x4d,
    0x0, 0xe4, 0x4, 0x0, 0xef, 0x50, 0xf, 0x2f,
    0x80, 0x72, 0x2, 0x80, 0x76, 0xa0, 0x7, 0x80,

    /* U+0030 "0" */
    0x0, 0x3e, 0xff, 0x40, 0x6, 0x98, 0x68, 0x47,
    0xb0, 0x1, 0xb2, 0x5b, 0xd3, 0x22, 0x2, 0x82,
    0x0, 0x28, 0xf, 0x5, 0x3, 0x0, 0x84, 0x94,
    0x8, 0x80, 0x1c, 0xc2, 0x2, 0x20, 0xe, 0x10,
    0x10, 0xf, 0xf0, 0x88, 0x3, 0x84, 0x4, 0x88,
    0x1, 0xcc, 0x20, 0x80, 0x60, 0x10, 0x92, 0x5,
    0x4, 0x0, 0x50, 0x1c, 0x4, 0xe9, 0x8f, 0x6c,
    0xa8, 0x0, 0x89, 0x18, 0x57, 0xa0, 0x0,

    /* U+0031 "1" */
    0x0, 0x24, 0xfe, 0x80, 0x69, 0xb6, 0x0, 0xf4,
    0xf7, 0x0, 0x3e, 0x11, 0x0, 0x7f, 0xff, 0xc0,
    0x3, 0x11, 0x1, 0xc4, 0x18, 0x9d, 0xe0, 0x17,
    0x75, 0x0,

    /* U+0032 "2" */
    0x0, 0x26, 0x7f, 0xb5, 0x80, 0x34, 0xd8, 0x3b,
    0x82, 0x64, 0x1, 0x14, 0x64, 0x43, 0x49, 0x88,
    0x1, 0x6e, 0x1, 0xa8, 0x1c, 0x3, 0xff, 0x8f,
    0xa0, 0xe0, 0x1f, 0xa, 0x99, 0x0, 0x7d, 0x61,
    0xe0, 0x1f, 0x32, 0xb9, 0x80, 0x79, 0x65, 0x20,
    0x3, 0xcb, 0x47, 0x60, 0x1e, 0x6a, 0x3c, 0x0,
    0xf4, 0xc8, 0x2d, 0xdf, 0x80, 0x98, 0x1, 0x11,
    0xe1,

    /* U+0033 "3" */
    0x0, 0x25, 0xff, 0xb6, 0x4, 0x1, 0x16, 0xce,
    0xe1, 0x7c, 0x0, 0x54, 0xec, 0x43, 0x14, 0x94,
    0x9, 0x80, 0x36, 0x1, 0x0, 0x7d, 0x80, 0x80,
    0x18, 0x92, 0x95, 0xcc, 0x2, 0x7d, 0xb5, 0x88,
    0x0, 0x65, 0xa8, 0x48, 0xb0, 0xc, 0x4a, 0xf7,
    0x29, 0x20, 0x1f, 0x30, 0x38, 0x7, 0xf0, 0x8b,
    0x10, 0x3, 0x30, 0x20, 0x2, 0xf2, 0x21, 0x72,
    0x32, 0x39, 0x20, 0xee, 0x56, 0xf2,

    /* U+0034 "4" */
    0x0, 0xf6, 0xfc, 0x0, 0x7d, 0x4, 0x1, 0xf8,
    0xdd, 0x40, 0x3f, 0x70, 0xc8, 0x7, 0xd0, 0x56,
    0x1, 0xf1, 0xba, 0xa8, 0x3, 0xee, 0x1a, 0x0,
    0xfa, 0xa, 0x80, 0x3e, 0x37, 0x56, 0x22, 0x38,
    0x9, 0xd, 0x2, 0xee, 0xd6, 0xd, 0xad, 0x55,
    0xe8, 0x5, 0xa5, 0x35, 0x5e, 0x40, 0x25, 0x20,
    0xf, 0xfe, 0x50,

    /* U+0035 "5" */
    0x0, 0x6f, 0xff, 0x94, 0x2, 0x31, 0x77, 0xf0,
    0x4, 0x2b, 0x11, 0xc4, 0x1, 0x88, 0x3, 0xf1,
    0x0, 0x80, 0x80, 0x78, 0x41, 0x7f, 0xbf, 0xc,
    0x2, 0x11, 0x3d, 0x51, 0x8f, 0xc, 0x0, 0x5d,
    0x4a, 0xa9, 0xa0, 0xf0, 0xf, 0xca, 0x26, 0x1,
    0xfc, 0x60, 0x1f, 0xe2, 0x10, 0x1b, 0x30, 0xd,
    0x20, 0xc0, 0x6d, 0x98, 0x88, 0x6b, 0x1c, 0x1,
    0x6c, 0x83, 0xb8, 0x23, 0x0, 0x0,

    /* U+0036 "6" */
    0x0, 0xc, 0xf7, 0xf4, 0x88, 0x0, 0xbd, 0x91,
    0xdc, 0xd4, 0x0, 0xe1, 0xca, 0x89, 0xea, 0x4,
    0x37, 0x30, 0x8, 0x44, 0x1a, 0x14, 0x1, 0xf2,
    0x81, 0xd7, 0xfb, 0x9c, 0x0, 0x21, 0xe1, 0x54,
    0x28, 0x70, 0xa, 0xe9, 0x55, 0x83, 0x0, 0x1,
    0x50, 0xc, 0xe0, 0x4e, 0x20, 0x1c, 0x20, 0x38,
    0xa, 0x1, 0x88, 0x9, 0xc6, 0x0, 0x22, 0x53,
    0x11, 0x59, 0x6b, 0xc6, 0x7, 0x80, 0x16, 0xda,
    0x1d, 0x74, 0xc0,

    /* U+0037 "7" */
    0xf, 0xff, 0xe2, 0x7, 0x7f, 0x30, 0x19, 0x4,
    0x47, 0x80, 0x1c, 0x1, 0xf1, 0xb4, 0x90, 0x7,
    0xde, 0x4c, 0x1, 0xf2, 0x1d, 0x80, 0x7e, 0xf0,
    0x60, 0xf, 0xc8, 0x80, 0xf, 0xca, 0x18, 0x1,
    0xfb, 0x40, 0xc0, 0x3f, 0x18, 0x30, 0x7, 0xe6,
    0x2, 0x0, 0xfc, 0x40, 0x1f, 0xf0, 0x80, 0x70,

    /* U+0038 "8" */
    0x0, 0xa3, 0x7f, 0xa8, 0x80, 0x35, 0xba, 0x53,
    0x2e, 0x8, 0x0, 0xd1, 0xa5, 0x62, 0xc5, 0x80,
    0xc, 0x1a, 0x1, 0x20, 0x68, 0x1, 0xc0, 0xc0,
    0x3b, 0x40, 0x4, 0xd0, 0x60, 0x5, 0x16, 0x0,
    0xa5, 0x32, 0x96, 0x34, 0x40, 0x29, 0x5b, 0x2b,
    0x2b, 0x0, 0xa1, 0xb1, 0x23, 0x99, 0xe4, 0x0,
    0xea, 0x40, 0x14, 0x9b, 0x8, 0x80, 0xc0, 0x39,
    0x40, 0xc4, 0x9c, 0x40, 0x32, 0x1, 0x4, 0x8f,
    0xc2, 0xbe, 0x94, 0x80, 0x13, 0x51, 0xaa, 0x1a,
    0xd8, 0x0,

    /* U+0039 "9" */
    0x0, 0x15, 0xff, 0xb1, 0x40, 0x31, 0xea, 0xbc,
    0x5, 0x38, 0x5, 0xe1, 0x90, 0xf8, 0xb0, 0x60,
    0x26, 0xa4, 0x1, 0x40, 0x50, 0x4, 0x60, 0x18,
    0x88, 0x80, 0x20, 0x80, 0x18, 0x4c, 0x80, 0xc,
    0x54, 0x42, 0xde, 0x1, 0xa5, 0x97, 0x7a, 0x29,
    0x40, 0x34, 0xf6, 0x63, 0x91, 0x88, 0x3, 0x9,
    0x98, 0x4, 0x98, 0x3, 0xf3, 0x87, 0x0, 0x5,
    0x0, 0x22, 0x81, 0x50, 0x4, 0x5d, 0xa2, 0xb4,
    0x74, 0x2, 0x98, 0x67, 0x45, 0xd3, 0x0, 0x0,

    /* U+003A ":" */
    0x3e, 0xb0, 0xb1, 0x41, 0xa4, 0x81, 0x2b, 0x70,
    0xf, 0xfe, 0x28, 0xd3, 0x84, 0xac, 0xd, 0x8a,
    0x8,

    /* U+003B ";" */
    0x3e, 0xb0, 0xb1, 0x41, 0xa4, 0x81, 0x2b, 0x70,
    0xf, 0xfe, 0x33, 0xa8, 0x3c, 0x51, 0xa0, 0x82,
    0x9f, 0x1, 0x83, 0x8a, 0xcc, 0x50, 0x7e, 0xa0,
    0x0,

    /* U+003C "<" */
    0x0, 0xfc, 0x2c, 0x80, 0x1e, 0x4a, 0xe9, 0x10,
    0x8, 0x5f, 0x6d, 0xe3, 0x94, 0x16, 0xfa, 0x53,
    0x35, 0xc4, 0xe, 0x96, 0xba, 0x4c, 0x3, 0x12,
    0x8d, 0xc9, 0x80, 0x70, 0xd7, 0x4a, 0x66, 0xc1,
    0x0, 0x61, 0x7d, 0xc4, 0x7d, 0xc3, 0x0, 0xe3,
    0x9f, 0x90, 0x60, 0xf, 0xcd, 0x8a,

    /* U+003D "=" */
    0x3f, 0xff, 0xe5, 0x2a, 0xaf, 0xe7, 0x15, 0x5f,
    0xe2, 0x0, 0xff, 0xe0, 0x8, 0xff, 0x1, 0xf7,
    0x7f, 0x29, 0x5d, 0xff, 0x20,

    /* U+003E ">" */
    0x27, 0x10, 0xf, 0xc3, 0x1d, 0x6a, 0x1, 0xe3,
    0xe8, 0x7a, 0xe8, 0x20, 0xc, 0x2f, 0x9a, 0xcc,
    0xdc, 0x50, 0xe, 0x28, 0xeb, 0x2a, 0x50, 0xe,
    0x38, 0xa1, 0x47, 0x0, 0xb, 0xee, 0x33, 0x3a,
    0xc8, 0x6f, 0xa1, 0xef, 0xa0, 0x40, 0x4, 0xd1,
    0xd4, 0x80, 0x1c, 0x7a, 0xe2, 0x1, 0xf0,

    /* U+003F "?" */
    0x0, 0x3e, 0xff, 0x51, 0x0, 0x32, 0x1d, 0xca,
    0xac, 0x0, 0x46, 0xd4, 0x5b, 0xa, 0x82, 0x10,
    0x5, 0xe0, 0x60, 0x1e, 0xd0, 0x70, 0xe, 0x74,
    0x91, 0x0, 0xcd, 0xe, 0xc0, 0x18, 0x65, 0x20,
    0x3, 0x9c, 0x3c, 0x3, 0xc4, 0xca, 0x1, 0xe4,
    0x91, 0x0, 0xf2, 0xd9, 0x80, 0x7a, 0x12, 0x0,
    0x3c, 0xa1, 0xa0, 0x10,

    /* U+0040 "@" */
    0x0, 0xe2, 0x8c, 0xff, 0x76, 0x38, 0x80, 0x7d,
    0x3a, 0x97, 0x6c, 0xa4, 0x9f, 0x40, 0xc, 0x3a,
    0x97, 0x8e, 0x86, 0x91, 0xcf, 0x66, 0x1, 0x60,
    0xe2, 0x0, 0x7d, 0x2b, 0xc0, 0x9, 0x3d, 0x10,
    0xf, 0xeb, 0x25, 0x16, 0x81, 0x0, 0x1e, 0x7f,
    0x37, 0x80, 0x5, 0x31, 0x85, 0x80, 0x7, 0x8f,
    0x71, 0x24, 0x1, 0x19, 0x62, 0x0, 0x5e, 0x76,
    0x8c, 0x6e, 0x1, 0x9d, 0x88, 0x0, 0x66, 0x80,
    0x8, 0xf4, 0x2, 0x17, 0xf, 0x0, 0x28, 0x28,
    0x0, 0x41, 0x0, 0x24, 0xc0, 0xf0, 0xf, 0x90,
    0x8, 0x0, 0xa4, 0xae, 0x60, 0x5, 0x9, 0x4,
    0x80, 0x60, 0x5a, 0x82, 0xf4, 0x10, 0x38, 0x7f,
    0x9f, 0x78, 0xfa, 0x97, 0x5, 0x1b, 0x0, 0x3f,
    0x6e, 0x8a, 0x3b, 0x7d, 0x80, 0x2a, 0x59, 0x0,
    0x9, 0x0, 0x42, 0x40, 0x1c, 0x96, 0xfc, 0xe4,
    0x0, 0x25, 0xa0, 0xf, 0x93, 0xda, 0xb7, 0xfd,
    0xb1, 0xa0, 0x1f, 0x86, 0x37, 0xb7, 0x5f, 0xae,
    0x1, 0xc0,

    /* U+0041 "A" */
    0x0, 0xc5, 0xfe, 0x40, 0xf, 0xe5, 0x1, 0xe0,
    0xf, 0xea, 0x57, 0x50, 0xf, 0xc6, 0x5f, 0xa0,
    0xa0, 0x1f, 0x58, 0x22, 0x3, 0x80, 0x3e, 0x64,
    0x10, 0x54, 0x10, 0xe, 0x41, 0xd0, 0x7, 0x83,
    0x80, 0x76, 0x82, 0x91, 0x1c, 0x28, 0x3, 0x98,
    0x33, 0x76, 0x3, 0x10, 0x9, 0x41, 0xaa, 0xb3,
    0x83, 0x0, 0x5e, 0x10, 0xab, 0xa0, 0x28, 0x0,
    0x2a, 0x62, 0x1, 0xc8, 0x46, 0xe, 0x14, 0x1,
    0xee, 0xb, 0xd, 0x7, 0x0, 0xf2, 0x3, 0x0,

    /* U+0042 "B" */
    0xff, 0xee, 0xc7, 0x0, 0xc3, 0x11, 0x30, 0xc6,
    0x0, 0x46, 0xef, 0x46, 0xa1, 0xa0, 0x7, 0xec,
    0x2, 0x0, 0xfd, 0xa0, 0xa0, 0x3, 0x11, 0x8e,
    0x55, 0x46, 0x0, 0x1e, 0xeb, 0x19, 0x2c, 0x2,
    0x1b, 0xba, 0x9d, 0x79, 0x0, 0x6, 0x89, 0x2c,
    0x78, 0xd0, 0x7, 0xe1, 0x71, 0x30, 0xf, 0xc6,
    0x2, 0x1, 0xf2, 0x28, 0x90, 0x1b, 0xbd, 0x19,
    0x61, 0xa0, 0x1, 0x88, 0x9c, 0x5f, 0x8c, 0x0,

    /* U+0043 "C" */
    0x0, 0x8e, 0xbb, 0xfa, 0x8c, 0x3, 0x46, 0x29,
    0x2a, 0xd8, 0xa0, 0x7, 0x71, 0x6e, 0x55, 0xf3,
    0x20, 0xc, 0xe, 0x10, 0x4, 0x32, 0x20, 0xc1,
    0x22, 0x1, 0xfb, 0x1, 0x0, 0x3f, 0x98, 0x8,
    0x3, 0xff, 0x92, 0xc0, 0x40, 0x1f, 0xc6, 0x8,
    0x1, 0xfd, 0x41, 0x22, 0x1, 0xf8, 0x9c, 0x74,
    0x80, 0x21, 0xa9, 0x0, 0x43, 0x1e, 0xdc, 0xdf,
    0x2f, 0x0, 0x53, 0x68, 0xac, 0xa9, 0x8e, 0x0,

    /* U+0044 "D" */
    0xff, 0xed, 0x92, 0x0, 0xc3, 0x10, 0x71, 0x6d,
    0x70, 0x8, 0xdd, 0xd1, 0x98, 0x18, 0x60, 0xf,
    0x8f, 0x2, 0x0, 0x3f, 0x12, 0x8a, 0x0, 0x7e,
    0xd0, 0x30, 0xf, 0xc4, 0x1e, 0x1, 0xff, 0xc7,
    0x20, 0xf0, 0xf, 0xd8, 0x8, 0x1, 0xf1, 0xa0,
    0x98, 0x7, 0x8f, 0x42, 0xc0, 0x7, 0x10, 0x9c,
    0xc0, 0xc2, 0x80, 0x5, 0xdc, 0xc2, 0xda, 0xe0,
    0x0,

    /* U+0045 "E" */
    0xff, 0xfc, 0xe0, 0x2e, 0xfe, 0x40, 0x38, 0x8f,
    0x18, 0x7, 0xff, 0x1c, 0xa6, 0x78, 0xc0, 0x26,
    0x6e, 0x50, 0x1, 0x7f, 0xf3, 0x0, 0x7f, 0xf6,
    0x8a, 0x67, 0xcc, 0x0, 0x66, 0xf6, 0x80,

    /* U+0046 "F" */
    0xff, 0xfc, 0xe0, 0x2e, 0xfe, 0x40, 0x38, 0x8f,
    0x18, 0x7, 0xff, 0x40, 0xbf, 0xf9, 0xc0, 0x2,
    0xef, 0xc8, 0x0, 0x38, 0x8e, 0x30, 0xf, 0xff,
    0x10,

    /* U+0047 "G" */
    0x0, 0x8a, 0x77, 0xfd, 0x8c, 0x1, 0x9f, 0x58,
    0x55, 0x43, 0x36, 0x0, 0x78, 0x2c, 0xc5, 0x53,
    0x6b, 0x40, 0x60, 0x30, 0xc0, 0x32, 0xb0, 0x30,
    0x38, 0x80, 0x7e, 0xc0, 0xb0, 0xf, 0xe6, 0x2,
    0x0, 0x92, 0x23, 0x10, 0x7, 0xb1, 0xdf, 0x33,
    0x0, 0x80, 0x28, 0xff, 0x48, 0x0, 0xc1, 0x0,
    0x3f, 0xa8, 0x24, 0x40, 0x3f, 0x13, 0x8e, 0x10,
    0x6, 0xe0, 0xa, 0x18, 0xb7, 0x26, 0xb5, 0xc5,
    0x80, 0x13, 0x8a, 0x4c, 0xa3, 0x1c, 0x40,

    /* U+0048 "H" */
    0xfd, 0x0, 0xf2, 0x7c, 0x80, 0x7f, 0xf8, 0x4a,
    0x67, 0xde, 0x1, 0x99, 0xbc, 0x80, 0x11, 0x7f,
    0xfa, 0xc0, 0x3f, 0xff, 0x0,

    /* U+0049 "I" */
    0xfd, 0x0, 0xff, 0xe7, 0x0,

    /* U+004A "J" */
    0x0, 0xf0, 0xfe, 0x0, 0x7f, 0xff, 0xc0, 0x3f,
    0xf8, 0x6, 0xe, 0x39, 0x0, 0x15, 0x6, 0xb,
    0xbb, 0x27, 0x1c, 0x58, 0x2e, 0x5, 0x8d, 0x70,
    0x40,

    /* U+004B "K" */
    0xfd, 0x0, 0xe6, 0xfb, 0x0, 0xf9, 0x24, 0xec,
    0x3, 0xc7, 0x63, 0xa0, 0x1e, 0x1d, 0xc, 0x10,
    0xf, 0x60, 0xd9, 0x0, 0x7a, 0xc9, 0x10, 0x1,
    0xea, 0x41, 0x44, 0x0, 0x71, 0x2a, 0xb0, 0x24,
    0x3, 0xc7, 0x44, 0xe4, 0xe0, 0x18, 0x74, 0x1,
    0x3, 0x4, 0x1, 0x18, 0x80, 0x56, 0x12, 0x1,
    0xf9, 0x51, 0xa, 0x1, 0xfa, 0x42, 0xc0, 0x3f,
    0x13, 0x8c, 0x0,

    /* U+004C "L" */
    0xfd, 0x0, 0xff, 0xff, 0x80, 0x7f, 0xf5, 0xa,
    0x67, 0xc4, 0x0, 0x66, 0xf8,

    /* U+004D "M" */
    0xff, 0x30, 0x7, 0x8f, 0xfc, 0x60, 0xa, 0x0,
    0xf5, 0x0, 0x62, 0x32, 0x0, 0xe7, 0x20, 0x9,
    0x2, 0x80, 0x32, 0x8a, 0x80, 0x46, 0xcc, 0x0,
    0xde, 0x7c, 0x1, 0xa8, 0x50, 0x0, 0x2b, 0x42,
    0x1, 0x9, 0x97, 0x0, 0x1c, 0x1f, 0xc0, 0x3a,
    0x94, 0x42, 0x94, 0x40, 0x3c, 0xc0, 0xe4, 0x7c,
    0x1, 0xf0, 0xa5, 0x28, 0xa0, 0x7, 0xee, 0x39,
    0x60, 0xf, 0xe5, 0x11, 0x50, 0x7, 0xfa, 0xe0,
    0x80, 0x3f, 0xca, 0xe0, 0x1e,

    /* U+004E "N" */
    0xff, 0x18, 0x7, 0x2f, 0xb8, 0x3, 0xc0, 0x3f,
    0x88, 0xd8, 0x3, 0xf2, 0x22, 0x44, 0x3, 0xe3,
    0x90, 0xb0, 0xf, 0x84, 0x99, 0x50, 0x3, 0xce,
    0x10, 0x32, 0x1, 0xf8, 0x60, 0x9c, 0x4, 0x3,
    0xcc, 0x70, 0x20, 0x1f, 0xbc, 0x2d, 0xc0, 0x3e,
    0x36, 0x56, 0x0, 0xfd, 0x23, 0x0, 0x1f, 0xd6,
    0x40, 0x1f, 0xca, 0x60, 0x0,

    /* U+004F "O" */
    0x0, 0x96, 0xfb, 0xfa, 0x8c, 0x3, 0xaa, 0x88,
    0xaa, 0x25, 0xc8, 0x0, 0xa5, 0x4f, 0xae, 0xb3,
    0x49, 0xd8, 0x9, 0x87, 0x4, 0x2, 0x2f, 0x9,
    0xa, 0x9, 0x0, 0xf1, 0x30, 0x29, 0x82, 0x0,
    0x7d, 0x81, 0x8c, 0x4, 0x1, 0xf3, 0x1, 0x80,
    0x7f, 0xf0, 0x58, 0x8, 0x3, 0xe6, 0x3, 0x30,
    0x20, 0x7, 0xde, 0x19, 0x41, 0x22, 0x1, 0xc4,
    0xa2, 0xa4, 0xe3, 0xa2, 0x1, 0x17, 0x84, 0x0,
    0x21, 0x4f, 0xae, 0x6f, 0x49, 0xd8, 0x2, 0xab,
    0x45, 0x65, 0x56, 0x40, 0x0,

    /* U+0050 "P" */
    0xff, 0xee, 0xc7, 0x0, 0x86, 0x22, 0x71, 0x8c,
    0x0, 0x1b, 0xbd, 0x3a, 0xa6, 0xc0, 0x1f, 0x48,
    0x60, 0x7, 0xff, 0x16, 0xc3, 0x40, 0xc8, 0xa4,
    0x97, 0x16, 0x1, 0xdd, 0xad, 0x97, 0xc4, 0x6,
    0xaa, 0xce, 0xa1, 0x0, 0x1a, 0xac, 0x62, 0x1,
    0xff, 0xdf,

    /* U+0051 "Q" */
    0x0, 0x96, 0xfb, 0xfa, 0x8c, 0x3, 0xaa, 0x88,
    0xaa, 0x25, 0xc8, 0x0, 0xa5, 0x4f, 0xae, 0xb3,
    0x49, 0xd8, 0x9, 0x87, 0x4, 0x2, 0x2f, 0x9,
    0xa, 0x9, 0x0, 0xf1, 0x30, 0x29, 0x82, 0x0,
    0x7d, 0x81, 0x8c, 0x4, 0x1, 0xf3, 0x1, 0x80,
    0x7f, 0xf0, 0x58, 0x8, 0x3, 0xe6, 0x3, 0x30,
    0x20, 0x7, 0xd8, 0x19, 0x41, 0x20, 0x1e, 0x16,
    0x15, 0x27, 0x1b, 0x0, 0xc3, 0x81, 0x0, 0x8,
    0x54, 0xe9, 0x8a, 0xe2, 0x76, 0x0, 0xaa, 0xd5,
    0x9d, 0x17, 0x20, 0x3, 0x92, 0xf0, 0xe, 0x8c,
    0x3, 0xf1, 0xb1, 0x62, 0x0, 0x4, 0x3, 0xd2,
    0xe7, 0x7f, 0xec, 0x0, 0xfa, 0x3a, 0x5d, 0xd0,

    /* U+0052 "R" */
    0xff, 0xf6, 0x40, 0x80, 0x43, 0x11, 0x30, 0xbe,
    0x0, 0x46, 0xef, 0x4e, 0xb1, 0x38, 0x7, 0xea,
    0xd, 0x0, 0xfc, 0x20, 0x20, 0x1f, 0xa8, 0xc,
    0x0, 0x64, 0x52, 0x4b, 0x8c, 0x80, 0x7, 0x76,
    0xb6, 0x4c, 0x10, 0x0, 0xd5, 0x1c, 0x12, 0xc8,
    0x2, 0x35, 0x54, 0x22, 0x14, 0x3, 0xf4, 0x85,
    0x80, 0x7e, 0x27, 0x19, 0x0, 0xfd, 0x4, 0xc6,
    0x1, 0xfa, 0x43, 0x80,

    /* U+0053 "S" */
    0x0, 0x97, 0x3f, 0xdd, 0x22, 0x1, 0xa2, 0x8d,
    0x54, 0x4d, 0xc8, 0x0, 0x27, 0x2e, 0xaa, 0x66,
    0xaa, 0x80, 0xe, 0xa, 0x20, 0x11, 0x50, 0x80,
    0x18, 0x10, 0x3, 0xf8, 0xd4, 0xf5, 0x80, 0x3f,
    0x54, 0x9c, 0xfc, 0x90, 0x7, 0x9b, 0xa9, 0x1b,
    0x64, 0x3, 0xe5, 0xbd, 0x36, 0x90, 0xf, 0xc5,
    0x82, 0xc0, 0x1f, 0xe3, 0x0, 0xab, 0x4c, 0x3,
    0x29, 0x18, 0x3, 0xb, 0x36, 0xa7, 0x28, 0x3c,
    0x0, 0xdc, 0xe0, 0xac, 0x2d, 0xc6, 0x0,

    /* U+0054 "T" */
    0x6f, 0xff, 0xf2, 0xa9, 0xdf, 0x0, 0x1d, 0xf3,
    0x1c, 0x46, 0x1, 0x88, 0xc6, 0x1, 0xff, 0xff,
    0x0, 0xff, 0xf6, 0x80,

    /* U+0055 "U" */
    0xf, 0xc0, 0xf, 0x27, 0xb8, 0x7, 0xff, 0xfc,
    0x3, 0xfe, 0x10, 0xf, 0x8, 0x6, 0x30, 0xf,
    0x18, 0x8, 0x20, 0x98, 0x7, 0x68, 0x28, 0x70,
    0x78, 0x80, 0x4c, 0x84, 0x60, 0xa8, 0x7d, 0x53,
    0x92, 0x1c, 0x1, 0x5c, 0x9a, 0xb1, 0x36, 0x98,
    0x0,

    /* U+0056 "V" */
    0xdf, 0x10, 0xf, 0x47, 0xad, 0x3, 0x80, 0x79,
    0x41, 0x54, 0x1a, 0x1, 0xc4, 0x45, 0x2, 0x22,
    0x8, 0x6, 0x50, 0xf0, 0x5, 0x2, 0x0, 0x6b,
    0x5, 0x0, 0x28, 0x78, 0x4, 0x26, 0xa0, 0x11,
    0x1a, 0x80, 0x4e, 0x1e, 0x1, 0xac, 0x14, 0x1,
    0xa0, 0xa0, 0x19, 0x43, 0x0, 0x8, 0xa0, 0x1c,
    0x46, 0xe0, 0xa1, 0xe0, 0x1e, 0xb1, 0x3c, 0x5,
    0x0, 0xf2, 0x85, 0xba, 0x80, 0x7c, 0x46, 0xe3,
    0xe0, 0x1f, 0xac, 0x0, 0xa0, 0x18,

    /* U+0057 "W" */
    0x6f, 0x80, 0xc, 0x5f, 0xa0, 0x1d, 0xbc, 0x8,
    0x6, 0x1, 0x90, 0x8, 0x40, 0x31, 0x28, 0x10,
    0xa8, 0x6, 0xc2, 0x4, 0x0, 0x90, 0x30, 0x0,
    0xa2, 0x40, 0x12, 0xd0, 0xe0, 0x4, 0x60, 0x60,
    0xc, 0x7, 0x0, 0x18, 0x1a, 0xb8, 0x5, 0xa0,
    0x80, 0x3, 0xd, 0x0, 0x20, 0x26, 0x9, 0x0,
    0x10, 0x80, 0x24, 0x3, 0x0, 0x61, 0x82, 0x2,
    0x0, 0x89, 0x0, 0x31, 0x28, 0x1, 0x10, 0x6,
    0x38, 0xa, 0x1e, 0x1, 0x90, 0x48, 0xc2, 0xc0,
    0x8, 0x80, 0x30, 0x50, 0xd, 0xe0, 0xe8, 0x6,
    0x0, 0xc1, 0x2d, 0x3, 0x0, 0xc8, 0x1b, 0x88,
    0x1, 0x20, 0x23, 0x98, 0x7, 0x10, 0x9a, 0xe0,
    0x4, 0x43, 0x84, 0x80, 0x1e, 0x54, 0x14, 0x0,
    0xc8, 0xa1, 0xa0, 0x1e, 0xc0, 0x13, 0x0, 0xde,
    0x0, 0x40, 0x8,

    /* U+0058 "X" */
    0x1f, 0xe0, 0xe, 0x5f, 0x80, 0x18, 0x17, 0x0,
    0xd6, 0x30, 0x0, 0x72, 0x81, 0x0, 0x38, 0xc0,
    0x6, 0x90, 0x80, 0x18, 0x36, 0x0, 0xc8, 0x86,
    0x29, 0xf, 0x0, 0xf4, 0x87, 0x3a, 0x98, 0x7,
    0x89, 0x8c, 0x2c, 0x3, 0xf2, 0x80, 0x8, 0x3,
    0xe6, 0x39, 0xe, 0x0, 0xf0, 0xc1, 0xb4, 0x13,
    0x0, 0x74, 0xc, 0x3, 0x8c, 0x88, 0x4, 0x6c,
    0x88, 0x0, 0x58, 0x58, 0x5, 0xe1, 0x20, 0x12,
    0x9a, 0x98, 0x29, 0xb1, 0x0, 0x6f, 0xe, 0x0,

    /* U+0059 "Y" */
    0xc, 0xf3, 0x0, 0xe8, 0xf6, 0x8, 0x9, 0x0,
    0xe7, 0x26, 0x4, 0x42, 0x90, 0x4, 0xe1, 0x0,
    0x14, 0x4, 0x0, 0x52, 0x4a, 0x1, 0x1a, 0x28,
    0x83, 0xc, 0x0, 0x74, 0x4, 0x85, 0x9a, 0x80,
    0x71, 0xa3, 0xb8, 0xa0, 0x3, 0xe8, 0x8, 0x34,
    0x0, 0xf8, 0xd0, 0x20, 0x3, 0xf8, 0x41, 0xc0,
    0x3f, 0xfd, 0x0,

    /* U+005A "Z" */
    0x4f, 0xff, 0xe0, 0x67, 0x7f, 0x20, 0x20, 0x14,
    0x47, 0x94, 0x28, 0x3, 0xe9, 0x1a, 0x10, 0xf,
    0x23, 0x2a, 0x80, 0x3c, 0x34, 0x36, 0x1, 0xf5,
    0x8d, 0x88, 0x7, 0x95, 0x70, 0x7, 0x86, 0xc6,
    0xc0, 0x3e, 0xa1, 0xa1, 0x0, 0xf3, 0x23, 0x20,
    0x7, 0x86, 0x4a, 0x40, 0x3e, 0xa0, 0x19, 0x9f,
    0x85, 0x0, 0xd9, 0xbe, 0x30,

    /* U+005B "[" */
    0xef, 0xf8, 0x41, 0xff, 0xc2, 0x1e, 0x1, 0xff,
    0xff, 0x0, 0xd1, 0xdc, 0x1f, 0xef, 0xf0, 0x80,

    /* U+005C "\\" */
    0x8c, 0x0, 0xf5, 0x98, 0x80, 0x71, 0x8b, 0x80,
    0x79, 0xf4, 0x3, 0xda, 0x82, 0x1, 0xc8, 0x8,
    0x1, 0xe5, 0xf0, 0xf, 0x7a, 0x80, 0x79, 0x41,
    0x0, 0x3c, 0x9a, 0x1, 0xed, 0x70, 0xf, 0x38,
    0x98, 0x7, 0x9, 0xd8, 0x7, 0xad, 0x40, 0x3c,
    0xa4, 0x40, 0xe, 0x22, 0x28, 0x7, 0x96, 0xc0,
    0x3d, 0x66, 0x20, 0x1c, 0x62, 0xe0,

    /* U+005D "]" */
    0x5f, 0xfa, 0x97, 0xfc, 0x80, 0x1f, 0xff, 0xf0,
    0xf, 0x27, 0x71, 0x1, 0x3f, 0xdd, 0x60,

    /* U+005E "^" */
    0x0, 0x8a, 0xc, 0x3, 0xd0, 0xfe, 0x1, 0xc2,
    0xaa, 0x32, 0x0, 0xcc, 0x16, 0x34, 0x1, 0xa9,
    0x45, 0x98, 0x1, 0x21, 0x70, 0x50, 0xa8, 0x3,
    0x85, 0x0, 0x8e, 0x40, 0x55, 0x80, 0x2a, 0x32,
    0x60, 0xa0, 0x9, 0xc2, 0xc0,

    /* U+005F "_" */
    0xbf, 0xff, 0xee, 0x9c, 0xcf, 0xf0,

    /* U+0060 "`" */
    0x0, 0xfa, 0x70, 0x3, 0x8e, 0x80, 0x29, 0x75,
    0x70, 0xa, 0x1e, 0x4, 0x2, 0x8d, 0x10,

    /* U+0061 "a" */
    0x1, 0x8d, 0xff, 0x59, 0x1, 0x73, 0xbc, 0xa9,
    0x80, 0x53, 0xd5, 0x14, 0xe2, 0xc0, 0xc2, 0x1,
    0x58, 0x78, 0x4, 0x91, 0x7c, 0x6, 0xd, 0xd6,
    0x79, 0x40, 0x6, 0x94, 0xeb, 0x75, 0x0, 0x68,
    0x50, 0x80, 0x73, 0x80, 0x80, 0x56, 0x0, 0xb0,
    0xc7, 0x8d, 0x50, 0x3, 0xb8, 0xe1, 0x6f, 0x4,
    0x0,

    /* U+0062 "b" */
    0x2f, 0xb0, 0xf, 0xfe, 0xf8, 0x80, 0x7f, 0xc5,
    0x5f, 0xec, 0x30, 0xc, 0xfa, 0x2e, 0xa7, 0x86,
    0x1, 0x15, 0xda, 0x2a, 0x81, 0xc0, 0x12, 0x20,
    0x2, 0x52, 0x28, 0x3, 0xf2, 0x3, 0x0, 0x7f,
    0x84, 0x3, 0xf1, 0x80, 0x80, 0x7e, 0x40, 0x40,
    0x3, 0x8, 0x5, 0x2, 0xc0, 0x11, 0xf5, 0x46,
    0x39, 0x40, 0x5, 0x74, 0xee, 0x27, 0xd1, 0x0,

    /* U+0063 "c" */
    0x0, 0x1d, 0xf7, 0xeb, 0x0, 0x1b, 0x11, 0xe,
    0x32, 0x47, 0x23, 0xb5, 0x19, 0xa5, 0x21, 0x64,
    0x1, 0x10, 0x20, 0x28, 0x7, 0x84, 0x40, 0x1f,
    0x8, 0x80, 0x3e, 0x40, 0x50, 0xf, 0x70, 0x40,
    0x80, 0x48, 0x8, 0xe5, 0xf3, 0x17, 0x66, 0x8,
    0xa2, 0x67, 0x74, 0xb0,

    /* U+0064 "d" */
    0x0, 0xf9, 0x3e, 0x40, 0x3f, 0xfb, 0xcb, 0x9f,
    0xd2, 0x20, 0x13, 0xd1, 0xb3, 0x12, 0x80, 0x7,
    0x3, 0xb3, 0x1a, 0xe0, 0x9, 0xb, 0x20, 0xb,
    0x0, 0xe, 0xa, 0x1, 0xf1, 0x80, 0x7f, 0xf1,
    0xd4, 0x10, 0x3, 0xed, 0x8, 0x0, 0xde, 0x0,
    0x63, 0x36, 0xc4, 0xf3, 0x80, 0x58, 0xe6, 0xe9,
    0x38, 0x0,

    /* U+0065 "e" */
    0x0, 0x26, 0x7f, 0xac, 0xc0, 0x27, 0xb1, 0x77,
    0x2e, 0x18, 0x1c, 0x1e, 0xc4, 0x3c, 0x60, 0x24,
    0x38, 0x2, 0x16, 0x41, 0x71, 0x20, 0xd, 0xc0,
    0x44, 0x1f, 0xfe, 0x90, 0x0, 0x8b, 0x33, 0xe3,
    0x41, 0x11, 0x9f, 0x82, 0x43, 0x80, 0x3e, 0x38,
    0x3e, 0x87, 0x8d, 0x80, 0x3, 0xda, 0xbc, 0x32,
    0x48, 0x0,

    /* U+0066 "f" */
    0x0, 0xa3, 0xbf, 0x40, 0x26, 0x72, 0x8a, 0x0,
    0xa8, 0x35, 0xdc, 0x1, 0x8, 0x8, 0x7, 0xfc,
    0xbe, 0x41, 0xfe, 0x40, 0x79, 0x10, 0x99, 0x28,
    0x13, 0x18, 0x33, 0x4, 0x3, 0xff, 0xea,

    /* U+0067 "g" */
    0x1, 0x8e, 0xff, 0xec, 0xc, 0x76, 0xa7, 0x1,
    0x98, 0x62, 0x88, 0x2c, 0x40, 0x49, 0x3c, 0x10,
    0x2, 0x40, 0x30, 0xf0, 0x60, 0x9, 0x80, 0x81,
    0x86, 0xd0, 0x12, 0xc9, 0x40, 0x10, 0x37, 0xf6,
    0xb8, 0x0, 0x29, 0x97, 0x67, 0x58, 0x80, 0x1c,
    0x8, 0x4c, 0x40, 0x33, 0x85, 0x43, 0xbc, 0xc2,
    0x4, 0xa2, 0xf1, 0x14, 0xf3, 0x3a, 0xef, 0xfe,
    0xb0, 0x89, 0x52, 0x0, 0xc8, 0x42, 0xe, 0x1,
    0xc6, 0x4b, 0x25, 0x8c, 0x88, 0x9c, 0x3b, 0x7a,
    0x79, 0xba, 0x59, 0xc1,

    /* U+0068 "h" */
    0x2f, 0xb0, 0xf, 0xfe, 0xd8, 0x80, 0x7f, 0x86,
    0x7b, 0xf0, 0xc0, 0x26, 0xf4, 0x73, 0x36, 0x80,
    0x47, 0x3b, 0x38, 0xa2, 0xa0, 0x4, 0x70, 0xb,
    0xc0, 0x80, 0x3e, 0x10, 0xf0, 0xf, 0xff, 0x80,

    /* U+0069 "i" */
    0x3f, 0xb6, 0x5, 0x55, 0xe0, 0x21, 0x0, 0x45,
    0xf6, 0x1, 0xff, 0xd2,

    /* U+006A "j" */
    0x0, 0x1f, 0xd8, 0x1, 0x41, 0x40, 0xd, 0x78,
    0x1, 0x21, 0x0, 0x7c, 0x5f, 0x60, 0x1f, 0xfe,
    0xf1, 0x0, 0x30, 0x1a, 0xbc, 0x86, 0xfc, 0x1c,
    0x20,

    /* U+006B "k" */
    0x2f, 0xa0, 0xf, 0xff, 0x49, 0x7e, 0x88, 0x7,
    0xbc, 0x3c, 0x40, 0x3a, 0x8a, 0x88, 0x3, 0x9d,
    0x5d, 0x40, 0x39, 0x20, 0x60, 0x3, 0x9a, 0x84,
    0x4c, 0x1, 0xc6, 0x1e, 0x50, 0x20, 0x1d, 0xa3,
    0xc3, 0x60, 0x19, 0x4c, 0xd, 0x54, 0x80, 0x1f,
    0x58, 0x48, 0x7, 0xc3, 0x25, 0x0,

    /* U+006C "l" */
    0x2f, 0xb0, 0xf, 0xff, 0x49, 0x82, 0xa8, 0x5c,
    0x78,

    /* U+006D "m" */
    0x2f, 0x61, 0xaf, 0xf5, 0x8, 0x26, 0x7f, 0x30,
    0x5, 0x9e, 0xcc, 0x25, 0xb7, 0xb6, 0x51, 0x93,
    0x0, 0x2c, 0xe4, 0xe8, 0xad, 0x6d, 0x52, 0x42,
    0x80, 0x8, 0xe0, 0x12, 0x4, 0x90, 0x1, 0xc1,
    0x40, 0x3e, 0x30, 0x70, 0x8, 0x40, 0x40, 0x3f,
    0xff, 0xe0, 0x1f, 0xfc, 0x90,

    /* U+006E "n" */
    0x2f, 0x61, 0x9e, 0xfc, 0x30, 0xb, 0x3d, 0x1c,
    0xcd, 0xa0, 0x12, 0xce, 0xce, 0x28, 0xa8, 0x1,
    0x1c, 0x2, 0xf0, 0x20, 0xf, 0x84, 0x3c, 0x3,
    0xff, 0xe0,

    /* U+006F "o" */
    0x0, 0x25, 0xff, 0xb1, 0x40, 0x33, 0xda, 0xb3,
    0xa, 0xa4, 0x0, 0x70, 0x5f, 0x32, 0xe3, 0x65,
    0x9, 0x9, 0x10, 0xb, 0x82, 0x41, 0x1, 0x0,
    0x31, 0x9, 0x80, 0x88, 0x3, 0xc4, 0x2, 0x30,
    0x7, 0x84, 0x5, 0x1, 0x0, 0x31, 0x10, 0xc2,
    0x42, 0x44, 0x2, 0x90, 0x90, 0x38, 0x2f, 0x98,
    0xd4, 0x65, 0x0, 0x3d, 0xab, 0x38, 0xd4, 0x80,
    0x0,

    /* U+0070 "p" */
    0x2f, 0x62, 0xaf, 0xf6, 0x18, 0x6, 0xad, 0x17,
    0x53, 0xc4, 0x0, 0x8e, 0xed, 0x15, 0x40, 0x90,
    0x9, 0x10, 0x1, 0x29, 0x14, 0x1, 0xf9, 0x1,
    0x80, 0x3f, 0xc2, 0x1, 0xf8, 0xc0, 0x40, 0x3f,
    0x20, 0x20, 0x1, 0x84, 0x2, 0x81, 0x60, 0x8,
    0xba, 0xa3, 0x1c, 0xa0, 0x2, 0x5a, 0x77, 0x13,
    0xe8, 0x80, 0x65, 0xdf, 0xe8, 0x0, 0xe1, 0x0,
    0xff, 0xee, 0x80,

    /* U+0071 "q" */
    0x0, 0x2e, 0x7f, 0x51, 0x7c, 0x83, 0xd1, 0xb3,
    0x1f, 0x40, 0x7, 0x3, 0xb3, 0x1a, 0xe0, 0x9,
    0xb, 0x20, 0xb, 0x0, 0xe, 0xa, 0x1, 0xf1,
    0x80, 0x7f, 0xf1, 0xd4, 0x10, 0x3, 0xed, 0x8,
    0x0, 0xde, 0x0, 0x63, 0x36, 0xc4, 0xf3, 0x0,
    0x58, 0xe6, 0xe9, 0x32, 0x0, 0xd1, 0xdf, 0xae,
    0x1, 0xff, 0xdf,

    /* U+0072 "r" */
    0x2f, 0x61, 0xbf, 0xb0, 0x7, 0x7b, 0x2e, 0x80,
    0x1d, 0x36, 0x98, 0x0, 0x34, 0x1, 0xca, 0x1,
    0xff, 0xe2,

    /* U+0073 "s" */
    0x0, 0x2e, 0x7f, 0xb1, 0x0, 0xb, 0x43, 0x10,
    0xb, 0x10, 0xe0, 0xc7, 0x76, 0x68, 0x80, 0x44,
    0x1, 0x10, 0x2, 0x3, 0x24, 0xc0, 0x31, 0xeb,
    0x33, 0x30, 0x80, 0x11, 0x4f, 0x41, 0x59, 0x80,
    0x61, 0x7a, 0xa, 0x6, 0x10, 0xe, 0x12, 0x9e,
    0x96, 0x7a, 0xa, 0x2d, 0x64, 0x98, 0x5c, 0x20,

    /* U+0074 "t" */
    0x0, 0x4f, 0x80, 0x78, 0xc0, 0x3e, 0x10, 0xe,
    0x7f, 0x40, 0xff, 0x81, 0x64, 0x42, 0x65, 0x40,
    0x4c, 0x60, 0xcc, 0x50, 0xf, 0xfe, 0xfb, 0x1,
    0x0, 0x76, 0x7, 0xbc, 0x80, 0x4e, 0xc7, 0x8,
    0x20,

    /* U+0075 "u" */
    0x5f, 0x80, 0xd, 0x1e, 0xa0, 0x1f, 0xff, 0x1,
    0x1, 0x0, 0xc2, 0x0, 0x60, 0x40, 0x9, 0x58,
    0x0, 0x46, 0x5b, 0x37, 0x4e, 0x1, 0x6a, 0x13,
    0x6, 0xd8, 0x0,

    /* U+0076 "v" */
    0x8f, 0x50, 0xe, 0xcf, 0xb, 0xf, 0x0, 0xc4,
    0x6a, 0x6, 0x4a, 0x1, 0x94, 0x38, 0x1, 0x40,
    0x80, 0x15, 0x8a, 0x0, 0x14, 0x38, 0x0, 0x46,
    0xe0, 0x11, 0x1a, 0x0, 0x14, 0x28, 0x3, 0x50,
    0xa0, 0x58, 0x98, 0x6, 0x70, 0xd1, 0x36, 0x0,
    0xe1, 0x47, 0x70, 0x50, 0x7, 0xb8, 0x60, 0x88,
    0x1, 0xe5, 0x1, 0xa0, 0xc,

    /* U+0077 "w" */
    0x5f, 0x80, 0xd, 0xde, 0x20, 0x12, 0xfb, 0x28,
    0x20, 0x4, 0x62, 0x8, 0x1, 0x60, 0x38, 0x19,
    0x80, 0x24, 0x23, 0xc0, 0x9, 0x8, 0x42, 0xc1,
    0x0, 0x18, 0x8a, 0xe0, 0x1, 0x24, 0x0, 0x20,
    0x60, 0x1, 0x33, 0x2, 0x40, 0x81, 0x80, 0x3,
    0x14, 0x4, 0x4, 0x40, 0x20, 0x60, 0x28, 0x4,
    0x86, 0x18, 0x42, 0x22, 0xd0, 0x43, 0x0, 0xd8,
    0x8, 0x90, 0x1, 0x14, 0x49, 0x0, 0x33, 0x86,
    0x1e, 0x0, 0x34, 0x58, 0x2c, 0x3, 0x9, 0x30,
    0x20, 0x1, 0x2, 0x40, 0xc0, 0x39, 0x4, 0x84,
    0x2, 0x31, 0x40, 0x8,

    /* U+0078 "x" */
    0x2f, 0xd0, 0xd, 0x9e, 0x25, 0x4, 0xe0, 0x5,
    0x38, 0x10, 0x72, 0x81, 0xb, 0x27, 0x0, 0xb8,
    0x2d, 0x86, 0x40, 0x31, 0xb2, 0xca, 0xa0, 0x7,
    0x68, 0x2, 0x40, 0x3d, 0x24, 0x1e, 0x1, 0xd0,
    0x5d, 0x6, 0xc0, 0x11, 0x3a, 0x9b, 0x94, 0x88,
    0x3, 0x82, 0xc0, 0x12, 0x14, 0xc, 0x6e, 0x20,
    0x4, 0x54, 0x50,

    /* U+0079 "y" */
    0x8f, 0x50, 0xe, 0xcf, 0xa, 0xf, 0x0, 0xc2,
    0x6a, 0x4, 0x6a, 0x20, 0x13, 0x87, 0x80, 0x28,
    0x1c, 0x2, 0xd0, 0x50, 0x3, 0x5, 0x0, 0x5,
    0x14, 0x3, 0x31, 0x88, 0x20, 0x70, 0x6, 0xa0,
    0x60, 0xf0, 0x40, 0xc, 0x65, 0x60, 0x8a, 0x1,
    0xea, 0x35, 0x1e, 0x0, 0xf3, 0x5, 0x8a, 0x0,
    0x78, 0x54, 0x50, 0x3, 0xf6, 0x87, 0x0, 0x7e,
    0xb1, 0x40, 0xf, 0x94, 0xe4, 0x3, 0xd1, 0x34,
    0x4e, 0x1, 0xc4, 0xec, 0xb8, 0x1, 0xe0,

    /* U+007A "z" */
    0xb, 0xff, 0xf5, 0x87, 0x44, 0x62, 0xd, 0x5,
    0x77, 0x8c, 0x91, 0x80, 0x3a, 0x82, 0x80, 0x3a,
    0x46, 0x44, 0x3, 0x23, 0x23, 0x0, 0x75, 0xd,
    0x0, 0x74, 0x8d, 0x88, 0x6, 0x46, 0x45, 0x0,
    0xea, 0x2, 0x77, 0xcc, 0x82, 0xd, 0x11, 0xc0,

    /* U+007B "{" */
    0x0, 0xa7, 0xfc, 0x20, 0x5, 0x69, 0xf1, 0x0,
    0x10, 0x30, 0x6, 0xf0, 0xf, 0x78, 0x7, 0x84,
    0x3, 0xc6, 0x2, 0x1, 0xfe, 0x19, 0x11, 0x0,
    0xf, 0x8e, 0x80, 0x23, 0xb2, 0x80, 0xc, 0x96,
    0x60, 0x1c, 0x60, 0x20, 0x18, 0xc0, 0x3c, 0x20,
    0x20, 0x1b, 0xc0, 0x3f, 0xf8, 0x3a, 0x8, 0x1,
    0x95, 0x2f, 0x84, 0x2, 0xbe, 0xf1,

    /* U+007C "|" */
    0xf5, 0x0, 0xff, 0xef, 0x0,

    /* U+007D "}" */
    0x5f, 0xe7, 0x0, 0x2f, 0x3c, 0x8, 0x0, 0x74,
    0x14, 0x2, 0x70, 0xe, 0x70, 0x70, 0xe, 0x10,
    0xe, 0x30, 0xe, 0x30, 0x9, 0x42, 0xc0, 0x21,
    0x96, 0xf0, 0x0, 0xca, 0x60, 0x1, 0x42, 0x4c,
    0x3, 0x18, 0x7, 0x18, 0x7, 0x8, 0x4, 0xe0,
    0xe0, 0x1f, 0xd6, 0xc, 0x9, 0xee, 0xe2, 0x4,
    0xef, 0x80, 0x0,

    /* U+007E "~" */
    0x0, 0xff, 0xe0, 0xe, 0x7f, 0x20, 0x4, 0x80,
    0xc, 0x7b, 0x4b, 0x82, 0x8b, 0x10, 0xab, 0x4a,
    0x97, 0xd7, 0xb1, 0x7, 0x0, 0x9b, 0xb3, 0x90,
    0x0,

    /* U+4E09 "三" */
    0xb, 0xff, 0xff, 0xe1, 0x28, 0x3, 0x59, 0xbf,
    0xf8, 0x60, 0x6, 0x99, 0xff, 0xe1, 0x18, 0x7,
    0xff, 0xb4, 0xdd, 0xff, 0xe5, 0x0, 0xe4, 0x88,
    0xff, 0xe0, 0x0, 0x73, 0xff, 0xff, 0xda, 0x1,
    0xff, 0xff, 0x67, 0x7f, 0xfe, 0x21, 0xc4, 0x7f,
    0xf1, 0x53, 0xbf, 0xff, 0xf8, 0x8e,

    /* U+4E0D "不" */
    0x6, 0x88, 0xff, 0xe2, 0x18, 0x5b, 0xbf, 0xff,
    0x11, 0x43, 0x7f, 0xfe, 0xb0, 0x4f, 0xff, 0x30,
    0x7, 0xf4, 0x84, 0x80, 0x7f, 0xf0, 0xe4, 0x94,
    0x80, 0x3f, 0xf8, 0x4c, 0xc0, 0x31, 0x30, 0xf,
    0xfe, 0x2, 0x48, 0x80, 0x2b, 0x20, 0x3, 0xfc,
    0xb6, 0x38, 0x0, 0xb6, 0x7c, 0x10, 0xf, 0x9e,
    0x87, 0x8, 0x2, 0x99, 0x1f, 0xa0, 0x6, 0x1a,
    0x82, 0xf2, 0x0, 0xe6, 0xc0, 0xb6, 0x0, 0x2f,
    0xaa, 0xb4, 0x40, 0x3e, 0x3f, 0x29, 0x71, 0xb0,
    0xaa, 0x0, 0x7f, 0x87, 0x8, 0x7, 0x7d, 0x40,
    0x3f, 0xf8, 0x3, 0xae, 0x6, 0x20, 0x1f, 0xff,
    0xf0, 0xf, 0xfe, 0x28,

    /* U+4E2D "中" */
    0x0, 0xfa, 0x30, 0x3, 0xff, 0x86, 0x46, 0x1,
    0xff, 0xcd, 0x33, 0xf8, 0x40, 0xcf, 0xe1, 0xec,
    0xcf, 0x20, 0x66, 0x7c, 0xc0, 0x99, 0x9c, 0x81,
    0x99, 0xd6, 0x1, 0x9, 0x9f, 0x8, 0x19, 0xf2,
    0x80, 0x7f, 0xfa, 0x99, 0xdf, 0x98, 0x1d, 0xf9,
    0x80, 0x23, 0x88, 0xe3, 0x8, 0x8f, 0x0, 0x4b,
    0xff, 0xca, 0x1f, 0xfd, 0xc0, 0xe, 0x80, 0xf,
    0xfe, 0x0, 0xe3, 0x19, 0x0, 0x7f, 0xf0, 0x4c,
    0x40, 0x3f, 0xff, 0x0,

    /* U+4E3B "主" */
    0x0, 0xf0, 0xc1, 0x0, 0x7f, 0xf0, 0xc9, 0xb1,
    0x0, 0x3f, 0xf8, 0x47, 0xe7, 0x6a, 0x1, 0xff,
    0xc2, 0x1c, 0x3b, 0x10, 0xf, 0xb3, 0x3e, 0xd1,
    0xd, 0xcc, 0xd4, 0x0, 0x66, 0xf8, 0xcc, 0x8c,
    0xdc, 0x40, 0xa, 0xaf, 0x85, 0x6a, 0xbd, 0x0,
    0x1f, 0xfe, 0xc1, 0xff, 0xf0, 0xa7, 0xff, 0x80,
    0x33, 0xbf, 0x80, 0x9d, 0xfc, 0x1, 0xc, 0x47,
    0x85, 0xa2, 0x3c, 0x1, 0xff, 0xec, 0xcc, 0xfc,
    0x2b, 0x99, 0xf5, 0x3b, 0xfe, 0x45, 0x77, 0xf8,
    0xc0,

    /* U+4E49 "义" */
    0x0, 0xfc, 0xb2, 0x1, 0xff, 0xc7, 0x63, 0x0,
    0xc2, 0x40, 0x1e, 0x42, 0x0, 0x94, 0x64, 0x3,
    0x36, 0x98, 0x7, 0x4c, 0x80, 0x34, 0xa8, 0x80,
    0x54, 0x46, 0x1, 0xd6, 0x84, 0x1, 0x30, 0x30,
    0x0, 0xca, 0x80, 0x3c, 0xc3, 0x0, 0x10, 0xdb,
    0x80, 0x20, 0x1c, 0x3, 0xe9, 0x53, 0x0, 0x90,
    0x0, 0x68, 0xe0, 0x1f, 0x9c, 0x7c, 0x3, 0xde,
    0x32, 0x1, 0xfd, 0x66, 0xe0, 0x19, 0x8e, 0x4,
    0x3, 0xf9, 0x55, 0x6, 0x0, 0x29, 0x46, 0x0,
    0xff, 0xac, 0xb4, 0x45, 0xe3, 0x40, 0x1f, 0xfc,
    0x1, 0xf1, 0xcd, 0x2d, 0x10, 0xf, 0xfe, 0x9,
    0x51, 0x1c, 0x18, 0x7, 0xff, 0x8, 0xa0, 0x1,
    0x26, 0x1, 0xff, 0xc1, 0x6d, 0x3c, 0xc0, 0x64,
    0x0, 0x7f, 0x93, 0x65, 0x7c, 0xcd, 0xe8, 0xfa,
    0xa0, 0x1e, 0x5c, 0xb0, 0xba, 0x10, 0x0, 0xdc,
    0x9d, 0x6b, 0x0, 0x7, 0xa8, 0x2b, 0x50, 0x3,
    0xcd, 0xd0, 0x73, 0xa0, 0x35, 0x98, 0x50, 0xf,
    0xf3, 0xf5, 0x70, 0x0,

    /* U+4E8E "于" */
    0x3, 0x77, 0xff, 0xe1, 0x18, 0x2, 0xe2, 0x3f,
    0xf8, 0x56, 0x0, 0x8f, 0xff, 0x30, 0x7f, 0xfa,
    0x0, 0x3f, 0xff, 0xbb, 0xff, 0xf3, 0x7, 0xff,
    0xdd, 0x4e, 0xff, 0x10, 0x3b, 0xfc, 0xcf, 0x11,
    0xf2, 0x4, 0x47, 0xe0, 0xf, 0xff, 0xf8, 0x7,
    0xff, 0x1d, 0x62, 0x24, 0x0, 0xff, 0xe1, 0x3b,
    0xc1, 0x20, 0x1f, 0xfc, 0x5, 0xff, 0xb5, 0x80,
    0x3f, 0x0,

    /* U+4EBA "人" */
    0x0, 0xfe, 0xa9, 0x0, 0xff, 0xe3, 0x22, 0x80,
    0x7f, 0xf1, 0x85, 0xc0, 0x3f, 0xf8, 0xee, 0x1,
    0xff, 0xc5, 0x20, 0x20, 0xf, 0xfe, 0x2b, 0x0,
    0x88, 0x3, 0xff, 0x88, 0x40, 0x5, 0x0, 0xff,
    0xe2, 0x60, 0xe, 0x80, 0x7f, 0xf1, 0x10, 0xd1,
    0xc0, 0x3f, 0xf8, 0x68, 0x37, 0xe2, 0x80, 0x1f,
    0xfc, 0x2f, 0x6, 0x51, 0xf0, 0xf, 0xfe, 0x9,
    0xa2, 0x88, 0x4a, 0x20, 0x3, 0xff, 0x81, 0xe1,
    0x0, 0x7, 0x19, 0x0, 0xff, 0x9c, 0xdc, 0x80,
    0x2b, 0x29, 0x0, 0xfe, 0x58, 0x38, 0x0, 0xca,
    0xa6, 0x80, 0xf, 0x9a, 0x87, 0x40, 0x3d, 0x46,
    0xf2, 0x1, 0x86, 0xa4, 0xb0, 0x40, 0x3e, 0xc4,
    0x6c, 0x30, 0x6, 0xaa, 0xb0, 0x80, 0x3f, 0xae,
    0xf, 0x80, 0x1b, 0x74, 0x20, 0x1f, 0xf3, 0xf7,
    0x80,

    /* U+4EC5 "仅" */
    0x0, 0xf3, 0x8, 0x7, 0xff, 0x15, 0xa5, 0x0,
    0x3f, 0xf8, 0xb6, 0x4c, 0xef, 0xfe, 0x20, 0xe,
    0x62, 0x84, 0x88, 0xff, 0x38, 0x6, 0x19, 0x35,
    0x75, 0x3f, 0xff, 0x50, 0x20, 0x6, 0xa0, 0x80,
    0x6, 0x18, 0x7, 0xb0, 0x44, 0x1, 0x3a, 0x3,
    0x80, 0x10, 0x14, 0x3, 0x9d, 0xc0, 0x12, 0x40,
    0x7, 0x11, 0x3c, 0x3, 0x20, 0xe8, 0x0, 0xec,
    0x64, 0x3, 0xa9, 0x44, 0x2, 0xe1, 0x40, 0x1,
    0xe, 0x90, 0x7, 0x30, 0x30, 0x0, 0x95, 0x80,
    0x21, 0xe3, 0x0, 0xf0, 0xac, 0x80, 0x20, 0x24,
    0x3, 0xff, 0x83, 0x3, 0x8, 0xb0, 0x20, 0x1f,
    0xfc, 0x12, 0x67, 0xa2, 0x70, 0xf, 0xfe, 0x1c,
    0x0, 0xc8, 0x7, 0xff, 0x12, 0x80, 0x1e, 0x1,
    0xff, 0xc2, 0x1c, 0x49, 0xa4, 0xc1, 0x0, 0xff,
    0x9b, 0x8e, 0xd9, 0x68, 0xfd, 0x40, 0x3f, 0x2e,
    0xca, 0x6a, 0x0, 0x17, 0x4e, 0xb0, 0xc0, 0x3c,
    0x22, 0xbb, 0x10, 0x6, 0x2d, 0x97, 0x20, 0x9,
    0x3c, 0xd3, 0x10, 0x3, 0xf3, 0x58, 0x80,

    /* U+4F4D "位" */
    0x0, 0xe4, 0x70, 0xc, 0xb8, 0x1, 0xff, 0xc0,
    0x8b, 0x0, 0xcc, 0x6a, 0x1, 0xfe, 0x43, 0x90,
    0xc, 0x63, 0xe0, 0x1f, 0xe8, 0x25, 0x12, 0x2c,
    0xd8, 0x45, 0x80, 0x39, 0x4e, 0xc2, 0xf7, 0x73,
    0xce, 0xee, 0x40, 0x8, 0x6c, 0x1c, 0x26, 0xef,
    0xfc, 0xa0, 0x15, 0x88, 0x4, 0x6a, 0x28, 0x9c,
    0x26, 0x82, 0x0, 0x75, 0x20, 0xc, 0x74, 0x80,
    0x1b, 0xe4, 0x2, 0x18, 0x4b, 0x0, 0xc4, 0x6,
    0x1, 0x9d, 0x40, 0x21, 0x9a, 0x0, 0xf1, 0xe8,
    0x6, 0x23, 0x0, 0xcc, 0x20, 0x1e, 0x67, 0x0,
    0x88, 0x34, 0x3, 0xff, 0x81, 0xa4, 0x1, 0x38,
    0x20, 0x7, 0xff, 0x0, 0x80, 0x80, 0x1a, 0x22,
    0x0, 0xff, 0xe0, 0x38, 0x38, 0x0, 0xd4, 0x3,
    0xff, 0x82, 0x40, 0x40, 0x4, 0xc0, 0xf, 0xfe,
    0x14, 0xb0, 0x18, 0x20, 0x7, 0xf9, 0x22, 0x2e,
    0x98, 0x80, 0x5c, 0x44, 0x1, 0xf1, 0xbb, 0xf9,
    0x1, 0xdf, 0x8, 0x7, 0x9f, 0xff, 0xff, 0x80,
    0x20,

    /* U+4F4E "低" */
    0x0, 0xe7, 0x50, 0xf, 0xc9, 0x28, 0x1, 0xf4,
    0x68, 0x4, 0x2b, 0x19, 0xf6, 0xdc, 0x1, 0xe7,
    0xa, 0x5c, 0xfe, 0xa6, 0x33, 0x67, 0xd0, 0x7,
    0xa5, 0x48, 0xcd, 0x39, 0xdc, 0x47, 0x30, 0xf,
    0xa0, 0x60, 0x2, 0x63, 0x10, 0xf, 0xf1, 0x38,
    0x10, 0x7, 0xc2, 0xe0, 0x1f, 0x70, 0x7, 0xf8,
    0xc4, 0x3, 0xd2, 0x64, 0x1, 0xc4, 0x58, 0x48,
    0xb8, 0xd, 0x96, 0x80, 0x3b, 0x77, 0x38, 0x6e,
    0xe1, 0x37, 0xa0, 0xf, 0x5d, 0xe8, 0x8, 0xbb,
    0x84, 0x20, 0x3, 0xe4, 0x4c, 0xa0, 0x68, 0x90,
    0x7, 0xff, 0x8, 0x80, 0xc0, 0x3f, 0xf8, 0xc5,
    0xa0, 0x1f, 0xfc, 0x41, 0x4, 0x40, 0x0, 0x80,
    0x3f, 0xf8, 0x3, 0xc7, 0x82, 0x61, 0xca, 0x1,
    0xfe, 0x25, 0x68, 0x51, 0x90, 0x36, 0x0, 0xfb,
    0x3, 0xb6, 0x61, 0xe, 0x57, 0x84, 0xc0, 0x3e,
    0x50, 0x14, 0x91, 0x76, 0x76, 0x18, 0x0, 0xfc,
    0xaf, 0xd6, 0x81, 0xa, 0x13, 0xec, 0x1, 0x9f,
    0xc0, 0x15, 0x2, 0x1, 0xfe,

    /* U+4F53 "体" */
    0x0, 0xc9, 0x62, 0x1, 0x9f, 0x80, 0x3f, 0xee,
    0x51, 0x0, 0xde, 0x20, 0x1f, 0xe1, 0x56, 0x0,
    0xff, 0xe2, 0xc8, 0x50, 0x7, 0xff, 0x10, 0x5d,
    0x43, 0xff, 0x9c, 0x3f, 0xfb, 0x80, 0x28, 0x2,
    0x37, 0x7c, 0x80, 0x13, 0xbe, 0x90, 0x1, 0xb0,
    0x0, 0x62, 0x33, 0x80, 0x59, 0x11, 0x38, 0xf,
    0x8, 0x7, 0x8c, 0xca, 0xb, 0xe0, 0x1c, 0xa5,
    0x42, 0x1, 0xd2, 0x84, 0x1c, 0x84, 0x1, 0x92,
    0x90, 0x3, 0x8d, 0x7c, 0x0, 0x87, 0x20, 0x1c,
    0xa0, 0x1e, 0xf4, 0x40, 0x5, 0x28, 0x80, 0xf,
    0xf3, 0x9c, 0x0, 0x65, 0x3a, 0x0, 0xfe, 0x38,
    0x73, 0x0, 0xee, 0x1a, 0x0, 0xf8, 0xb4, 0xb9,
    0x98, 0x60, 0xcc, 0x47, 0x59, 0x0, 0xf4, 0x7,
    0xd4, 0xc9, 0x2, 0x66, 0xa5, 0x71, 0x0, 0xea,
    0xc2, 0xcf, 0xf3, 0x87, 0xfc, 0x55, 0x82, 0x1,
    0xe2, 0x0, 0xff, 0x88, 0x3, 0xff, 0xa9, 0xe2,
    0x1, 0xf0,

    /* U+4F59 "余" */
    0x0, 0xfe, 0x4b, 0x10, 0xf, 0xfe, 0x21, 0xda,
    0x28, 0x7, 0xff, 0xc, 0xf5, 0x16, 0xd0, 0x3,
    0xff, 0x82, 0xf8, 0x97, 0x4d, 0x6e, 0x1, 0xfe,
    0x1b, 0x88, 0x50, 0x2, 0x62, 0x18, 0x60, 0x1f,
    0x37, 0x2d, 0xb8, 0x6, 0x7c, 0x1c, 0xa2, 0x0,
    0x97, 0x64, 0xd3, 0x66, 0x7d, 0x4e, 0xaa, 0xda,
    0x22, 0x58, 0xdf, 0x32, 0xac, 0xec, 0xab, 0x34,
    0xf3, 0xb8, 0xcb, 0xf1, 0xb, 0x33, 0x20, 0xe6,
    0x63, 0x18, 0xd1, 0x1, 0x0, 0xff, 0xe4, 0x7f,
    0xfc, 0xa3, 0xff, 0xf2, 0x0, 0x51, 0x1f, 0x10,
    0x44, 0x7c, 0xc0, 0x13, 0xbf, 0xe1, 0x77, 0xf8,
    0x80, 0x38, 0x76, 0x0, 0x3d, 0x5a, 0x40, 0x1f,
    0xb4, 0xa8, 0x3, 0xd0, 0x78, 0x40, 0x1e, 0xb3,
    0xb2, 0x0, 0xf1, 0x60, 0x61, 0x0, 0x43, 0x89,
    0x48, 0x1, 0xf8, 0xb0, 0x7c, 0x40, 0xe, 0x74,
    0xa0, 0x8c, 0xc7, 0x0, 0xe2, 0xb3, 0x50, 0x3,
    0x72, 0x80, 0x6, 0x64, 0x70, 0x1, 0xc9, 0xc8,
    0x1, 0x8, 0x4, 0xbf, 0xee, 0x60, 0xf, 0xe0,

    /* U+503C "值" */
    0x0, 0xc5, 0xa4, 0x1, 0x87, 0xdc, 0x3, 0xfd,
    0x44, 0x40, 0xc, 0x40, 0x40, 0x1f, 0xe6, 0x7b,
    0xff, 0xd8, 0x15, 0xff, 0x8c, 0x3, 0x38, 0xd7,
    0xcc, 0xe4, 0x9, 0x9e, 0x20, 0xd, 0x2a, 0x48,
    0xcd, 0x85, 0x19, 0xb8, 0x40, 0x29, 0x1d, 0x0,
    0x12, 0xac, 0x80, 0xab, 0x88, 0x2, 0x46, 0x0,
    0xcf, 0x51, 0x3, 0x68, 0x8a, 0x90, 0x0, 0x54,
    0x40, 0x1e, 0xdd, 0xf8, 0x3, 0x87, 0x84, 0x3,
    0xbb, 0xbe, 0x0, 0xc5, 0xa6, 0x1, 0xed, 0xdf,
    0x80, 0x38, 0x80, 0x3e, 0x33, 0xf8, 0x3, 0xff,
    0x83, 0xff, 0xf0, 0x7, 0xff, 0x7, 0x77, 0xe0,
    0xf, 0xfe, 0x9, 0x17, 0x8c, 0x3, 0xff, 0x83,
    0xff, 0xee, 0x0, 0xff, 0xe0, 0xf7, 0x7c, 0x1,
    0xfc, 0x2b, 0x80, 0x89, 0xe7, 0xf, 0x50, 0xf,
    0x2d, 0x30, 0x55, 0x7a, 0x41, 0xa8, 0x80, 0x39,
    0x3f, 0xff, 0xf8, 0x24,

    /* U+505C "停" */
    0x0, 0xff, 0xe6, 0x6a, 0x0, 0x66, 0xf1, 0x0,
    0xfe, 0x62, 0x3, 0x3c, 0x41, 0x6, 0x7c, 0x1,
    0xad, 0x37, 0x33, 0x58, 0x36, 0x66, 0xd0, 0x9,
    0xb, 0xe7, 0xbb, 0xff, 0x80, 0x1, 0x49, 0x20,
    0x3, 0x33, 0xf8, 0x80, 0x26, 0x2a, 0x0, 0x19,
    0x57, 0x77, 0x59, 0x0, 0x43, 0x0, 0x1e, 0x33,
    0xf2, 0x80, 0x6a, 0x10, 0xf, 0x5f, 0xff, 0x60,
    0x4, 0x88, 0x81, 0x0, 0x8b, 0x77, 0xf8, 0xc1,
    0x1d, 0xc0, 0x12, 0x2b, 0xbf, 0xf2, 0xa0, 0x40,
    0x6, 0xaa, 0x5d, 0xff, 0x55, 0x0, 0x3e, 0x9e,
    0xef, 0xe8, 0x0, 0xf8, 0xc6, 0x67, 0xfb, 0x8c,
    0x3, 0xda, 0xc6, 0x79, 0x94, 0xce, 0xbd, 0x0,
    0xf8, 0x6a, 0xab, 0xa, 0xac, 0x40, 0x1f, 0xfd,
    0x14, 0x48, 0x3, 0xff, 0x89, 0x37, 0x44, 0x80,
    0x1f, 0xbd, 0xc0, 0x36, 0xff, 0xb4, 0x80, 0x38,

    /* U+5143 "元" */
    0x0, 0x8c, 0xff, 0xf8, 0x40, 0x1c, 0x39, 0x9f,
    0xfc, 0x22, 0x0, 0xc3, 0x99, 0xff, 0xc2, 0x20,
    0xe, 0x33, 0xff, 0xe1, 0x0, 0x7f, 0xf8, 0x22,
    0xab, 0xff, 0x89, 0x0, 0x3, 0x77, 0xca, 0xa7,
    0x79, 0x15, 0x1d, 0xf1, 0x80, 0x2f, 0x77, 0x19,
    0xb7, 0x6b, 0xc, 0xdd, 0xd6, 0x1, 0xf1, 0x30,
    0x7, 0xff, 0x14, 0x45, 0xa0, 0x1f, 0xfc, 0x57,
    0x3, 0x0, 0xff, 0xe2, 0xd0, 0xa0, 0x7, 0xf1,
    0xc0, 0x7, 0x29, 0xc8, 0x7, 0xf9, 0xdc, 0x20,
    0x12, 0x51, 0xb8, 0x7, 0xf8, 0x80, 0x40, 0x66,
    0xcb, 0x40, 0x38, 0x42, 0xd9, 0xab, 0x20, 0x5,
    0xb3, 0xe8, 0x80, 0x72, 0x21, 0xa6, 0x63, 0x90,
    0x5, 0x74, 0x0, 0x7e, 0xbf, 0xfd, 0xc8, 0x0,

    /* U+5168 "全" */
    0x0, 0xff, 0xe8, 0xcc, 0x80, 0x3f, 0xf8, 0xac,
    0xc7, 0x10, 0xf, 0xfe, 0x1a, 0x4a, 0x9e, 0x8,
    0x7, 0xff, 0x5, 0x2d, 0x2b, 0x3, 0xc8, 0x3,
    0xfe, 0x6b, 0x4b, 0x1, 0xc3, 0xd4, 0x0, 0xfc,
    0x35, 0x2d, 0x60, 0x10, 0xea, 0x5c, 0x80, 0x79,
    0x7d, 0x66, 0x40, 0x1e, 0xb8, 0x6d, 0x40, 0x1,
    0xe5, 0x3, 0x3, 0x37, 0xe1, 0x50, 0xbb, 0x9,
    0x4, 0xeb, 0xc4, 0x69, 0x94, 0x46, 0x4c, 0x70,
    0x11, 0x63, 0x1f, 0x77, 0xa, 0xf7, 0x70, 0xc5,
    0x80, 0x7f, 0xf8, 0x7, 0xff, 0x85, 0x7f, 0xf8,
    0x3, 0xe1, 0x99, 0xe0, 0x39, 0x9e, 0x0, 0xfc,
    0xcd, 0xc2, 0xcd, 0xe0, 0xf, 0xfe, 0x70, 0x8f,
    0xff, 0x10, 0x2, 0xae, 0xef, 0x81, 0x3b, 0xbe,
    0x70,

    /* U+5173 "关" */
    0x0, 0x85, 0xc0, 0x3f, 0x4a, 0x0, 0x7c, 0x71,
    0x20, 0x1e, 0x56, 0x30, 0xf, 0x89, 0xd8, 0xc0,
    0x3a, 0x9, 0xc0, 0x3f, 0x40, 0xc8, 0x6, 0x62,
    0x90, 0xf, 0x1c, 0x44, 0x47, 0x11, 0xa4, 0x72,
    0x20, 0xa0, 0x12, 0xbb, 0xc6, 0xce, 0xf8, 0x5,
    0xde, 0xc0, 0x9, 0xbf, 0xfc, 0x63, 0xff, 0xe9,
    0x0, 0xff, 0xee, 0x1b, 0xbf, 0xc4, 0x2e, 0xff,
    0x81, 0x62, 0x3e, 0x10, 0x88, 0xfa, 0x41, 0xbf,
    0xfd, 0x60, 0x5, 0xff, 0xf7, 0x0, 0x7e, 0x80,
    0x65, 0x40, 0xf, 0xfe, 0xb, 0x9b, 0x49, 0xd9,
    0x80, 0x7f, 0xd1, 0x3, 0x90, 0xd1, 0xc4, 0x0,
    0xfc, 0x58, 0xe7, 0xa0, 0x1, 0xc1, 0xb9, 0x10,
    0xc, 0x75, 0xa6, 0xf8, 0x20, 0x11, 0x7a, 0x37,
    0x49, 0x83, 0xe2, 0xb6, 0xc0, 0x7, 0x86, 0xe8,
    0x9b, 0x45, 0xe7, 0xa4, 0x80, 0x3f, 0x97, 0x73,
    0x44,

    /* U+5230 "到" */
    0x0, 0xff, 0xe2, 0x39, 0x93, 0xbf, 0xf8, 0x4,
    0x2, 0x84, 0x6a, 0xa4, 0xc4, 0xd5, 0x6b, 0xe,
    0x70, 0xc, 0x9b, 0xa5, 0x1e, 0xd9, 0xdd, 0x60,
    0x7, 0xf2, 0x22, 0xc0, 0xae, 0x0, 0x3f, 0xe9,
    0x45, 0x2, 0x97, 0x50, 0xf, 0xea, 0x22, 0x45,
    0x5d, 0x5, 0x10, 0x7, 0xe7, 0x4, 0x40, 0x1d,
    0xc8, 0x48, 0x7, 0xec, 0xfd, 0xd1, 0x53, 0xb5,
    0xd0, 0x7, 0xe1, 0x0, 0x1b, 0xb0, 0x1, 0x4,
    0x3, 0xf2, 0xae, 0xc, 0x55, 0x84, 0x3, 0xe1,
    0xaa, 0xa0, 0x1e, 0xaa, 0x50, 0xf, 0x87, 0xfe,
    0xd0, 0xbf, 0xf9, 0x0, 0x3f, 0xfa, 0x82, 0x8e,
    0xa1, 0xee, 0x1, 0xc2, 0x8d, 0x1, 0x7d, 0x74,
    0x60, 0x1f, 0x3f, 0x5c, 0x33, 0x27, 0x3f, 0x58,
    0x0, 0xee, 0x80, 0x15, 0xbe, 0xe6, 0x4b, 0x18,
    0x7, 0x6c, 0x32, 0x38,

    /* U+5236 "制" */
    0x0, 0x88, 0xa, 0xc8, 0x3, 0xfa, 0x14, 0x0,
    0xba, 0x22, 0x41, 0x0, 0xfe, 0x6c, 0x0, 0x79,
    0x8, 0x7, 0xe7, 0xe0, 0xf, 0x29, 0x76, 0x86,
    0xf7, 0x48, 0x0, 0x10, 0xe, 0x60, 0x79, 0x70,
    0x79, 0x99, 0x80, 0x3f, 0x5a, 0x43, 0xd0, 0x53,
    0xbc, 0x40, 0x1f, 0x9c, 0x9d, 0xd4, 0x14, 0xef,
    0x80, 0x3e, 0x15, 0x68, 0x83, 0x3, 0x44, 0x61,
    0x0, 0xf0, 0xff, 0xec, 0xc, 0xff, 0xc2, 0x1,
    0xff, 0xce, 0x3f, 0xfb, 0x3, 0x3f, 0xe6, 0x0,
    0xff, 0x45, 0x40, 0x45, 0x50, 0x3, 0xff, 0x80,
    0x8a, 0x80, 0x8a, 0xa0, 0xf, 0xfe, 0x53, 0x70,
    0x7, 0xff, 0x14, 0x44, 0x1, 0xff, 0xc0, 0x44,
    0x1, 0x80, 0x7e, 0x10, 0x10, 0xd, 0xf6, 0x4e,
    0x0, 0x78, 0x80, 0x88, 0xb, 0xc8, 0x3, 0x5f,
    0xe9, 0x0, 0x35, 0xdc, 0x74, 0x1, 0xc7, 0xc6,
    0x1, 0xea, 0xff, 0x61, 0x0,

    /* U+524D "前" */
    0x0, 0x8d, 0x80, 0x3f, 0x3a, 0x80, 0x79, 0xa5,
    0xc0, 0x3c, 0x51, 0xe0, 0x1e, 0x55, 0x41, 0x0,
    0x74, 0x8d, 0x80, 0x4c, 0xd8, 0x82, 0xd9, 0xb4,
    0xa2, 0xbb, 0x35, 0x13, 0x33, 0x83, 0x4c, 0xe6,
    0x4, 0x99, 0xa3, 0xbf, 0xff, 0xf8, 0x57, 0x9c,
    0xd, 0x33, 0xe5, 0x0, 0x18, 0x80, 0x26, 0x40,
    0xd, 0x64, 0x4c, 0xde, 0x0, 0xd6, 0x0, 0xf9,
    0x37, 0x71, 0x0, 0x7f, 0xf0, 0x1c, 0x8b, 0x0,
    0x7f, 0xf0, 0x4f, 0x77, 0x10, 0x7, 0xff, 0x1,
    0x3f, 0xf1, 0x0, 0x7f, 0xf4, 0x93, 0xff, 0x10,
    0x7, 0xff, 0x0, 0xf3, 0x31, 0x0, 0x7f, 0xf0,
    0x1c, 0xcf, 0x0, 0x6e, 0x70, 0xf, 0xe1, 0x44,
    0x18, 0x6, 0x55, 0x31, 0x98, 0x3, 0xd7, 0x60,
    0xe0, 0xb, 0x6a, 0x4e, 0x80, 0x17, 0x60, 0x1f,
    0xf7, 0x20, 0x5, 0x1f, 0xed, 0x30,

    /* U+5269 "剩" */
    0x0, 0xff, 0xe2, 0x8, 0x7, 0xc4, 0xb1, 0x6c,
    0x1, 0xdd, 0x3, 0x57, 0xbd, 0xfb, 0x4e, 0x1,
    0xfc, 0x2e, 0xc2, 0x86, 0x19, 0xf6, 0xc0, 0x3,
    0x0, 0xed, 0xd6, 0x52, 0x9, 0x80, 0x61, 0xc4,
    0x0, 0xa3, 0x33, 0x30, 0xe6, 0x70, 0x7, 0xb2,
    0xa9, 0x74, 0xa1, 0x57, 0x55, 0x0, 0x79, 0x19,
    0x90, 0xa6, 0x2d, 0x8, 0xcc, 0x0, 0xf1, 0xcc,
    0x80, 0x3c, 0xd6, 0xa0, 0x1f, 0xfc, 0x3b, 0x24,
    0x0, 0xf1, 0xcc, 0x80, 0x3d, 0x92, 0x20, 0x1e,
    0x38, 0xc0, 0xf, 0x8, 0x68, 0x7, 0x90, 0xa4,
    0x0, 0x20, 0x1, 0x9b, 0x10, 0xf, 0x3d, 0x2b,
    0xb3, 0x5, 0xf7, 0x6e, 0x0, 0xfe, 0xba, 0x20,
    0xbe, 0x56, 0x20, 0x17, 0x0, 0xe4, 0xc7, 0x51,
    0xca, 0xc9, 0x1, 0xe3, 0x0, 0xd1, 0x71, 0x0,
    0x9, 0xf1, 0x14, 0x3, 0xd2, 0xf4, 0xe0, 0x1c,
    0x7a, 0xa0, 0x8a, 0xc0, 0x8, 0xd5, 0x0, 0x78,
    0x7, 0xd9, 0x52, 0x54, 0x24, 0x1, 0x3f, 0x0,
    0x7a, 0x3f, 0xda, 0x40,

    /* U+529F "功" */
    0x0, 0xff, 0xe0, 0x39, 0x80, 0x7f, 0xf1, 0x6,
    0x14, 0x3, 0xcc, 0xef, 0xe2, 0x0, 0xff, 0xa6,
    0x23, 0xc8, 0x1, 0xff, 0x7f, 0xc1, 0x1f, 0xe7,
    0x33, 0x20, 0x71, 0x9e, 0x20, 0xf, 0xcd, 0x98,
    0xa0, 0x7c, 0xcd, 0x20, 0x1f, 0x9b, 0x31, 0x21,
    0x39, 0x91, 0x0, 0x7f, 0x9, 0x9c, 0x8, 0x67,
    0x0, 0x80, 0x7f, 0xc4, 0x4, 0x1, 0xff, 0xc4,
    0xe1, 0x0, 0xc6, 0x60, 0xf, 0xf9, 0x14, 0x3,
    0x8, 0x80, 0x3b, 0xd6, 0x64, 0x4, 0x4c, 0x0,
    0xef, 0x1, 0x59, 0x7, 0xa4, 0xe0, 0xa0, 0x50,
    0x8, 0x80, 0x4b, 0xa9, 0xd6, 0x7b, 0x5c, 0x5d,
    0x8, 0x2, 0x10, 0x22, 0x46, 0x75, 0x30, 0x80,
    0x28, 0x24, 0x3, 0x30, 0x30, 0x39, 0x80, 0x75,
    0x24, 0x10, 0x6, 0xc0, 0x20, 0xf, 0x16, 0x2b,
    0x38, 0x1b, 0xb3, 0xb1, 0x80, 0x7c, 0xe7, 0x32,
    0x0, 0xc, 0x4c, 0x17, 0x80, 0x7c, 0xbe, 0xc0,
    0x11, 0x7f, 0xda, 0x60,

    /* U+5355 "单" */
    0x0, 0xe8, 0x20, 0xf, 0xc, 0x90, 0x7, 0xe4,
    0xf1, 0x0, 0xe8, 0x61, 0x0, 0xfd, 0xc5, 0x60,
    0x18, 0x99, 0x86, 0x1, 0xe5, 0x53, 0xa3, 0xaa,
    0xef, 0xf, 0x55, 0x0, 0x75, 0x54, 0x85, 0x55,
    0x88, 0x26, 0xa8, 0x20, 0x1d, 0x3f, 0xf8, 0x5b,
    0xff, 0x40, 0x7, 0xff, 0x3a, 0x7f, 0xf0, 0xb7,
    0xfe, 0x80, 0xf, 0x9a, 0xef, 0x2, 0x5d, 0xe6,
    0x0, 0xfb, 0xd1, 0x30, 0x92, 0x26, 0xe0, 0xf,
    0xb1, 0x57, 0xa, 0xaf, 0x68, 0x7, 0x85, 0x2e,
    0xf0, 0x1d, 0xde, 0x41, 0x0, 0xee, 0xef, 0xb,
    0x77, 0x78, 0x40, 0xc, 0xdf, 0x85, 0x59, 0xbe,
    0x50, 0x99, 0xfc, 0x7, 0x33, 0xf5, 0x87, 0xff,
    0xe1, 0x6f, 0xff, 0xb8, 0x3, 0xff, 0xda,

    /* U+53C2 "参" */
    0x0, 0xfc, 0xe6, 0x1, 0xff, 0xc4, 0x1c, 0x85,
    0x1, 0xc8, 0x0, 0xff, 0x9b, 0xc3, 0x58, 0x6,
    0x9f, 0x8, 0x3, 0xe4, 0xc9, 0x48, 0x65, 0x66,
    0xa, 0x9e, 0xa0, 0x7, 0xb4, 0xc1, 0x6e, 0xd5,
    0x17, 0x66, 0x43, 0xb6, 0x0, 0xeb, 0xcd, 0xec,
    0x7, 0xed, 0xcc, 0x5e, 0x31, 0x0, 0x4a, 0xa7,
    0x67, 0x48, 0xe, 0x55, 0xf6, 0xa, 0x80, 0x2a,
    0xbc, 0x81, 0x35, 0x5f, 0xc0, 0xf, 0xfd, 0x60,
    0x9f, 0xfa, 0x2, 0xff, 0xf0, 0x7, 0x25, 0x95,
    0x1, 0xdd, 0x9d, 0xad, 0x80, 0x3e, 0x8b, 0x3f,
    0x7c, 0xc0, 0xc8, 0x4b, 0xcd, 0x88, 0x4, 0xdc,
    0xec, 0x9b, 0x9, 0xb4, 0x50, 0x91, 0x49, 0xd0,
    0x21, 0xe7, 0x73, 0x19, 0xd0, 0x6f, 0xca, 0x0,
    0x5e, 0x62, 0x10, 0x9d, 0x40, 0x0, 0xbd, 0xf5,
    0x46, 0xa0, 0xb0, 0xcd, 0x0, 0x7b, 0x75, 0x45,
    0x9a, 0xc0, 0x9f, 0x6, 0x1, 0xfb, 0xf7, 0x52,
    0x60, 0xd9, 0x6b, 0xe6, 0x1, 0xf8, 0x8d, 0x1e,
    0xfe, 0x5b, 0x2c, 0x40, 0x3e, 0x2c, 0xee, 0x5c,
    0x8d, 0x75, 0x18, 0x7, 0xf1, 0x24, 0xdf, 0x72,
    0x94, 0x40, 0x3f, 0x0,

    /* U+53EF "可" */
    0x46, 0x6f, 0xfe, 0x28, 0x7c, 0xcf, 0xff, 0x14,
    0x6b, 0xbb, 0xff, 0x82, 0x9, 0xdc, 0x11, 0xff,
    0xe3, 0x80, 0x7f, 0xf2, 0xa7, 0xff, 0xe8, 0x0,
    0xff, 0x18, 0xc4, 0x70, 0x8, 0x7, 0xfc, 0x6e,
    0xfc, 0x20, 0x1f, 0xff, 0x92, 0xff, 0xe1, 0x0,
    0xff, 0xe0, 0xb, 0xbf, 0xb4, 0x3, 0xfe, 0x38,
    0x8f, 0x20, 0x7, 0xfa, 0xb0, 0x3, 0xff, 0x8c,
    0x20, 0x1f, 0xfc, 0xd9, 0x88, 0x48, 0x98, 0x7,
    0xff, 0x4, 0x9d, 0xcc, 0x76, 0x1, 0xff, 0xc1,
    0xbf, 0xfb, 0x8, 0x2,

    /* U+53F0 "台" */
    0x0, 0xfa, 0x8, 0x3, 0xff, 0x87, 0xe, 0x80,
    0x1f, 0xfc, 0x24, 0x76, 0x60, 0x4, 0x40, 0x1f,
    0xc5, 0x67, 0x20, 0x14, 0xea, 0x0, 0x7c, 0x3e,
    0x5a, 0x1, 0xa5, 0x2d, 0x0, 0x38, 0x74, 0x30,
    0x40, 0x3a, 0xd2, 0xd0, 0x2, 0x1c, 0x29, 0x24,
    0x55, 0x33, 0xba, 0x4, 0x2c, 0xc0, 0x18, 0x43,
    0x79, 0x75, 0x49, 0x89, 0x56, 0x41, 0xd1, 0x8,
    0x9a, 0xbc, 0xde, 0xff, 0xbb, 0x72, 0xf4, 0x50,
    0x15, 0x95, 0xc, 0x84, 0x3, 0xe3, 0xe5, 0x0,
    0x3f, 0xff, 0xff, 0x2, 0x4, 0x2, 0xf0, 0x88,
    0xfe, 0x70, 0xf, 0xce, 0xff, 0xd2, 0x1, 0xff,
    0xf2, 0xff, 0xfe, 0xe0, 0xf, 0xce, 0xff, 0xe0,
    0xf, 0xd1, 0x1f, 0xd2, 0x1, 0xe8, 0xf0, 0xf,
    0xe1, 0xf8, 0x0, 0x0,

    /* U+53F7 "号" */
    0x0, 0x3f, 0xff, 0xff, 0x0, 0x40, 0x3d, 0x55,
    0xfc, 0xa0, 0x1f, 0x95, 0x7f, 0xb4, 0x3, 0xff,
    0x9d, 0xff, 0xfd, 0x0, 0x1e, 0x59, 0x9f, 0xfe,
    0x0, 0x80, 0x62, 0x66, 0xff, 0xe0, 0x0, 0x5d,
    0xff, 0xff, 0xc4, 0x78, 0x99, 0x80, 0x66, 0x7f,
    0xe4, 0x66, 0x90, 0x19, 0xbf, 0xf8, 0x6, 0x1,
    0x28, 0x71, 0x9f, 0xf0, 0x7, 0xa8, 0x27, 0x33,
    0xf8, 0x3, 0xdd, 0x99, 0xfc, 0x64, 0x1, 0xe3,
    0x3f, 0xf1, 0x38, 0x7, 0xff, 0xd, 0x7, 0x0,
    0x3f, 0xc2, 0xca, 0xb4, 0x83, 0x80, 0x7f, 0x86,
    0x2a, 0xa3, 0xa1, 0x0, 0xff, 0xbb, 0xfe, 0xe5,
    0x0, 0xc0,

    /* U+5668 "器" */
    0x0, 0x37, 0xff, 0x58, 0x3, 0xbf, 0xf9, 0xc0,
    0x30, 0x85, 0x54, 0x6e, 0x0, 0x15, 0xaa, 0x83,
    0xc0, 0x38, 0x55, 0x66, 0x0, 0xda, 0xab, 0x0,
    0x7f, 0xf3, 0xc7, 0xfe, 0x50, 0xd, 0x1f, 0xf0,
    0x7, 0x96, 0xab, 0x9a, 0x82, 0x9c, 0xe6, 0xaa,
    0x0, 0xc4, 0xab, 0x91, 0x0, 0x5, 0xb0, 0x83,
    0x52, 0x0, 0x95, 0x9b, 0xa8, 0x75, 0x98, 0xb4,
    0x56, 0xcd, 0x0, 0x2e, 0x67, 0x90, 0x22, 0x67,
    0x19, 0x4c, 0xc0, 0xe, 0xff, 0x94, 0x27, 0xff,
    0x18, 0xe7, 0xfe, 0x0, 0xc7, 0xab, 0x4c, 0x1,
    0xb1, 0x32, 0x44, 0x3, 0x14, 0xe1, 0x38, 0x2a,
    0x0, 0x15, 0x5e, 0x8d, 0xd2, 0x60, 0x3a, 0xc0,
    0x7, 0xaa, 0x40, 0x2, 0xea, 0x88, 0x0, 0x6d,
    0x11, 0x6c, 0x7, 0xfc, 0x80, 0x1a, 0x3f, 0xe0,
    0x7f, 0x10, 0x20, 0xf, 0xfe, 0x20, 0x80, 0x72,
    0xac, 0xe0, 0x1b, 0x55, 0x60, 0xf, 0xd5, 0x51,
    0x80, 0x65, 0xaa, 0x80, 0x3c, 0xfd, 0xff, 0xb0,
    0x1, 0xff, 0xe8, 0x0, 0x0,

    /* U+56DE "回" */
    0x8f, 0xff, 0xfe, 0x23, 0x0, 0x1d, 0xff, 0xf8,
    0x2c, 0x1, 0xa2, 0x3f, 0xf8, 0x34, 0x1, 0xff,
    0xcd, 0x55, 0xf8, 0xc0, 0x3f, 0x8a, 0xab, 0xf0,
    0x7, 0xfd, 0x7f, 0xf8, 0x40, 0x3f, 0xfe, 0xda,
    0xcd, 0x84, 0x3, 0xfc, 0x60, 0xd3, 0x38, 0x4,
    0x3, 0xf8, 0x7f, 0xfe, 0x80, 0xf, 0xfe, 0xff,
    0xff, 0xff, 0x7, 0x0, 0x34, 0x47, 0xff, 0x5,
    0x80, 0x33, 0xbf, 0xff, 0x6, 0x80, 0x0,

    /* U+5728 "在" */
    0x0, 0xf8, 0x98, 0x40, 0x3f, 0xf8, 0x8b, 0x26,
    0x1, 0xff, 0xc4, 0xa3, 0x20, 0xf, 0xf2, 0x3b,
    0xe8, 0x20, 0x77, 0xff, 0x6, 0xc4, 0x67, 0x3,
    0x88, 0xfe, 0x90, 0x9f, 0xfb, 0x1, 0xff, 0xf6,
    0x77, 0xfe, 0xe0, 0xe, 0xf1, 0x90, 0xd, 0x8c,
    0x1, 0xfc, 0xc7, 0x2, 0x1, 0xff, 0xc2, 0x39,
    0x36, 0x0, 0xff, 0xe1, 0xf, 0x5, 0x1, 0xaa,
    0xcc, 0x1a, 0xab, 0x80, 0x5, 0x84, 0x1, 0x5d,
    0x55, 0x20, 0xb5, 0x58, 0x1, 0x87, 0x60, 0x14,
    0x7f, 0xdc, 0x11, 0xff, 0x80, 0x17, 0x8a, 0x1,
    0xf0, 0x80, 0x7e, 0x52, 0x0, 0xff, 0xf8, 0x88,
    0xe2, 0xf, 0x11, 0xe0, 0xf, 0x2f, 0x76, 0xd0,
    0x7e, 0xed, 0xe0,

    /* U+5904 "处" */
    0x0, 0xce, 0xc0, 0x1e, 0x8b, 0x0, 0xff, 0x4e,
    0x80, 0x78, 0xd4, 0x3, 0xf8, 0x44, 0x60, 0x1f,
    0xfc, 0x54, 0x4, 0xaa, 0xa4, 0x3, 0xff, 0x83,
    0x80, 0x6, 0x62, 0x30, 0x7, 0xff, 0x5, 0x11,
    0x99, 0x28, 0x80, 0x43, 0x40, 0x1f, 0x19, 0x18,
    0x4, 0xca, 0x1, 0x96, 0x80, 0x3d, 0x40, 0x40,
    0x1, 0x2c, 0x0, 0x86, 0x96, 0x0, 0x30, 0xb1,
    0x28, 0x1, 0x1, 0x0, 0x32, 0xbb, 0x94, 0x2,
    0xb0, 0xf0, 0x50, 0xf1, 0x30, 0xe, 0x83, 0xa2,
    0x0, 0x64, 0x92, 0x70, 0xab, 0x80, 0x7d, 0xa0,
    0xa0, 0x6, 0x60, 0x7a, 0x50, 0x58, 0x7, 0xc3,
    0xce, 0x1, 0xc8, 0x68, 0x82, 0x0, 0xfc, 0x20,
    0x1f, 0x38, 0x7, 0xff, 0x1a, 0x10, 0xd2, 0xc4,
    0x0, 0x20, 0x1f, 0xe7, 0x72, 0x64, 0xa7, 0xb8,
    0xd7, 0x0, 0x7c, 0x35, 0x9, 0x60, 0xd8, 0x51,
    0xdb, 0x73, 0x11, 0x84, 0x5e, 0xad, 0x60, 0x11,
    0xe6, 0x1d, 0x9a, 0x77, 0x94, 0x45, 0x57, 0x20,
    0x1e, 0x38, 0xbd, 0xff, 0xda, 0x0,

    /* U+590D "复" */
    0x0, 0xe9, 0x70, 0xf, 0xfe, 0x2a, 0x31, 0x0,
    0x7f, 0xf1, 0x6, 0x82, 0xbf, 0xff, 0xe3, 0x0,
    0xda, 0x15, 0x5f, 0xfc, 0x12, 0x0, 0xe, 0x1d,
    0x3b, 0xff, 0xc8, 0xa2, 0x0, 0x82, 0xcd, 0xdf,
    0xfe, 0x8, 0x6, 0x9c, 0x30, 0x1f, 0xff, 0xe3,
    0x0, 0xf1, 0x0, 0x7, 0xff, 0xf8, 0xc0, 0x3f,
    0x87, 0xbb, 0xf8, 0xc0, 0x3f, 0x85, 0x57, 0xf8,
    0x40, 0x3f, 0x71, 0x55, 0xd4, 0xcf, 0x81, 0x80,
    0x3e, 0x7c, 0x32, 0xfc, 0xcf, 0x7d, 0x0, 0x7c,
    0x58, 0x44, 0xee, 0xfb, 0x50, 0x3, 0xcd, 0xa6,
    0x39, 0xdd, 0xd0, 0xc, 0x80, 0x1d, 0x32, 0x7e,
    0x6c, 0x91, 0x11, 0x54, 0x42, 0x40, 0x3d, 0x19,
    0x1, 0x16, 0xdd, 0x98, 0x7c, 0x70, 0xf, 0x84,
    0xcc, 0xb3, 0x2, 0x20, 0x1, 0x43, 0xa1, 0x0,
    0x6c, 0xef, 0xca, 0x55, 0x5f, 0xe7, 0x40, 0xcd,
    0xef, 0xf0, 0x85, 0x4d, 0x6f, 0xe4, 0xa0, 0x0,
    0x5a, 0xbb, 0xf2, 0xa8, 0x20,

    /* U+59CB "始" */
    0x0, 0x8d, 0x80, 0x3e, 0x45, 0x0, 0xfe, 0xab,
    0x0, 0xfa, 0x60, 0x3, 0xf8, 0x9c, 0x3, 0xca,
    0x56, 0x1, 0xfc, 0xba, 0x1, 0xe8, 0x26, 0x5,
    0x40, 0x8, 0x5e, 0x7, 0x5d, 0xca, 0x0, 0x62,
    0x90, 0x6, 0x59, 0x0, 0xe, 0x5c, 0x12, 0x63,
    0x80, 0x61, 0x50, 0x1, 0x25, 0xc0, 0x2, 0xe8,
    0x1e, 0xe2, 0x10, 0x50, 0x58, 0x4, 0x36, 0x6c,
    0x1, 0x62, 0x80, 0x18, 0x61, 0x3, 0x3b, 0xfd,
    0xd2, 0x10, 0x1, 0x2e, 0x0, 0xb, 0x40, 0xd1,
    0x13, 0x2a, 0xbd, 0xc1, 0x60, 0x21, 0x40, 0x30,
    0x78, 0xca, 0x97, 0x65, 0x42, 0x3b, 0x60, 0x50,
    0x30, 0x40, 0x20, 0x56, 0x6f, 0xe0, 0x0, 0x86,
    0xe, 0x20, 0x2, 0x67, 0xf9, 0xc0, 0xd, 0x85,
    0xe9, 0xa0, 0x12, 0xff, 0xf6, 0x80, 0x71, 0xf9,
    0x81, 0x80, 0x7f, 0xf1, 0x4c, 0x29, 0x0, 0x3f,
    0xf8, 0x76, 0x3a, 0x76, 0x1, 0xff, 0xc2, 0x85,
    0x92, 0xd9, 0x0, 0x33, 0x79, 0x40, 0x35, 0x3b,
    0x98, 0x5, 0x80, 0x7, 0x33, 0xd0, 0x1, 0x8e,
    0x60, 0x3, 0xcb, 0xff, 0xda, 0x1, 0xa5, 0x80,
    0x3d, 0x94, 0x1, 0xc5, 0xea, 0x0,

    /* U+5B89 "安" */
    0x0, 0xf8, 0xe8, 0xc0, 0x3f, 0xf8, 0x64, 0xb0,
    0x1, 0xfc, 0xce, 0xfc, 0xc4, 0x90, 0xef, 0xe2,
    0x8, 0x8f, 0x88, 0x1e, 0x23, 0xc8, 0x0, 0x6f,
    0xfd, 0xdf, 0xff, 0x60, 0x7, 0xf5, 0xf8, 0x80,
    0x7f, 0x36, 0x0, 0x44, 0xac, 0x20, 0x1c, 0x4c,
    0xa1, 0xa, 0x1, 0x40, 0x40, 0x7, 0x86, 0x4d,
    0xbf, 0xf9, 0x43, 0xbf, 0xff, 0x72, 0x44, 0x60,
    0x18, 0x8e, 0x10, 0x88, 0xc4, 0xef, 0x0, 0x2d,
    0xdf, 0x28, 0xb3, 0xbc, 0xc0, 0x11, 0xc2, 0x28,
    0x6, 0x90, 0x80, 0xf, 0xa8, 0x12, 0xd8, 0x0,
    0xc9, 0x2, 0x1, 0xf4, 0xf4, 0xbc, 0xfd, 0xca,
    0xb8, 0x7, 0xf0, 0xb6, 0x60, 0x10, 0x1d, 0x80,
    0x3f, 0xc2, 0xfa, 0x11, 0x3, 0x9e, 0x70, 0xe,
    0x26, 0xbe, 0x84, 0xd7, 0x77, 0x49, 0xc7, 0x30,
    0x3, 0x36, 0x5a, 0x3a, 0x88, 0x2, 0x6d, 0x90,
    0x93, 0xe, 0x9e, 0xd7, 0x10, 0xf, 0x9b, 0xf0,
    0xc0,

    /* U+5B9A "定" */
    0x0, 0xfc, 0x56, 0x60, 0x1f, 0xfc, 0x52, 0x58,
    0x0, 0xff, 0x13, 0xbf, 0xc6, 0x90, 0xef, 0xe3,
    0x0, 0x3c, 0x47, 0xc4, 0xf, 0x11, 0xe4, 0x0,
    0xdb, 0xff, 0xff, 0xc0, 0xe0, 0xf, 0xfe, 0x68,
    0x9b, 0xd5, 0x7f, 0xa4, 0x4, 0x40, 0x5, 0xe1,
    0xe7, 0x7c, 0xaa, 0x77, 0xca, 0x3c, 0xc0, 0x1d,
    0x3b, 0xb8, 0xcd, 0xbb, 0xb0, 0x3, 0xf2, 0xb8,
    0x7, 0xff, 0x1b, 0xe8, 0x3, 0xff, 0x8c, 0x8e,
    0x1, 0x8f, 0xff, 0xac, 0x3, 0xc4, 0x22, 0x0,
    0xc3, 0x11, 0xdc, 0x1, 0xe5, 0x4, 0x30, 0x8,
    0x9d, 0xf9, 0x40, 0x3d, 0x28, 0x8d, 0x20, 0xf,
    0xfe, 0x14, 0xc, 0x51, 0xeb, 0x88, 0x7, 0xfc,
    0xae, 0xc6, 0x38, 0xb0, 0x47, 0x51, 0x1f, 0x8,
    0x41, 0xc8, 0x0, 0x6b, 0x5d, 0x1d, 0xfe, 0x61,
    0xc, 0xc0, 0x7, 0x14, 0x5e, 0xff, 0xfb, 0x80,

    /* U+5BBD "宽" */
    0x0, 0xfc, 0x58, 0xe0, 0x1f, 0xfc, 0x52, 0x18,
    0x10, 0xf, 0xe7, 0xff, 0xf8, 0x83, 0xbf, 0xfd,
    0x0, 0x1a, 0xee, 0x97, 0xbb, 0xcf, 0x37, 0x70,
    0x7, 0xa, 0x24, 0x2e, 0xa8, 0x85, 0x71, 0x44,
    0x80, 0x31, 0xbb, 0xbb, 0x90, 0x1d, 0xd8, 0x23,
    0xb9, 0xd, 0xa0, 0x4, 0x95, 0xaa, 0x28, 0x55,
    0x60, 0x6a, 0xaa, 0x54, 0x3, 0x12, 0x23, 0xd1,
    0x51, 0xa, 0x78, 0x88, 0x20, 0xf, 0x95, 0x41,
    0xca, 0xba, 0x41, 0x54, 0x1, 0xfa, 0xab, 0xff,
    0x80, 0x1, 0xfc, 0xff, 0xf5, 0x6f, 0xfc, 0xa0,
    0x1f, 0xfc, 0x13, 0xa4, 0x0, 0xff, 0xec, 0xa0,
    0x66, 0x0, 0x3f, 0xf8, 0x67, 0x6, 0x46, 0x0,
    0x23, 0x2, 0xa1, 0x0, 0xdf, 0x2f, 0x85, 0xa0,
    0x1a, 0x30, 0x19, 0x4c, 0x0, 0x2b, 0x5d, 0xd,
    0xa2, 0x0, 0x65, 0x5d, 0xe2, 0x41, 0x7d, 0x4f,
    0x1d, 0x20, 0xa, 0x29, 0xaa, 0xcb, 0x0, 0x9,
    0x97, 0x6b, 0x88, 0x4, 0x5b, 0xff, 0xdc, 0xc0,

    /* U+5BFC "导" */
    0x1, 0x33, 0xff, 0xe0, 0x88, 0x4, 0xd9, 0x9f,
    0xfc, 0x16, 0x0, 0xec, 0xee, 0xff, 0x0, 0x7c,
    0x42, 0x3f, 0xe0, 0xf, 0x99, 0xbf, 0xe0, 0xf,
    0xa2, 0x67, 0xfc, 0x1, 0xf7, 0x7f, 0xff, 0xcd,
    0x4, 0x4, 0xc, 0x45, 0xff, 0x43, 0x88, 0x2a,
    0xa3, 0x77, 0xfe, 0x66, 0x18, 0x2, 0xbf, 0xb9,
    0xbb, 0xe5, 0xae, 0xf9, 0x0, 0xe1, 0x11, 0x17,
    0x1a, 0x90, 0x80, 0x59, 0xff, 0xfe, 0xe0, 0x8f,
    0xfb, 0x26, 0x20, 0xa7, 0x11, 0xf0, 0x24, 0x45,
    0x2a, 0xee, 0xd3, 0xe7, 0x7e, 0x60, 0xc7, 0x79,
    0x40, 0x27, 0xa6, 0x90, 0xf, 0xfe, 0x1a, 0xcb,
    0x20, 0x7, 0xff, 0xd, 0xb1, 0x13, 0x38, 0x7,
    0xff, 0x0, 0xc3, 0x6e, 0xd2, 0x6a, 0x1, 0xff,
    0xc0, 0x9f, 0xfb, 0x8, 0x3, 0x0,

    /* U+5C31 "就" */
    0x0, 0x92, 0xc4, 0x3, 0xd2, 0xe0, 0x1f, 0x99,
    0x18, 0x3, 0xc9, 0xc9, 0x20, 0x12, 0xac, 0xe5,
    0x2a, 0xb0, 0x80, 0x65, 0x78, 0x0, 0x5d, 0x54,
    0x43, 0x55, 0x10, 0x4, 0x22, 0xb7, 0x30, 0xef,
    0xff, 0xc6, 0x0, 0x3f, 0x5, 0x82, 0x0, 0x22,
    0x7c, 0x2b, 0x10, 0x1b, 0x88, 0x7c, 0x80, 0x26,
    0xef, 0xcf, 0xac, 0xc0, 0x26, 0x6c, 0x20, 0x8,
    0xff, 0xc0, 0x8, 0xef, 0xa, 0xee, 0xc2, 0x1,
    0xff, 0x10, 0x63, 0x80, 0x7a, 0x73, 0x30, 0x6,
    0x60, 0x1b, 0x0, 0xeb, 0x9b, 0x27, 0xb8, 0x40,
    0x6, 0x18, 0x7, 0xce, 0x4e, 0x67, 0x9, 0x0,
    0x11, 0x40, 0x3e, 0x7b, 0x0, 0xd2, 0x20, 0x44,
    0xd0, 0xf, 0xa9, 0xc0, 0x24, 0x26, 0xa, 0x14,
    0x0, 0xf1, 0x9a, 0xc0, 0x35, 0x60, 0x34, 0x80,
    0x74, 0x14, 0x21, 0x0, 0x67, 0xb8, 0x7, 0x0,
    0xe4, 0x44, 0x49, 0x21, 0x80, 0x4a, 0xf6, 0x0,
    0x11, 0x11, 0x63, 0x24, 0xb0, 0xb0, 0x4, 0x41,
    0x40, 0x16, 0x7b, 0xa2, 0x40, 0x3, 0x7f, 0x18,
    0x3, 0x5c, 0x2, 0x3e, 0xff, 0x60, 0x0,

    /* U+5DF2 "已" */
    0x88, 0xff, 0xe1, 0x30, 0x4, 0xce, 0xff, 0xfc,
    0x1d, 0x0, 0xbb, 0xff, 0xff, 0x80, 0x40, 0x1c,
    0x64, 0x1, 0xff, 0xc4, 0xe8, 0x0, 0xff, 0xf4,
    0xaf, 0xff, 0xf8, 0x80, 0x3c, 0x4e, 0xff, 0xe1,
    0x0, 0xf3, 0xc4, 0x7f, 0xa7, 0x40, 0x3f, 0xf8,
    0x8e, 0xc0, 0x1f, 0xfc, 0x61, 0x10, 0x7, 0xff,
    0x11, 0x38, 0xc0, 0x3f, 0xf8, 0x7a, 0x4, 0x0,
    0x10, 0xf, 0xfe, 0x2, 0x90, 0x82, 0x22, 0xe1,
    0xdf, 0xf4, 0x61, 0x50, 0x2, 0x59, 0x8f, 0x11,
    0xf9, 0xc5, 0xdc, 0x0,

    /* U+5E94 "应" */
    0x0, 0xfe, 0x5d, 0x10, 0xf, 0xfe, 0x2b, 0x94,
    0x0, 0x7f, 0x89, 0xc, 0xf8, 0x4d, 0x8c, 0xfc,
    0x40, 0x15, 0xdb, 0x33, 0xc6, 0x19, 0x9e, 0xf0,
    0xe, 0xcc, 0xff, 0xe1, 0x78, 0x7, 0x19, 0xf8,
    0x4c, 0xf8, 0x8, 0x80, 0x1f, 0x10, 0x0, 0xf4,
    0xc0, 0x37, 0x60, 0x7, 0xd1, 0x80, 0x3, 0xb,
    0x0, 0x84, 0x94, 0x3, 0x84, 0x2c, 0x50, 0x0,
    0x8a, 0x1, 0x38, 0x58, 0x7, 0xc6, 0x5c, 0x0,
    0xc2, 0x10, 0x5, 0x11, 0x80, 0x63, 0x30, 0x1,
    0x54, 0x0, 0x40, 0x40, 0x23, 0xa0, 0xe, 0x11,
    0x0, 0x2c, 0x14, 0xc, 0x34, 0x28, 0x18, 0x3,
    0x9d, 0xc0, 0x3, 0x1f, 0x0, 0x36, 0x83, 0x30,
    0x40, 0x38, 0xc8, 0x2, 0x6d, 0x0, 0x4a, 0xb0,
    0xc0, 0x7, 0x10, 0x78, 0x5, 0xe, 0x1, 0xa1,
    0x84, 0x3, 0x90, 0x14, 0x3, 0xf4, 0xc, 0x0,
    0x7b, 0x44, 0xf3, 0xff, 0xe7, 0xe, 0xff, 0xc2,
    0x24, 0x60, 0xa8, 0x8f, 0xfe, 0x10, 0x8b, 0x24,
    0x19, 0xdf, 0xff, 0x84, 0x0,

    /* U+5EA6 "度" */
    0x0, 0xff, 0xe8, 0xa7, 0x18, 0x7, 0xff, 0x15,
    0x2, 0x0, 0x3f, 0xcf, 0xff, 0xf0, 0xa7, 0xff,
    0xb8, 0x3, 0xa2, 0x3f, 0xf8, 0x60, 0x1c, 0xef,
    0x24, 0xab, 0xbe, 0xa0, 0x77, 0x30, 0x7, 0x9,
    0x11, 0x45, 0x88, 0xbb, 0x88, 0x82, 0x1, 0xd3,
    0xba, 0x90, 0xbd, 0xdc, 0xd, 0xba, 0xa0, 0xe,
    0x9e, 0xe5, 0x5, 0xf7, 0x60, 0x7e, 0xe5, 0x0,
    0x70, 0x8e, 0x6, 0x11, 0xc0, 0x1, 0x18, 0x2,
    0xf0, 0xf, 0x6f, 0xfe, 0x0, 0xfe, 0x10, 0x9,
    0x6e, 0xfe, 0xa0, 0xf, 0x11, 0x8a, 0x21, 0x40,
    0x3e, 0x63, 0x0, 0xe1, 0x62, 0xbb, 0xff, 0xb0,
    0x40, 0x32, 0x91, 0xff, 0xa, 0xff, 0xf4, 0x84,
    0x88, 0x4, 0x22, 0xe0, 0x0, 0xea, 0x61, 0x0,
    0xcc, 0xa1, 0x80, 0x32, 0x2, 0x0, 0x47, 0x81,
    0xb5, 0xcf, 0x6e, 0x1, 0xde, 0x26, 0x0, 0x24,
    0xa1, 0x5, 0x3, 0xc4, 0x0, 0xc2, 0xae, 0x19,
    0xfb, 0x68, 0xb9, 0xf6, 0x8d, 0x7f, 0xd6, 0x3,
    0x76, 0x8, 0xac, 0xfc, 0x83, 0x4, 0x9e, 0xda,
    0x9e, 0x0,

    /* U+5EB7 "康" */
    0x0, 0xfe, 0x5e, 0x30, 0xf, 0xf8, 0x40, 0x39,
    0x3, 0xc0, 0x3f, 0xd5, 0xdf, 0xfd, 0xc2, 0x7f,
    0xff, 0x0, 0x62, 0xbb, 0xf2, 0x5, 0xdf, 0xc0,
    0x18, 0x51, 0x57, 0x84, 0x15, 0x79, 0x10, 0x1,
    0xea, 0xee, 0xca, 0x1d, 0xdc, 0x60, 0x1f, 0x5f,
    0xfe, 0x61, 0xff, 0xb0, 0x3, 0xf1, 0xaa, 0xf1,
    0xa, 0xac, 0x81, 0x6c, 0x20, 0x1a, 0xe6, 0x79,
    0x42, 0x66, 0xa0, 0x68, 0x30, 0xd, 0x19, 0x9c,
    0xe3, 0x99, 0x70, 0x6f, 0x10, 0x0, 0x5c, 0x3b,
    0xff, 0x30, 0xff, 0xd8, 0x1, 0xe7, 0x10, 0x9b,
    0xdd, 0x94, 0x37, 0x75, 0x88, 0x6, 0x13, 0xc,
    0xb7, 0x22, 0x18, 0x51, 0x11, 0xee, 0x40, 0x31,
    0x70, 0x5b, 0xd3, 0x1, 0x3, 0xb4, 0xd3, 0x58,
    0x4, 0x40, 0x60, 0x8, 0x9f, 0xe4, 0x19, 0x93,
    0xe4, 0x80, 0x67, 0x5, 0x3, 0xa9, 0x48, 0x60,
    0x69, 0x18, 0x30, 0xd, 0xe4, 0x1b, 0x8f, 0x5a,
    0xc0, 0x13, 0x63, 0x65, 0xb0, 0xa, 0xa8, 0x52,
    0xf5, 0x8c, 0xc4, 0x1, 0x1e, 0xd3, 0xd0, 0x1,
    0x24, 0x25, 0x2, 0xf3, 0xb, 0x20, 0x19, 0x73,
    0x0, 0x36, 0x20, 0x1a, 0x3f, 0xdc, 0xe0, 0x1f,
    0x80,

    /* U+5F00 "开" */
    0x18, 0x8f, 0xfe, 0x21, 0x81, 0xbb, 0xff, 0xf1,
    0x14, 0xb, 0xfe, 0xe0, 0x8f, 0xfe, 0x6, 0xff,
    0x98, 0x3, 0xff, 0xfe, 0x0, 0x55, 0xce, 0x1a,
    0xab, 0xc0, 0x4a, 0xb8, 0x2e, 0xaa, 0x90, 0x5a,
    0xae, 0x4, 0xaa, 0xc1, 0xfd, 0xd5, 0x85, 0x77,
    0x70, 0x37, 0x76, 0x1, 0x1c, 0x40, 0xc2, 0x3c,
    0x0, 0x11, 0xc0, 0x1d, 0xe0, 0x60, 0x1f, 0xfc,
    0x47, 0x40, 0xf, 0xfe, 0x23, 0x8f, 0x0, 0x7f,
    0xf0, 0xca, 0x9, 0x40, 0x3f, 0xf8, 0x45, 0x81,
    0xc0, 0x1f, 0xfc, 0x25, 0xd1, 0xb3, 0x0, 0xff,
    0xe1, 0x31, 0x62, 0x0, 0x7f, 0xf0, 0xcf, 0x4c,
    0x3, 0xfb, 0xe4, 0x3, 0x80,

    /* U+5F15 "引" */
    0x0, 0xff, 0xe1, 0x9, 0x80, 0x37, 0xff, 0xec,
    0x0, 0xcf, 0x82, 0x17, 0x11, 0xe3, 0x10, 0xf,
    0xcc, 0xef, 0xe5, 0x0, 0xff, 0xe7, 0xb3, 0x15,
    0x78, 0x3, 0xf9, 0x26, 0x55, 0x58, 0xc0, 0x3f,
    0x88, 0x3b, 0xff, 0xb4, 0x3, 0xf7, 0x88, 0x80,
    0x3f, 0xf8, 0x4a, 0xa0, 0xf, 0xfe, 0x19, 0xa7,
    0xff, 0xb8, 0x3, 0xe1, 0x88, 0xf8, 0x8c, 0x3,
    0xe1, 0x77, 0xf8, 0x44, 0x1, 0xff, 0xc3, 0x26,
    0x0, 0xff, 0xe1, 0x89, 0x0, 0x7f, 0xf0, 0x90,
    0x34, 0x3, 0xfc, 0xae, 0xf4, 0x82, 0x0, 0x7f,
    0xd1, 0x11, 0xc8, 0x80, 0x7f, 0x97, 0xfe, 0xe6,
    0x0, 0xfc,

    /* U+5F26 "弦" */
    0x0, 0xff, 0xa5, 0x80, 0x3d, 0x5f, 0xfc, 0x1,
    0xc7, 0x2, 0x1, 0xdd, 0x33, 0x28, 0x7, 0xa0,
    0x58, 0x3, 0x91, 0x9a, 0xd0, 0x2a, 0xad, 0x3,
    0x95, 0x58, 0x80, 0x3e, 0x77, 0xca, 0x2c, 0xef,
    0x84, 0xa1, 0x99, 0xa0, 0x5b, 0xb4, 0x5, 0x6e,
    0xf1, 0xbb, 0xa6, 0x4a, 0x1, 0xd0, 0x8a, 0x0,
    0x50, 0x8, 0xc7, 0xff, 0x0, 0x50, 0x52, 0x0,
    0x6a, 0x60, 0xf, 0xf2, 0x3d, 0x10, 0x14, 0xa3,
    0x0, 0x4, 0xc0, 0x38, 0xe8, 0x89, 0x13, 0xe3,
    0x40, 0x17, 0x97, 0xfe, 0xb, 0x12, 0x95, 0x62,
    0xa1, 0x0, 0xae, 0x26, 0x4a, 0x21, 0x3d, 0xfd,
    0x1, 0x8, 0x1, 0x8d, 0xd9, 0x84, 0x60, 0x22,
    0x3, 0xa5, 0x77, 0x40, 0x7, 0xc2, 0x20, 0x8,
    0x74, 0xe8, 0x9, 0xd0, 0x3, 0xc4, 0xe0, 0x1,
    0xc3, 0xd0, 0x2, 0xa4, 0x80, 0x79, 0x88, 0x7,
    0xa, 0x9a, 0x6a, 0xd4, 0x9c, 0x0, 0xcc, 0x72,
    0xf1, 0xf2, 0x8, 0xa2, 0x3, 0x94, 0x80, 0x5,
    0xcc, 0x23, 0xc, 0xef, 0xfb, 0x6e, 0xa1, 0xe1,
    0x84, 0x37, 0xfd, 0x60, 0x7, 0x20, 0xf, 0x8e,
    0x44,

    /* U+5F3A "强" */
    0xc, 0xff, 0xe9, 0xc, 0xff, 0xfb, 0x80, 0x29,
    0x9e, 0x10, 0x0, 0xa5, 0x57, 0x28, 0x6, 0x56,
    0x6c, 0x60, 0x11, 0x2a, 0xf1, 0x0, 0x7f, 0xf3,
    0x50, 0xce, 0x0, 0xcd, 0xff, 0xce, 0x1, 0x8e,
    0xf3, 0x22, 0x0, 0x4d, 0x52, 0x2, 0x2a, 0xa0,
    0x9, 0x87, 0x77, 0x40, 0x22, 0xa9, 0x1, 0x15,
    0x48, 0x1, 0x69, 0x17, 0x9, 0xff, 0xd8, 0x19,
    0xff, 0x28, 0x0, 0x98, 0x3, 0xea, 0xb8, 0x8,
    0xbb, 0x0, 0x67, 0x4c, 0xcc, 0xa0, 0x4, 0x48,
    0x11, 0x21, 0x0, 0x95, 0xd5, 0x63, 0x30, 0x7,
    0xff, 0x6, 0x26, 0x68, 0x3, 0x0, 0x77, 0xe0,
    0x67, 0xf8, 0x40, 0x3e, 0x20, 0x62, 0xbb, 0xa0,
    0x22, 0xe6, 0x48, 0x1, 0xe6, 0x1, 0x12, 0x26,
    0x4, 0x45, 0x68, 0x80, 0x7b, 0x40, 0x80, 0x3f,
    0x72, 0x30, 0x4, 0x8a, 0xcc, 0x40, 0x67, 0x89,
    0x80, 0xed, 0xc0, 0x80, 0xb, 0x6a, 0x4e, 0x3,
    0xff, 0xb3, 0xf3, 0xb8, 0x2a, 0x0, 0x9f, 0xf6,
    0x98, 0x4c, 0x3b, 0x21, 0x90, 0x80, 0xf2, 0x80,

    /* U+5F53 "当" */
    0x0, 0xfb, 0x28, 0x3, 0xe4, 0xd2, 0x0, 0xc4,
    0x20, 0x18, 0xbd, 0xd4, 0xf8, 0x3, 0xfd, 0x0,
    0xa3, 0x66, 0xa0, 0x1f, 0x89, 0x58, 0x81, 0x4a,
    0xc0, 0x3f, 0x40, 0x40, 0x5, 0x0, 0x40, 0x1e,
    0x35, 0x91, 0x0, 0x97, 0x88, 0x3, 0xc7, 0xac,
    0x0, 0x4c, 0xcf, 0xa, 0x66, 0x5d, 0x98, 0x60,
    0x77, 0xf2, 0x21, 0xdf, 0x8f, 0x92, 0xef, 0xff,
    0x81, 0x40, 0x1f, 0xfc, 0x73, 0x55, 0xff, 0x90,
    0x2, 0x8a, 0xaf, 0xfe, 0x0, 0x5, 0x5b, 0xbf,
    0xf6, 0x0, 0x42, 0x45, 0xff, 0xc0, 0x0, 0xff,
    0xe3, 0x5f, 0xff, 0xff, 0x3, 0x80, 0x1a, 0xef,
    0xff, 0xc0, 0x60, 0x3, 0x44, 0x7f, 0xf0, 0x40,
    0x0,

    /* U+5F62 "形" */
    0x0, 0xff, 0xe2, 0x9, 0x0, 0x4a, 0xef, 0xfc,
    0x60, 0x10, 0xee, 0x8, 0x3, 0xa2, 0x3f, 0x94,
    0x0, 0x58, 0x5a, 0x20, 0xb, 0xf7, 0x1f, 0xf8,
    0x5b, 0xd8, 0x17, 0xf, 0xc, 0x3, 0xff, 0x82,
    0x57, 0x49, 0xe4, 0x1, 0xff, 0xc2, 0x21, 0xaa,
    0x8, 0x7, 0xff, 0x12, 0x94, 0x2, 0xb6, 0x0,
    0xff, 0xe2, 0xe, 0x22, 0x0, 0xbf, 0xce, 0x3f,
    0xf0, 0xb7, 0xd8, 0x0, 0xb0, 0xb0, 0x80, 0xa6,
    0x48, 0x13, 0x30, 0x1c, 0xf8, 0x36, 0x86, 0x18,
    0x4, 0xcc, 0x22, 0x33, 0x42, 0xac, 0xb9, 0x2b,
    0x84, 0x1, 0xe3, 0x10, 0xf, 0xd, 0x54, 0x20,
    0x26, 0x1, 0x99, 0xc0, 0x3e, 0x65, 0x0, 0xaf,
    0x8, 0x2, 0x33, 0x0, 0x7f, 0xce, 0xb2, 0x40,
    0x3, 0xd, 0x0, 0xff, 0x3c, 0x2b, 0x0, 0x54,
    0x8, 0x1, 0xfd, 0x30, 0xb4, 0x1, 0xb, 0x28,
    0x80, 0x7c, 0x78, 0xcf, 0x40, 0x1a, 0x82, 0x0,
    0x3c, 0x35, 0x85, 0x50, 0x1, 0xc3, 0x4, 0x1,
    0xe1, 0x6, 0xf5, 0x0, 0xf5, 0x38, 0x7, 0x74,
    0x85, 0x48, 0x80, 0x78,

    /* U+5F85 "待" */
    0x0, 0xc5, 0x24, 0x1, 0xd4, 0xc0, 0x1f, 0xee,
    0x73, 0x0, 0xe4, 0xf0, 0xf, 0xc3, 0x87, 0xa2,
    0x23, 0x3c, 0x26, 0x7c, 0x1, 0x16, 0x1e, 0x18,
    0x26, 0x66, 0x5, 0xcc, 0xc4, 0x0, 0xf3, 0xd3,
    0x30, 0x2e, 0xee, 0x5, 0xdd, 0xc4, 0x0, 0xef,
    0x21, 0xc8, 0x2, 0x2c, 0x26, 0x45, 0x80, 0x23,
    0x10, 0xa1, 0xb5, 0x5e, 0x12, 0x55, 0xe1, 0x0,
    0xa1, 0x2e, 0xd5, 0x5c, 0x9, 0x55, 0xc4, 0x0,
    0x77, 0x3, 0xc7, 0xff, 0xdc, 0x13, 0xfe, 0x30,
    0x78, 0x10, 0xf, 0xfe, 0x21, 0xc2, 0x58, 0x0,
    0x5d, 0xfe, 0x90, 0xd7, 0x70, 0x1c, 0x58, 0x80,
    0xa, 0x67, 0xe7, 0x4, 0x99, 0x8, 0x38, 0x6,
    0x3e, 0xe5, 0x77, 0x70, 0x4f, 0x70, 0x40, 0x3f,
    0x3d, 0xa0, 0x7, 0xff, 0x15, 0xd2, 0x84, 0x3,
    0xff, 0x8b, 0x23, 0x0, 0x1f, 0xfc, 0x52, 0x8c,
    0x0, 0xff, 0xe3, 0x3a, 0xb3, 0x40, 0x1f, 0xfc,
    0x5a, 0x98, 0x37, 0x0, 0xf2, 0x79, 0x0, 0x7b,
    0x3f, 0xd8, 0x20, 0x10,

    /* U+6210 "成" */
    0x0, 0xff, 0x16, 0x20, 0xc0, 0x80, 0x7f, 0xf0,
    0xcc, 0x88, 0xbc, 0xe0, 0x1f, 0xfc, 0x13, 0x0,
    0x1e, 0xc4, 0x24, 0x3, 0x1b, 0xb3, 0x7c, 0x18,
    0xcc, 0x15, 0x16, 0x0, 0x92, 0x26, 0x7d, 0x0,
    0xb3, 0x32, 0xbc, 0x80, 0x76, 0xf7, 0x78, 0x57,
    0xbb, 0xc0, 0x1c, 0x62, 0x3e, 0x31, 0x1c, 0x40,
    0x20, 0x1c, 0x89, 0x94, 0x81, 0x98, 0x0, 0x1c,
    0x80, 0xf, 0x55, 0xdd, 0x48, 0x4, 0x40, 0x3,
    0x85, 0x0, 0x7b, 0x7b, 0x9a, 0x1, 0x78, 0x10,
    0x59, 0x98, 0x3, 0x78, 0x10, 0x88, 0xc0, 0xc1,
    0x41, 0xd8, 0xa0, 0x3, 0x84, 0x3, 0xf1, 0x87,
    0x42, 0x20, 0x3, 0x8c, 0x80, 0x23, 0x1, 0x0,
    0x22, 0x6, 0x40, 0x3c, 0xec, 0x1, 0x30, 0x38,
    0x0, 0x42, 0x8, 0x4, 0x80, 0x2, 0x46, 0x50,
    0xf0, 0x4, 0x10, 0xa1, 0x80, 0x5, 0xd1, 0x7,
    0xc, 0x25, 0xa1, 0x90, 0xa7, 0x79, 0x14, 0x8,
    0x4, 0x2c, 0x50, 0x37, 0x63, 0xf5, 0x98, 0x81,
    0x55, 0x2d, 0x0, 0x42, 0x0, 0x38, 0x4f, 0x18,
    0x1, 0x8a, 0xa3, 0x80, 0x1d, 0x60, 0xe, 0x4d,
    0x30, 0x8, 0x6b, 0xf8, 0xc0,

    /* U+6240 "所" */
    0x0, 0xf8, 0x58, 0x40, 0x3c, 0x70, 0x40, 0x18,
    0xd6, 0x33, 0xa6, 0x0, 0x51, 0xeb, 0xb1, 0xec,
    0x2, 0xdc, 0xa5, 0x68, 0xc9, 0x5e, 0xb8, 0x66,
    0x57, 0x48, 0x6, 0x4f, 0xda, 0x73, 0x0, 0xaf,
    0xf2, 0x14, 0x40, 0x38, 0x40, 0x3f, 0x38, 0x7,
    0xf9, 0x7f, 0xf8, 0x3, 0xff, 0x84, 0x73, 0x32,
    0x80, 0x80, 0x7f, 0xf0, 0x59, 0xb6, 0x0, 0x6c,
    0xff, 0xf2, 0x80, 0x7f, 0xf0, 0x1a, 0x20, 0x81,
    0x10, 0x70, 0x8, 0x4c, 0xee, 0x0, 0xd4, 0xee,
    0xc0, 0x77, 0x10, 0x4, 0x99, 0x93, 0x80, 0xc,
    0x4, 0x3, 0xf8, 0xd7, 0x77, 0x84, 0x40, 0x60,
    0x1f, 0xc2, 0x45, 0xe0, 0xf0, 0x10, 0xf, 0xf7,
    0x80, 0x78, 0xc8, 0x3, 0xf8, 0x80, 0x80, 0x3c,
    0xae, 0x1, 0xfc, 0xe0, 0xe0, 0x1c, 0x83, 0xe0,
    0x1f, 0xd8, 0x4, 0x1, 0xde, 0xa, 0x1, 0xfc,
    0xea, 0x1, 0xc8, 0x87, 0x0, 0xff, 0x27, 0x0,
    0x73, 0x9c, 0x0, 0x7f, 0xa9, 0x0, 0x38, 0xf0,
    0x3, 0x9f, 0xc0, 0x20,

    /* U+6279 "批" */
    0x0, 0x93, 0xc8, 0x0, 0xac, 0x1, 0x23, 0x80,
    0x7e, 0x10, 0xd, 0xf6, 0x1, 0x6c, 0x80, 0x7f,
    0xf8, 0x47, 0xfd, 0x41, 0xbe, 0xc0, 0x1f, 0xc2,
    0x0, 0x18, 0x82, 0x83, 0xc2, 0x80, 0x7e, 0x2f,
    0x90, 0x3, 0xbb, 0xc2, 0x9c, 0xc0, 0xd5, 0x46,
    0x0, 0x3c, 0x3b, 0x0, 0xff, 0xd, 0x52, 0x0,
    0x71, 0x70, 0x80, 0x3f, 0xc5, 0xdc, 0xb0, 0x3,
    0xd8, 0x80, 0x7d, 0x7b, 0x0, 0x1, 0x10, 0x0,
    0x60, 0x3, 0xb, 0xdd, 0x3, 0xa5, 0x80, 0x7f,
    0xf0, 0x61, 0xd0, 0x32, 0x4c, 0x3, 0xff, 0x80,
    0x3d, 0x9c, 0x1, 0xff, 0xc5, 0x10, 0xf, 0xfe,
    0x91, 0x0, 0x62, 0xd1, 0x0, 0xfc, 0x27, 0x5f,
    0x0, 0x19, 0x88, 0xc1, 0x17, 0x0, 0x22, 0x41,
    0x78, 0xb1, 0x13, 0xbb, 0x80, 0x80, 0xe9, 0xd4,
    0x80, 0x92, 0xb5, 0xc6, 0x86, 0x20, 0xae, 0x0,

    /* U+62DF "拟" */
    0x0, 0x9f, 0x80, 0x21, 0x20, 0xf, 0x2a, 0x80,
    0x3f, 0xd3, 0x80, 0x1e, 0x9e, 0x0, 0xff, 0xe0,
    0x1f, 0x10, 0x7, 0xff, 0x14, 0xcd, 0x0, 0x10,
    0x88, 0x2, 0xef, 0x81, 0xfc, 0x0, 0xd6, 0xa2,
    0x0, 0x32, 0x0, 0xa2, 0x8, 0x11, 0x40, 0x19,
    0x82, 0x40, 0x3, 0xe0, 0x13, 0x3e, 0xb, 0xb0,
    0x7, 0x33, 0x0, 0x40, 0x40, 0x3f, 0xf8, 0x5a,
    0x26, 0x40, 0x40, 0x1f, 0xfc, 0x24, 0x93, 0x60,
    0x60, 0xf, 0xc, 0xe0, 0x7, 0x98, 0x34, 0x8,
    0x2, 0x49, 0x90, 0x3a, 0x80, 0x7e, 0x32, 0x0,
    0x86, 0xd8, 0xc3, 0xa4, 0x3, 0x8c, 0x81, 0x8,
    0xc0, 0x3, 0x7f, 0x42, 0x1, 0xe7, 0xc5, 0x50,
    0x2, 0x0, 0x24, 0x0, 0xf8, 0x6e, 0x1d, 0xdc,
    0x30, 0x84, 0x1, 0xfc, 0x40, 0x95, 0x6, 0x8c,
    0xc0, 0xa0, 0xf, 0xc6, 0xa5, 0xaa, 0x1e, 0x12,
    0x2a, 0xc0, 0x1f, 0x9d, 0x34, 0x82, 0x8e, 0x44,
    0x3c, 0x54, 0xd, 0x74, 0x2, 0x4b, 0x0, 0x52,
    0xa9, 0x80, 0xa, 0x1a, 0xd, 0x49, 0x20, 0x1e,
    0xe5, 0xa0, 0xd, 0xb0,

    /* U+62E9 "择" */
    0x0, 0x9b, 0xc0, 0x3f, 0xf8, 0xc2, 0x1, 0x17,
    0xff, 0xf6, 0x80, 0x7f, 0x14, 0x98, 0xcc, 0xe7,
    0x7, 0x0, 0xff, 0x37, 0x8, 0x99, 0xa4, 0x1b,
    0x0, 0xf, 0xfa, 0x3, 0xfc, 0xa0, 0x53, 0xc,
    0x38, 0x7a, 0x20, 0x1, 0x88, 0x20, 0x44, 0x1c,
    0x0, 0xd1, 0x3e, 0x58, 0x60, 0x19, 0xdd, 0x80,
    0xee, 0x20, 0x0, 0xf0, 0x9, 0xb8, 0x7, 0xff,
    0x0, 0xe7, 0x9e, 0x70, 0x6f, 0x18, 0x40, 0x3f,
    0x56, 0x24, 0x73, 0x8e, 0x50, 0x4f, 0x10, 0x7,
    0x57, 0xfa, 0xf5, 0xc2, 0x30, 0x17, 0x36, 0xc8,
    0x5e, 0xe0, 0x1e, 0x10, 0x19, 0xa5, 0x16, 0x6c,
    0x80, 0x8, 0x74, 0xd, 0x71, 0xd9, 0x98, 0xc2,
    0x66, 0xe0, 0x0, 0xf6, 0x60, 0x3, 0x4f, 0xfc,
    0xc3, 0xff, 0x50, 0x4, 0x20, 0x1e, 0x11, 0xc0,
    0x23, 0xe0, 0xf, 0xd5, 0xdd, 0x98, 0x3b, 0xb8,
    0x80, 0x3e, 0x9b, 0xbc, 0x81, 0x77, 0xc4, 0x6,
    0xd8, 0x1, 0x1a, 0x26, 0x21, 0x44, 0xe0, 0x3,
    0x4a, 0xb8, 0x7, 0xff, 0x11, 0x7f, 0xa0, 0x3,
    0xe8, 0xf0, 0xf, 0x0,

    /* U+63A5 "接" */
    0x0, 0xb9, 0xc0, 0x3c, 0xf4, 0x1, 0xff, 0xc6,
    0x45, 0x50, 0x7, 0xff, 0x5, 0xfb, 0xad, 0xa,
    0xee, 0xc8, 0x1, 0xf9, 0x21, 0xa6, 0x26, 0x50,
    0x93, 0xc, 0x9, 0xfe, 0x18, 0xf7, 0x36, 0x4d,
    0x66, 0x95, 0x42, 0xc4, 0xd, 0x10, 0x4, 0x84,
    0x0, 0x42, 0x98, 0x2, 0x9, 0x80, 0x22, 0x77,
    0xe, 0x39, 0x80, 0x11, 0x5c, 0xd, 0x24, 0x3,
    0xfc, 0x7f, 0xf2, 0xdf, 0xe0, 0x5f, 0xfb, 0x40,
    0x3e, 0x2b, 0xbc, 0x8f, 0x77, 0xdc, 0x1, 0xdb,
    0x4a, 0x89, 0x32, 0x6a, 0x27, 0x18, 0xa, 0xd0,
    0xaa, 0x1a, 0xad, 0x20, 0x5, 0x5f, 0x3, 0xd2,
    0x3, 0x70, 0x55, 0x48, 0x15, 0x5f, 0xb, 0xdf,
    0xf, 0x3, 0xff, 0x8c, 0xdf, 0xf7, 0x4, 0x7f,
    0x84, 0x48, 0x1, 0xe7, 0x3e, 0x0, 0xa4, 0x18,
    0x3, 0xfe, 0xb0, 0xc8, 0x23, 0x76, 0x10, 0xf,
    0xfb, 0x35, 0x99, 0xb8, 0x32, 0x1, 0xff, 0xc1,
    0x2b, 0x40, 0x11, 0x62, 0x0, 0x65, 0x61, 0x0,
    0x1b, 0xd7, 0x63, 0x57, 0x58, 0x5d, 0x84, 0x1,
    0xf2, 0x6a, 0xd, 0x23, 0x3b, 0x8a, 0x9, 0x92,
    0xc6, 0x0, 0xaf, 0xc2, 0x5, 0xeb, 0x72, 0x0,
    0xe6, 0xd2, 0x0,

    /* U+653E "放" */
    0x0, 0xcf, 0x0, 0x1e, 0xa7, 0x0, 0xff, 0x9c,
    0x40, 0x39, 0x7c, 0x3, 0xfc, 0xc0, 0x80, 0x19,
    0x3, 0x40, 0x3c, 0x33, 0x34, 0x26, 0x4c, 0x98,
    0x30, 0x1c, 0x47, 0x80, 0x8, 0x86, 0x69, 0x12,
    0xc0, 0x50, 0xde, 0xee, 0x31, 0xdd, 0x1a, 0x6e,
    0xea, 0x22, 0x2d, 0x54, 0x27, 0x44, 0x1, 0xfe,
    0xb0, 0x2, 0xac, 0x28, 0xa2, 0x1, 0x99, 0xde,
    0x61, 0x60, 0x40, 0x1, 0x86, 0x0, 0x78, 0xa2,
    0x2b, 0xb0, 0x48, 0x90, 0x20, 0x28, 0x7, 0x97,
    0xfc, 0xc0, 0x7, 0x60, 0x50, 0xb4, 0x10, 0xe,
    0x10, 0x8, 0xc6, 0xa0, 0x16, 0x88, 0xf4, 0x3,
    0xc6, 0x40, 0x1f, 0x71, 0x78, 0x30, 0x7, 0x8,
    0xb8, 0x0, 0x2e, 0x1, 0x21, 0x11, 0xc0, 0x3c,
    0x80, 0xa0, 0x7, 0x0, 0xfb, 0xc0, 0x3d, 0xe2,
    0x60, 0x1, 0x10, 0x5, 0x64, 0x70, 0x80, 0x18,
    0xd6, 0x40, 0x22, 0x20, 0xe, 0x25, 0x69, 0x5a,
    0x0, 0x5c, 0x2e, 0x6a, 0xe1, 0xef, 0xc5, 0x6a,
    0x3e, 0x57, 0x22, 0x47, 0xa0, 0xd5, 0x6, 0xb2,
    0xbe, 0x80, 0x2, 0xc5, 0x41, 0x2e, 0x30, 0x5f,
    0xf6, 0x17, 0xd0, 0x80, 0x61, 0xad, 0x0,

    /* U+6570 "数" */
    0x0, 0x10, 0x3, 0x18, 0x4, 0x80, 0xa, 0xe0,
    0x1f, 0xe, 0xa0, 0x10, 0x85, 0xf0, 0x3, 0xec,
    0x3, 0xe1, 0x78, 0x0, 0x8d, 0x78, 0x0, 0xea,
    0x1, 0xf0, 0xe2, 0x88, 0xbd, 0xa0, 0xc4, 0xb,
    0x0, 0x3c, 0x3d, 0x6d, 0xc0, 0xf5, 0x1d, 0x8,
    0x15, 0xff, 0xb8, 0x7, 0x76, 0x30, 0x3, 0xee,
    0xa3, 0x42, 0x22, 0x4, 0x80, 0x1, 0x12, 0xc8,
    0x15, 0xb8, 0x5, 0xc1, 0x9d, 0xc1, 0xac, 0x0,
    0x2c, 0x7d, 0x1d, 0xf7, 0x95, 0x10, 0x40, 0x30,
    0x50, 0x0, 0xe0, 0xe1, 0x98, 0x6, 0xea, 0xd,
    0x30, 0x14, 0xc, 0x0, 0x3b, 0xa2, 0x5a, 0x70,
    0x1, 0x12, 0x31, 0xc3, 0x10, 0x3, 0x91, 0x17,
    0x88, 0x85, 0x1e, 0x45, 0x14, 0x5d, 0x0, 0xd3,
    0x76, 0x14, 0xbb, 0x54, 0x8, 0x11, 0xd0, 0x38,
    0x6, 0xaf, 0x26, 0xff, 0x68, 0x70, 0x5, 0x42,
    0xa2, 0x1, 0xce, 0x5a, 0x0, 0xe3, 0x40, 0x8,
    0x40, 0x3f, 0x1a, 0xdd, 0xa8, 0xb8, 0x2, 0x38,
    0x25, 0x40, 0xe, 0x4a, 0xc4, 0x52, 0x0, 0x8b,
    0x4b, 0x4e, 0x88, 0x3, 0xc, 0x61, 0xd0, 0x70,
    0x2e, 0x9e, 0x6, 0x86, 0x18, 0x2, 0xf9, 0x67,
    0x17, 0x36, 0xa8, 0x98, 0x20, 0x38, 0x18, 0x21,
    0xd7, 0xac, 0x1, 0xf, 0xcd, 0x88, 0x4, 0x5f,
    0x62,

    /* U+6577 "敷" */
    0x0, 0xe7, 0x92, 0xa3, 0x0, 0xa1, 0xc0, 0x3f,
    0xda, 0xa5, 0xba, 0x10, 0x2, 0xf0, 0x7, 0xbf,
    0xf2, 0x9f, 0xc0, 0xf1, 0x1, 0x78, 0x7, 0xb7,
    0x72, 0x16, 0xee, 0x23, 0x5, 0x11, 0xc0, 0x6,
    0xcc, 0x90, 0xb3, 0x1a, 0xa0, 0x81, 0x9d, 0xd8,
    0xc0, 0x43, 0xfc, 0xa7, 0xfe, 0x2f, 0xb, 0x2b,
    0xb4, 0x4, 0x10, 0x0, 0x7f, 0xca, 0x7f, 0xe2,
    0x1, 0x33, 0x22, 0x8, 0x18, 0x40, 0x3, 0xdc,
    0x53, 0xee, 0x18, 0x48, 0x8, 0x83, 0x44, 0x40,
    0x10, 0xf7, 0x14, 0xfb, 0x86, 0x2e, 0xe0, 0x40,
    0x34, 0x0, 0xc3, 0xdc, 0x53, 0xee, 0x18, 0xb4,
    0xa6, 0x2, 0x60, 0x4, 0xce, 0x0, 0x34, 0x0,
    0x5e, 0x48, 0xe3, 0xa0, 0x20, 0x0, 0x57, 0xd9,
    0x84, 0xee, 0x61, 0x21, 0x5, 0x19, 0x32, 0x0,
    0x1e, 0xea, 0xa5, 0x93, 0x37, 0x63, 0x2, 0x42,
    0xa0, 0x8, 0xae, 0xd0, 0x17, 0x11, 0xac, 0x80,
    0x32, 0x80, 0x7b, 0x42, 0x73, 0x30, 0x4, 0xc8,
    0x3e, 0x1, 0xc4, 0xd1, 0xff, 0x31, 0x0, 0x16,
    0x5b, 0x4e, 0x40, 0x23, 0xc2, 0x71, 0x22, 0x23,
    0x84, 0x52, 0xc9, 0xcb, 0x50, 0x87, 0xae, 0x0,
    0x37, 0x47, 0xc2, 0xcf, 0x40, 0x6, 0xa7, 0x0,
    0x65, 0x88, 0xf, 0xfb, 0x90, 0x7a, 0x0, 0x32,
    0xe8, 0x80,

    /* U+65B9 "方" */
    0x0, 0xff, 0xe8, 0x64, 0x0, 0x7f, 0xf1, 0x5d,
    0xc2, 0x1, 0xff, 0xc4, 0x80, 0x90, 0xf, 0xc8,
    0xef, 0xf2, 0x10, 0x3b, 0xf9, 0x43, 0xa2, 0x3f,
    0x13, 0xc4, 0x7b, 0x82, 0xbf, 0xf6, 0x4, 0xff,
    0xff, 0x58, 0x7, 0x9c, 0xc, 0x3, 0xff, 0x88,
    0x40, 0x20, 0x1f, 0xfc, 0x4e, 0xd, 0x88, 0xf9,
    0x80, 0x3f, 0x10, 0x33, 0xbf, 0xd8, 0x1, 0xf9,
    0xf, 0xff, 0xe1, 0x30, 0xf, 0x88, 0x6c, 0x3,
    0xe1, 0x10, 0x7, 0xd6, 0xa, 0x1, 0xe2, 0xe,
    0x0, 0xf1, 0x32, 0x10, 0x7, 0x98, 0x8, 0x3,
    0xdc, 0x12, 0x1, 0xf1, 0x3, 0x0, 0x75, 0x1c,
    0x10, 0x7, 0xda, 0x4, 0x1, 0x1e, 0x2b, 0xb8,
    0x2, 0x26, 0x62, 0xba, 0x28, 0x6, 0x92, 0x98,
    0x0, 0xc7, 0x32, 0xa8, 0x3b, 0x0, 0xd5, 0xec,
    0x1, 0xc3, 0xff, 0xb0, 0x40, 0x20,

    /* U+65E0 "无" */
    0x0, 0x2b, 0xbf, 0xff, 0x9, 0x80, 0x37, 0x44,
    0x7f, 0xf0, 0xc0, 0x35, 0xff, 0xf7, 0x4, 0xff,
    0xfb, 0x80, 0x3f, 0xc6, 0x6, 0x1, 0xff, 0xc5,
    0x10, 0x10, 0xf, 0xfe, 0x2b, 0x3, 0x0, 0x7f,
    0xa2, 0x3e, 0x90, 0xb8, 0x8f, 0xc0, 0x6, 0x6f,
    0x8c, 0x19, 0xd9, 0xbe, 0x0, 0x77, 0x7c, 0x2a,
    0x66, 0xee, 0xf8, 0x3, 0xf1, 0x8e, 0x0, 0x7f,
    0xf1, 0x64, 0x18, 0x3, 0xff, 0x88, 0x4a, 0xc0,
    0x1f, 0xfc, 0x5f, 0x18, 0x0, 0xfc, 0x46, 0x1,
    0xeb, 0x2a, 0x10, 0xf, 0xcf, 0x84, 0x1, 0x16,
    0x24, 0xa0, 0x7, 0xf1, 0x81, 0x0, 0xc6, 0x9d,
    0x30, 0x4, 0xe7, 0xe, 0xf4, 0x40, 0x80, 0x1a,
    0xeb, 0xaa, 0x1, 0xbc, 0x9e, 0x22, 0x70, 0x90,
    0x7, 0x6d, 0x10, 0x7, 0x26, 0xff, 0xf7, 0x20,
    0x0,

    /* U+65F6 "时" */
    0x0, 0xff, 0xe1, 0x64, 0x0, 0x44, 0x89, 0xc6,
    0x1, 0xf1, 0x8, 0x4, 0xb7, 0x7d, 0xc0, 0x1f,
    0xfc, 0x2e, 0xe9, 0x80, 0x3f, 0xf8, 0x62, 0x30,
    0x1, 0xbf, 0xfc, 0x2d, 0xfe, 0x0, 0xfc, 0xae,
    0xfe, 0x2, 0x77, 0x0, 0x7e, 0x38, 0x8f, 0xa,
    0x44, 0x0, 0x26, 0x68, 0x80, 0x4, 0xe0, 0x1f,
    0xf4, 0xcc, 0x80, 0x7, 0x85, 0x0, 0xff, 0x7f,
    0xcc, 0x0, 0x55, 0x58, 0x80, 0x7f, 0xf1, 0x2c,
    0x6c, 0x3, 0xff, 0x88, 0x30, 0xa8, 0x1, 0xff,
    0xc4, 0x75, 0x70, 0xf, 0xcc, 0xd2, 0x80, 0x75,
    0x18, 0x7, 0xe9, 0x98, 0xc4, 0x3, 0xff, 0x85,
    0xff, 0xb0, 0x3, 0xff, 0x80, 0x6c, 0x1, 0xf9,
    0x9d, 0xd0, 0x22, 0x0, 0x92, 0x40, 0x3f, 0x7c,
    0x41, 0xce, 0x80, 0x3f, 0xf8, 0x33, 0xff, 0x61,
    0x0, 0x40,

    /* U+6682 "暂" */
    0x0, 0x91, 0x80, 0x3f, 0xe2, 0x0, 0x19, 0xd3,
    0x66, 0x78, 0x49, 0x5e, 0x73, 0xf4, 0xc3, 0x73,
    0x4, 0x4c, 0xcc, 0x8b, 0x58, 0x17, 0x6e, 0x30,
    0xed, 0x8, 0xe8, 0xef, 0xf2, 0x81, 0x5c, 0xba,
    0x8, 0x5, 0xc6, 0xaa, 0x84, 0x22, 0x0, 0xd,
    0x13, 0xc1, 0x6, 0x6d, 0xb0, 0xad, 0xd3, 0x78,
    0xd5, 0x2e, 0xd5, 0x40, 0xad, 0xee, 0x58, 0x5f,
    0x71, 0x89, 0x3b, 0x88, 0x8e, 0xe0, 0x11, 0x0,
    0xc8, 0x36, 0x6c, 0xdc, 0x80, 0x3e, 0xcf, 0xed,
    0x90, 0x51, 0x27, 0x2c, 0x0, 0xfa, 0x2f, 0x7f,
    0x43, 0xe6, 0x20, 0x2a, 0x1, 0xf2, 0x20, 0x80,
    0x8, 0x20, 0x8, 0xa0, 0xb, 0x30, 0x1, 0xcf,
    0xfa, 0x9b, 0xfe, 0xbb, 0x7f, 0xd1, 0xe0, 0x1d,
    0xe1, 0x99, 0xfe, 0x11, 0x0, 0x7c, 0x45, 0xfe,
    0x0, 0xfe, 0xee, 0xff, 0x8, 0x7, 0xc3, 0xff,
    0xfe, 0x10, 0xf, 0x85, 0x13, 0xfc, 0x1, 0xfd,
    0x77, 0xfe, 0x10, 0xf, 0x87, 0xff, 0xfc, 0x20,
    0x1e, 0x8e, 0x0, 0xff, 0x74, 0x80, 0x40,

    /* U+672A "未" */
    0x0, 0xfe, 0xb8, 0x0, 0xff, 0xe3, 0x29, 0x0,
    0x7f, 0xf4, 0xce, 0x23, 0xc2, 0xf1, 0x1e, 0x30,
    0xc, 0xae, 0xfe, 0x2, 0x77, 0xf3, 0x0, 0x66,
    0xff, 0xf0, 0xaf, 0xff, 0x94, 0x3, 0xff, 0xbe,
    0xf1, 0x1f, 0xb, 0xc4, 0x7c, 0xc0, 0xa, 0x77,
    0xf8, 0x9, 0xdf, 0xed, 0x0, 0x6f, 0xff, 0x60,
    0x4, 0x5d, 0xff, 0xd6, 0x1, 0xf0, 0xe9, 0x1,
    0x9a, 0x80, 0x3f, 0xf8, 0x3, 0x81, 0xe2, 0xd4,
    0x94, 0x1, 0xfe, 0x1c, 0x2d, 0x20, 0x2, 0x4a,
    0xd0, 0x7, 0xe4, 0xf2, 0xc3, 0x0, 0xcd, 0x2b,
    0x84, 0x1, 0xd1, 0x67, 0xa6, 0x1, 0xe6, 0xa3,
    0xd6, 0x0, 0x17, 0x3a, 0xe1, 0x0, 0x7e, 0x5d,
    0x29, 0xc0, 0x26, 0xaa, 0x8, 0x7, 0xf8, 0xb6,
    0x24, 0x1, 0xa, 0x1, 0xff, 0xc2, 0x75, 0x0,

    /* U+677E "松" */
    0x0, 0xd6, 0x80, 0x1f, 0xc2, 0x1, 0xf9, 0xc,
    0x3, 0x27, 0x18, 0x4f, 0x80, 0x7f, 0xf0, 0xb0,
    0x48, 0x34, 0x4c, 0x3, 0xff, 0x82, 0xa6, 0x20,
    0x81, 0x40, 0x19, 0xde, 0xc, 0x76, 0x2, 0x25,
    0x80, 0x4a, 0xc0, 0x10, 0xc4, 0x40, 0x91, 0x0,
    0xb0, 0x60, 0xb, 0x81, 0xc0, 0x3, 0xfe, 0xb0,
    0x8f, 0xe1, 0x65, 0x11, 0x0, 0x10, 0xe4, 0x40,
    0x36, 0x84, 0x80, 0x2c, 0x24, 0x37, 0x0, 0x10,
    0x36, 0x1, 0x90, 0x6, 0x49, 0x58, 0xc4, 0xd4,
    0x0, 0x8a, 0x20, 0x11, 0x98, 0x15, 0x99, 0x92,
    0xe, 0x1a, 0x1, 0x5d, 0x80, 0x2a, 0x70, 0xd5,
    0xa3, 0x0, 0x50, 0xa0, 0x4, 0x20, 0x10, 0xb6,
    0x80, 0x21, 0x0, 0x4, 0x6c, 0x1, 0xfa, 0x9,
    0x0, 0x5, 0x40, 0xa, 0xa, 0x1, 0xe5, 0x0,
    0x89, 0xac, 0x3, 0xe6, 0x42, 0x1, 0x58, 0x0,
    0x89, 0x18, 0x3, 0xcc, 0x3e, 0x1, 0x41, 0x28,
    0x5, 0x60, 0x1f, 0x41, 0xa0, 0x0, 0x40, 0x64,
    0x3, 0xfd, 0x22, 0x17, 0xbf, 0xd8, 0x26, 0x60,
    0xf, 0xf8, 0x9d, 0xea, 0xcd, 0xa, 0x0, 0xfe,
    0x8e, 0xe6, 0x54, 0x29, 0x95, 0x40, 0x0,

    /* U+67E5 "查" */
    0x0, 0xfe, 0x7b, 0x0, 0xff, 0xe3, 0x72, 0x80,
    0x7f, 0x8d, 0x13, 0xe2, 0x4, 0x4f, 0x8c, 0x1,
    0xd7, 0x7f, 0x20, 0xdd, 0xfd, 0xa0, 0xd, 0xee,
    0xe4, 0x3, 0x13, 0x2d, 0xee, 0xe0, 0x8, 0x46,
    0xd, 0x4b, 0x50, 0xc1, 0xf2, 0x11, 0x80, 0x3c,
    0xbe, 0x58, 0x80, 0x16, 0x3e, 0x38, 0x7, 0x8e,
    0xe8, 0xbc, 0xc0, 0x3a, 0xa6, 0x35, 0x80, 0x2c,
    0xc2, 0xc7, 0x19, 0x13, 0x6c, 0x8a, 0x4c, 0x79,
    0xe1, 0x8, 0x87, 0x16, 0xee, 0xba, 0xdd, 0xdf,
    0x5b, 0x42, 0x8, 0xe0, 0x16, 0xff, 0xfc, 0x60,
    0x2, 0x40, 0xf, 0x98, 0xcf, 0xe1, 0x0, 0xff,
    0xab, 0xbb, 0xe2, 0x0, 0xff, 0xb3, 0x77, 0xe3,
    0x0, 0xff, 0xb3, 0xbb, 0xe3, 0x0, 0xfe, 0x4c,
    0xdd, 0xfd, 0x9c, 0x1, 0xc2, 0xcc, 0x75, 0x5f,
    0xf2, 0x33, 0x14, 0x0, 0xb3, 0x3f, 0xfc, 0x50,

    /* U+6A21 "模" */
    0x0, 0x9a, 0xc0, 0x3a, 0x9c, 0x0, 0x98, 0x20,
    0x1e, 0xe4, 0x0, 0x9, 0x11, 0x34, 0x88, 0x66,
    0x52, 0x20, 0x7, 0xed, 0xd8, 0x57, 0x75, 0x1,
    0x7b, 0x80, 0x1f, 0xb7, 0x61, 0x5d, 0xd4, 0x5,
    0xee, 0x0, 0x3f, 0xce, 0x1f, 0xe1, 0x22, 0x37,
    0x91, 0x11, 0x54, 0x44, 0x0, 0x44, 0xc, 0x22,
    0x1, 0xfe, 0x7a, 0xff, 0x62, 0xf6, 0x80, 0x4e,
    0xf0, 0x33, 0x80, 0x1f, 0x77, 0xca, 0x60, 0x1c,
    0x81, 0x40, 0x10, 0x8f, 0xc0, 0x1e, 0x40, 0x2,
    0xa8, 0x0, 0xfb, 0xbe, 0x50, 0xe, 0xe0, 0x4,
    0xd8, 0x2, 0x7b, 0xbc, 0xc0, 0x18, 0x55, 0x1,
    0xcc, 0x42, 0x3b, 0xbc, 0xc0, 0x19, 0x88, 0xc0,
    0x1a, 0x39, 0x8d, 0xd0, 0xa6, 0xeb, 0x34, 0x0,
    0x33, 0x40, 0x18, 0x84, 0x60, 0x6, 0x88, 0xf0,
    0x18, 0x30, 0x4, 0x7b, 0xbb, 0x2, 0x37, 0x77,
    0x81, 0x60, 0x80, 0x47, 0xbb, 0x88, 0x44, 0xbb,
    0xb6, 0x0, 0x8, 0x3, 0x88, 0xa5, 0x28, 0x82,
    0xb9, 0x14, 0x1, 0xfc, 0x33, 0x8, 0xcc, 0x5a,
    0x80, 0xf, 0xe4, 0xae, 0x66, 0x58, 0x2, 0x9d,
    0xdd, 0x22, 0x1, 0xe7, 0x46, 0xd9, 0x0, 0xd1,
    0x88, 0x42, 0x1, 0x47, 0x81, 0xf4, 0x90, 0x7,
    0x8e, 0xac, 0x0,

    /* U+6B62 "止" */
    0x0, 0xfe, 0x88, 0x0, 0x7f, 0xf1, 0x51, 0x0,
    0x1f, 0xfe, 0x55, 0x20, 0xf, 0xfe, 0x20, 0xd2,
    0x80, 0x7f, 0xf7, 0xcf, 0xff, 0xca, 0x1, 0xff,
    0xc, 0x47, 0x9c, 0x3, 0xfe, 0x27, 0x7f, 0x10,
    0x7, 0xff, 0xfc, 0x3, 0xff, 0xb9, 0x9d, 0xe1,
    0x1d, 0xd8, 0xcd, 0xdd, 0xf1, 0x23, 0xb9, 0x98,
    0xef, 0x99, 0x8e, 0xff, 0x18,

    /* U+6B63 "正" */
    0x6, 0x77, 0xff, 0xe1, 0xa8, 0x2, 0xe2, 0x3f,
    0xf8, 0x7c, 0x0, 0xdf, 0xff, 0x85, 0x7f, 0xfd,
    0x60, 0x1f, 0xfd, 0xe3, 0x10, 0xf, 0xfe, 0x20,
    0xe3, 0x0, 0x7f, 0xf3, 0x1e, 0x23, 0x9c, 0x3,
    0xff, 0x80, 0x4e, 0xfd, 0x20, 0x1f, 0xfc, 0x5,
    0xff, 0xee, 0x0, 0xff, 0xff, 0x80, 0x7f, 0xf2,
    0xa7, 0x34, 0x27, 0x33, 0xa, 0x66, 0x7c, 0x82,
    0xee, 0x45, 0x77, 0xc8, 0xae, 0xff, 0x0,

    /* U+6CBB "治" */
    0x0, 0x12, 0x0, 0x78, 0x69, 0x0, 0x3f, 0x5d,
    0xb0, 0xc0, 0x34, 0xab, 0x80, 0x7e, 0x9b, 0x1c,
    0x60, 0x1, 0x3b, 0x18, 0x8, 0x7, 0xc9, 0xb0,
    0xe0, 0x8, 0x8, 0x3, 0xe5, 0x0, 0xfc, 0xe2,
    0x8, 0xb2, 0x20, 0x6d, 0x46, 0x1, 0xfc, 0x34,
    0x8c, 0x1, 0x49, 0xe8, 0x80, 0x32, 0x88, 0x2,
    0xa0, 0xa0, 0x0, 0x91, 0xd0, 0xd0, 0x2, 0x53,
    0x64, 0x25, 0x7, 0xfe, 0xed, 0xc9, 0x4, 0x50,
    0x5e, 0x77, 0xf, 0x23, 0x32, 0x26, 0xaf, 0x3b,
    0x85, 0xe0, 0x14, 0x70, 0xbd, 0xcc, 0x3b, 0x2a,
    0x18, 0x8b, 0x28, 0x3, 0xe4, 0x77, 0xfe, 0x50,
    0xe, 0x2b, 0xd, 0x88, 0xfe, 0xd0, 0xe, 0x85,
    0x0, 0x17, 0xff, 0xc0, 0x1e, 0x35, 0x80, 0xf,
    0xfe, 0x27, 0x8b, 0x0, 0x7f, 0xf0, 0xd4, 0xe0,
    0x3, 0xff, 0x89, 0x64, 0xc0, 0x11, 0xbb, 0xfc,
    0x1, 0x9c, 0x64, 0x3, 0xc, 0x47, 0xc0, 0x19,
    0xe5, 0x0, 0x31, 0x7f, 0xfc, 0x1, 0xcc, 0x1,
    0xa7, 0x40, 0x3e, 0xf9, 0x0,

    /* U+6CE2 "波" */
    0x0, 0x22, 0x0, 0x3f, 0x63, 0x80, 0x7e, 0xeb,
    0xb1, 0x0, 0x78, 0xbc, 0x3, 0xf5, 0x5a, 0xe8,
    0x80, 0x7f, 0xf1, 0x13, 0xe4, 0x6f, 0xff, 0xb,
    0xff, 0xee, 0x10, 0xc, 0x2c, 0xe, 0x51, 0x10,
    0x1c, 0x44, 0x26, 0x20, 0x20, 0x1e, 0x77, 0xc2,
    0x8e, 0xe6, 0x1a, 0x0, 0x6e, 0x94, 0x3, 0xff,
    0x80, 0xc0, 0xc0, 0xe, 0x6a, 0xc1, 0x0, 0xff,
    0x36, 0x8, 0x0, 0xae, 0x9c, 0x40, 0xb, 0xff,
    0xb, 0xff, 0xba, 0x80, 0x39, 0x6c, 0x0, 0x26,
    0x44, 0x99, 0xd0, 0x2, 0x1, 0xfe, 0x58, 0x24,
    0x66, 0x84, 0x28, 0x3, 0xd0, 0xa0, 0x5c, 0xa5,
    0x0, 0x14, 0x21, 0x0, 0x70, 0xbe, 0x8, 0x10,
    0x4a, 0xa8, 0x24, 0x64, 0x3, 0xd2, 0x16, 0xa0,
    0xc0, 0x8b, 0x50, 0xd0, 0x40, 0x1c, 0x2e, 0xa5,
    0x80, 0x60, 0xa, 0x17, 0x47, 0x0, 0xf4, 0x84,
    0x3, 0x28, 0x5, 0x22, 0x8, 0xe0, 0x1c, 0x2e,
    0xa4, 0xa3, 0xc0, 0xdc, 0xd1, 0xeb, 0x1a, 0xc0,
    0x12, 0x4, 0x4, 0x1b, 0x7c, 0xae, 0xb8, 0x55,
    0x84, 0xf9, 0x2, 0xf1, 0x7, 0x70, 0xa7, 0x2c,
    0x80, 0x24, 0xdc, 0xa2,

    /* U+6F14 "演" */
    0x0, 0x21, 0x0, 0x78, 0x71, 0x80, 0x3f, 0x4e,
    0xc8, 0x80, 0x61, 0x8, 0x0, 0xfd, 0xb0, 0xd3,
    0xdf, 0xf8, 0xc7, 0xff, 0x8c, 0x2, 0x7d, 0x80,
    0x5a, 0xaf, 0xe0, 0x70, 0xc, 0x40, 0xd, 0x55,
    0xfe, 0x0, 0xfd, 0x41, 0x77, 0xfa, 0xad, 0x47,
    0x20, 0x40, 0x8, 0x83, 0x39, 0xd0, 0xce, 0x24,
    0x11, 0x5b, 0xf2, 0x0, 0xa, 0x66, 0x40, 0x99,
    0xc0, 0x13, 0xf3, 0xa0, 0x27, 0x76, 0x70, 0xee,
    0xce, 0x1, 0xc, 0x0, 0x6c, 0xee, 0x38, 0x77,
    0x42, 0x1, 0xfe, 0x73, 0x30, 0x81, 0x9c, 0x1,
    0xe1, 0xd2, 0x0, 0x5e, 0xe9, 0x83, 0x76, 0x10,
    0xe, 0x62, 0x0, 0xb7, 0xfc, 0xe3, 0xff, 0x8,
    0x7, 0x4a, 0x10, 0x2, 0x9d, 0xc6, 0x2e, 0xf0,
    0x80, 0x66, 0x1f, 0x6, 0x43, 0xcc, 0x2, 0x65,
    0xe2, 0x10, 0x5, 0x6, 0x80, 0x57, 0x2e, 0x57,
    0x6e, 0x2c, 0xb5, 0x0, 0x38, 0xc8, 0x0, 0xeb,
    0x5e, 0xc0, 0xb, 0x10, 0xd4, 0x0, 0x11, 0xa8,
    0x46, 0x3d, 0x59, 0x0, 0x4d, 0xcd, 0x66, 0xb,
    0x80, 0x8, 0xbd, 0x50, 0xf, 0xd, 0xe1, 0x80,

    /* U+7247 "片" */
    0x0, 0x8d, 0x40, 0x39, 0xb4, 0x40, 0x3f, 0x55,
    0x0, 0x3b, 0x88, 0x3, 0xff, 0xeb, 0x77, 0xca,
    0x15, 0x77, 0xa0, 0x3, 0x99, 0xb8, 0x9, 0x9b,
    0x84, 0x3, 0xb7, 0x7f, 0xf8, 0x12, 0x1, 0xff,
    0xc9, 0x30, 0xf, 0xfe, 0x28, 0x87, 0xff, 0xf7,
    0x0, 0x79, 0xc5, 0x9b, 0xf0, 0x80, 0x7c, 0x69,
    0x33, 0xf9, 0x40, 0x3c, 0x41, 0xa0, 0x1f, 0xfc,
    0x35, 0x4, 0x0, 0xff, 0xe1, 0xd0, 0x98, 0x7,
    0xff, 0x9, 0x8a, 0x40, 0x3f, 0xf8, 0x45, 0x22,
    0xe0, 0x1f, 0xfc, 0x22, 0x5d, 0x0, 0xff, 0xe2,
    0x51, 0x80, 0x7f, 0xaf, 0x80, 0x20,

    /* U+7387 "率" */
    0x0, 0xfd, 0x70, 0x1, 0xff, 0xc4, 0x37, 0x30,
    0xf, 0x9f, 0xff, 0xe7, 0xc, 0xff, 0xf7, 0x2c,
    0xcf, 0x98, 0x1e, 0x67, 0xeb, 0x21, 0x36, 0x6c,
    0x8b, 0xd, 0x44, 0xcc, 0xe3, 0x50, 0xfa, 0xa0,
    0x2, 0xc2, 0x4e, 0xc9, 0x42, 0x5c, 0xc0, 0x11,
    0x69, 0x4c, 0x85, 0x98, 0x5c, 0x1b, 0x6b, 0x60,
    0x9, 0x32, 0x9e, 0xf5, 0x47, 0x4c, 0x23, 0x50,
    0x3, 0x86, 0x95, 0x21, 0x32, 0xf0, 0xa1, 0x40,
    0x32, 0x5e, 0x0, 0x31, 0x65, 0x0, 0xa3, 0x63,
    0x8, 0x22, 0xc3, 0x2a, 0xc, 0x26, 0x8d, 0x54,
    0x5a, 0x1a, 0xb3, 0x96, 0x61, 0xdc, 0xf9, 0x6b,
    0xaa, 0x29, 0x64, 0x20, 0x98, 0x4, 0x42, 0x18,
    0x80, 0x5, 0x10, 0x3, 0x8f, 0xff, 0xe4, 0x1f,
    0xff, 0xd5, 0x5f, 0x8c, 0x2a, 0xbf, 0x2a, 0xfe,
    0x71, 0x55, 0xfc, 0x1, 0xff, 0xea,

    /* U+7528 "用" */
    0x0, 0x99, 0xdf, 0xff, 0x82, 0xa0, 0x15, 0xc4,
    0x7f, 0xf0, 0x80, 0x32, 0xff, 0xe6, 0xf, 0xfe,
    0x50, 0xf, 0xfe, 0xea, 0xff, 0xe6, 0xf, 0xfe,
    0x50, 0xe, 0x38, 0x8c, 0x61, 0x11, 0xc4, 0x1,
    0xcc, 0xef, 0x94, 0x1d, 0xfc, 0x1, 0x8c, 0xc0,
    0x1f, 0xfc, 0x51, 0x0, 0xff, 0xe2, 0xb, 0xff,
    0xe6, 0xf, 0xfe, 0x50, 0x8, 0x81, 0x62, 0x31,
    0x84, 0x47, 0x10, 0x4, 0xe1, 0xe, 0xf9, 0x41,
    0xdf, 0xc0, 0x17, 0x89, 0x0, 0x7f, 0xf0, 0x85,
    0x5c, 0x3, 0xff, 0x87, 0x61, 0x60, 0x1f, 0x85,
    0x9a, 0x71, 0x13, 0x41, 0x0, 0x70, 0x88, 0x6,
    0x66, 0x39, 0x1c, 0x70, 0xf, 0x47, 0x0, 0x3f,
    0xee, 0x50,

    /* U+7535 "电" */
    0x0, 0xfb, 0x5c, 0x3, 0xff, 0x88, 0x5e, 0x1,
    0xff, 0xcf, 0x8f, 0xff, 0x3, 0xff, 0xf9, 0x80,
    0x2, 0xe, 0xfc, 0x6, 0xef, 0x98, 0x4, 0x3,
    0x44, 0x70, 0x24, 0x47, 0x0, 0x7f, 0xf3, 0x1d,
    0xf8, 0x11, 0xdf, 0x48, 0x7, 0xa2, 0x38, 0xe,
    0x23, 0x38, 0x7, 0xbf, 0xf8, 0x1f, 0xff, 0x70,
    0x7, 0xff, 0x31, 0x13, 0x80, 0x91, 0x38, 0x3,
    0xd7, 0x7c, 0xb, 0x77, 0xa8, 0x3, 0xd9, 0x9c,
    0xb, 0x99, 0xe5, 0x20, 0xa9, 0x33, 0xe0, 0x23,
    0x3f, 0xe, 0xa1, 0xb0, 0x7, 0x84, 0x3, 0xca,
    0xe, 0x1, 0xf1, 0x34, 0xc4, 0x78, 0x4c, 0x3,
    0xe9, 0x26, 0x77, 0xe3, 0xa0,

    /* U+754C "界" */
    0x0, 0x91, 0x3f, 0xf8, 0x40, 0x1e, 0xab, 0xbf,
    0xfe, 0x5, 0x0, 0x7c, 0xdf, 0xf8, 0x5b, 0xff,
    0x28, 0x7, 0xff, 0x41, 0xbf, 0xf0, 0xb7, 0xfe,
    0x50, 0xf, 0xcb, 0x99, 0x81, 0x73, 0x32, 0x0,
    0x7e, 0x33, 0xe1, 0x33, 0xe1, 0x0, 0xfc, 0x93,
    0x38, 0x52, 0x67, 0x38, 0x7, 0xce, 0xe3, 0x33,
    0x3a, 0xbb, 0x30, 0xcc, 0xee, 0x0, 0xf4, 0xd5,
    0x0, 0x15, 0x58, 0xe, 0xa9, 0x20, 0x1f, 0xe,
    0x2d, 0x20, 0x1, 0x65, 0xac, 0x40, 0x3e, 0x5f,
    0x2b, 0x50, 0xc, 0xd4, 0x9e, 0xc0, 0x19, 0x72,
    0x97, 0xe6, 0xc0, 0x33, 0xd6, 0x2c, 0xeb, 0x80,
    0x3c, 0x6a, 0xc4, 0x3, 0xf1, 0x5d, 0x87, 0x40,
    0x15, 0xaa, 0x0, 0x22, 0x0, 0x7e, 0x4c, 0xa0,
    0xf, 0x30, 0x60, 0x7, 0xff, 0x11, 0x24, 0x94,
    0x3, 0xff, 0x84, 0x53, 0x63, 0xe0, 0x1f, 0xfc,
    0x31, 0x66, 0x79, 0x0, 0x7f, 0xf0, 0xcf, 0xe4,
    0x40, 0x3c, 0xfe, 0x20, 0x1c,

    /* U+7597 "疗" */
    0x0, 0xff, 0x1e, 0x10, 0x7, 0xff, 0x14, 0x8e,
    0x80, 0x3f, 0xe4, 0x55, 0xe4, 0x26, 0x55, 0xf0,
    0x80, 0x68, 0xaa, 0xf1, 0xd, 0x57, 0x90, 0x21,
    0xc0, 0x9, 0xdd, 0xff, 0xc1, 0x50, 0xe8, 0x10,
    0x11, 0xff, 0xe1, 0x0, 0x18, 0xa4, 0x2, 0x67,
    0x7f, 0xf0, 0x6, 0xb6, 0x10, 0x4, 0x4c, 0xfd,
    0x11, 0x28, 0x4, 0xde, 0x20, 0xe, 0xef, 0x7b,
    0x1, 0xea, 0x80, 0x62, 0x20, 0x7, 0xd3, 0xcb,
    0x78, 0x40, 0x11, 0xde, 0x9, 0x80, 0x79, 0x99,
    0xa8, 0x1, 0xd8, 0x1a, 0x1c, 0x1, 0xf0, 0x80,
    0x7d, 0xb6, 0x20, 0x60, 0x1f, 0xfc, 0x32, 0x4,
    0x5, 0x0, 0xff, 0xe2, 0xd2, 0x8, 0x7, 0xff,
    0x11, 0x8b, 0x80, 0x3f, 0xf8, 0x87, 0x26, 0xa0,
    0x10, 0xaa, 0x98, 0x3c, 0x3, 0xf1, 0xe8, 0x6,
    0x1a, 0xa4, 0x92, 0x80, 0x7c, 0x78, 0x20, 0x1d,
    0xff, 0x69, 0x0, 0x78,

    /* U+75DB "痛" */
    0x0, 0xfe, 0x1c, 0x70, 0xf, 0xfe, 0x20, 0xac,
    0x10, 0x7, 0xf3, 0x7f, 0xf9, 0x83, 0x7f, 0xfb,
    0x40, 0x3a, 0xab, 0xff, 0x83, 0x27, 0xc2, 0x0,
    0x55, 0x33, 0x7f, 0x95, 0xc, 0xd2, 0x1, 0xb7,
    0x7f, 0x66, 0x14, 0x1, 0x4c, 0x20, 0x17, 0x7b,
    0x57, 0x72, 0xcc, 0xb1, 0x40, 0xa, 0x1e, 0x1,
    0x8c, 0x27, 0xb6, 0xe3, 0x4c, 0x2, 0x2e, 0xe0,
    0x1, 0x22, 0x81, 0x54, 0x43, 0xd1, 0x10, 0x80,
    0x42, 0x0, 0xd7, 0x33, 0x98, 0x10, 0xd, 0x1c,
    0xc0, 0xf, 0x22, 0x0, 0x3b, 0xba, 0x86, 0xee,
    0x90, 0x2, 0xf5, 0x11, 0x80, 0xf, 0xba, 0x81,
    0xee, 0xa8, 0x0, 0x33, 0xae, 0xc0, 0x2, 0xdd,
    0x98, 0x37, 0x68, 0x0, 0x23, 0x82, 0x98, 0x0,
    0x4c, 0xee, 0x13, 0x38, 0x80, 0x31, 0xe, 0x0,
    0xf, 0xfe, 0x81, 0xff, 0xa8, 0x3, 0x58, 0xa0,
    0x0, 0xb7, 0x67, 0xd, 0xda, 0x0, 0x21, 0x66,
    0x0, 0x42, 0x45, 0x78, 0x91, 0x60, 0xb, 0x46,
    0x40, 0x3f, 0xc2, 0x44, 0x3, 0x9, 0xa1, 0x0,
    0xf9, 0xf8, 0x1f, 0x65, 0x44,

    /* U+76F4 "直" */
    0x0, 0xfe, 0xb8, 0x0, 0xff, 0x84, 0x7e, 0x41,
    0x1f, 0xc0, 0x15, 0xf7, 0x7c, 0xd, 0xdd, 0xf2,
    0x0, 0x22, 0xef, 0xd0, 0x13, 0x77, 0xf2, 0x80,
    0xd, 0x10, 0xcd, 0x80, 0x8, 0xcd, 0xc8, 0x81,
    0x0, 0xc7, 0xbb, 0xa0, 0x37, 0x7c, 0xa0, 0x1f,
    0xab, 0x77, 0xf5, 0x80, 0x7f, 0xf4, 0xab, 0x77,
    0xf5, 0x80, 0x7f, 0xaf, 0xff, 0xf6, 0x80, 0x7f,
    0x88, 0xcf, 0xf3, 0x80, 0x7f, 0xa7, 0x33, 0xf5,
    0x0, 0x7f, 0xb3, 0xff, 0xf6, 0x80, 0x7f, 0x91,
    0x3f, 0xc0, 0x1f, 0xe9, 0xaa, 0xfd, 0x0, 0x1f,
    0xed, 0xee, 0xfd, 0x80, 0x1e, 0xaa, 0x40, 0x45,
    0x57, 0xe9, 0x9, 0xaa, 0x8, 0x8, 0x81, 0x0,
    0x47, 0xf0, 0x23, 0x88, 0x80,

    /* U+770B "看" */
    0x0, 0xff, 0xe0, 0x11, 0xab, 0xb8, 0x3, 0x35,
    0xdd, 0x98, 0xde, 0xff, 0x6e, 0x5e, 0x71, 0x0,
    0x4b, 0x99, 0x55, 0x8, 0x99, 0xbd, 0xfd, 0x72,
    0x40, 0x11, 0x22, 0x4a, 0x0, 0x50, 0x12, 0x33,
    0xc4, 0x1, 0x3e, 0x66, 0x90, 0x6c, 0xcf, 0xac,
    0x2, 0x6f, 0xfb, 0x81, 0x7f, 0xff, 0x48, 0x1,
    0x15, 0x74, 0x1, 0x2a, 0xff, 0x18, 0x4d, 0xdd,
    0x4c, 0xd, 0x77, 0xfd, 0x21, 0xbd, 0xd2, 0x86,
    0xf7, 0x7f, 0xa8, 0x3, 0x3a, 0x86, 0xff, 0xfe,
    0xd0, 0xe, 0x58, 0x4, 0xbb, 0xfc, 0x80, 0x1c,
    0xf4, 0x84, 0xc, 0xdf, 0x80, 0x30, 0xdc, 0x2d,
    0x8a, 0x6e, 0xfe, 0x40, 0x8, 0x5e, 0x68, 0x0,
    0xbf, 0xff, 0x94, 0x3, 0x63, 0x0, 0x4b, 0xff,
    0xf9, 0x40, 0x3f, 0x97, 0xbb, 0xf2, 0x80, 0x7f,
    0xa, 0xaf, 0xe1, 0x0, 0xfe, 0x4b, 0xbf, 0xc8,
    0x1, 0xfc, 0xbf, 0xff, 0x94, 0x2,

    /* U+786E "确" */
    0x0, 0xff, 0x15, 0x88, 0x7, 0xd5, 0x77, 0xd2,
    0x0, 0xb5, 0x32, 0x21, 0x80, 0x63, 0x16, 0x41,
    0x18, 0x5, 0x87, 0x76, 0xc8, 0x0, 0xa6, 0x9c,
    0xea, 0x90, 0x16, 0x5b, 0xb3, 0x5, 0x0, 0x72,
    0x20, 0x2, 0x55, 0x49, 0x10, 0x1a, 0x48, 0x3,
    0x10, 0xe0, 0x0, 0xe8, 0x3e, 0xed, 0x81, 0xb7,
    0x65, 0x0, 0x20, 0x20, 0x3, 0x80, 0x4, 0x41,
    0x12, 0x91, 0x13, 0x40, 0x14, 0x33, 0x3a, 0x2,
    0x65, 0x1, 0x13, 0x20, 0x8, 0x8c, 0x15, 0x4c,
    0xc1, 0x3, 0x33, 0x3, 0x99, 0x80, 0x28, 0x5,
    0xcd, 0x0, 0xd9, 0x8b, 0xa, 0xcc, 0x0, 0x9,
    0x40, 0x3f, 0x7f, 0xb4, 0x33, 0xfc, 0x0, 0x24,
    0x60, 0xf, 0xf8, 0x40, 0x3a, 0xc0, 0x3c, 0x20,
    0xcc, 0x50, 0x56, 0x60, 0x7, 0xfb, 0x82, 0x65,
    0x1, 0x13, 0x20, 0xe, 0x74, 0x40, 0x1, 0x5b,
    0xfd, 0xa1, 0xbf, 0xe0, 0xe, 0x3b, 0xa0, 0x13,
    0xd0, 0xf, 0xfe, 0x2, 0x77, 0x4a, 0x28, 0x1,
    0x85, 0x10, 0x1e, 0x0, 0xfc, 0x11, 0x4, 0x58,
    0x7, 0xc, 0xd8, 0xa0, 0x1, 0x9c, 0x0, 0x3e,
    0xa0, 0x11, 0x71, 0x6f, 0xf1, 0x80,

    /* U+793A "示" */
    0x0, 0x95, 0x7f, 0xf8, 0x40, 0x1d, 0x55, 0xff,
    0xc2, 0x10, 0xd, 0xbb, 0xff, 0xc2, 0x10, 0xc,
    0x45, 0xff, 0xc2, 0x0, 0xff, 0xe5, 0x33, 0xbf,
    0xff, 0x11, 0x82, 0xa2, 0x3f, 0xf8, 0x96, 0x19,
    0xff, 0xf1, 0x97, 0xff, 0xda, 0x1, 0xff, 0xcb,
    0x7b, 0x10, 0xf, 0xd, 0x28, 0x7, 0xd2, 0xe2,
    0x1, 0xe1, 0x6a, 0x10, 0xe, 0x71, 0x90, 0xf,
    0xdc, 0x16, 0x1, 0x86, 0xd, 0x40, 0x3f, 0x13,
    0x29, 0x80, 0x54, 0x1e, 0x1, 0xfe, 0x80, 0xf0,
    0x4, 0x23, 0x98, 0x7, 0xf8, 0x5c, 0xd0, 0x51,
    0x10, 0x1, 0xff, 0xc0, 0x90, 0x21, 0xcb, 0x0,
    0xc, 0x44, 0x42, 0x1, 0xc3, 0xcc, 0x1, 0xc2,
    0xce, 0xe3, 0x90, 0xf, 0x8, 0x7, 0xdd, 0xfe,
    0xd5, 0x0, 0xfc,

    /* U+79BB "离" */
    0x0, 0xf8, 0x71, 0x0, 0x3f, 0xf8, 0x62, 0x1e,
    0x1, 0xfa, 0x3f, 0xfe, 0x34, 0xff, 0xfb, 0xae,
    0xab, 0xa6, 0xab, 0x4d, 0x57, 0x59, 0xa8, 0xf2,
    0xb4, 0x12, 0xa9, 0xac, 0x57, 0x9, 0x54, 0x0,
    0x24, 0x3, 0xcd, 0xea, 0xe9, 0x40, 0x4d, 0x0,
    0xfc, 0x64, 0xc, 0x64, 0x1, 0xff, 0x4f, 0xf,
    0xe6, 0xd6, 0x0, 0x7f, 0x28, 0xc6, 0x22, 0xb4,
    0xda, 0x98, 0x7, 0x18, 0xdb, 0x4d, 0xd5, 0x2e,
    0xd3, 0x60, 0x60, 0x19, 0x7b, 0xb8, 0x57, 0xbb,
    0xa4, 0x2, 0xaf, 0xff, 0xa, 0xff, 0xfb, 0x40,
    0x2, 0x55, 0x54, 0x3, 0x55, 0x1a, 0xaa, 0x43,
    0x0, 0x85, 0x56, 0xb3, 0x95, 0x76, 0x5, 0x51,
    0x0, 0x7d, 0x6, 0x8f, 0x30, 0x34, 0x60, 0x1f,
    0x95, 0xc8, 0xfb, 0x99, 0x4d, 0x20, 0x1f, 0x93,
    0x36, 0xe5, 0xd9, 0x22, 0x4, 0x60, 0x1e, 0x13,
    0x0, 0xf1, 0xee, 0x95, 0x80, 0x17, 0x80, 0x1f,
    0xc5, 0xff, 0x40, 0x0,

    /* U+7CFB "系" */
    0x0, 0xff, 0xe0, 0x12, 0xc1, 0x80, 0x42, 0x46,
    0x8a, 0xd1, 0x37, 0xbf, 0xb4, 0xf2, 0x1, 0x5e,
    0xe5, 0xd4, 0x3b, 0xa, 0xcd, 0xf7, 0xd0, 0x5,
    0x7b, 0xae, 0xf4, 0xb, 0xa8, 0x65, 0x10, 0xe,
    0x12, 0x20, 0x62, 0x62, 0x0, 0xf, 0xf0, 0x3,
    0xe4, 0xf0, 0xf3, 0x1, 0x8c, 0x2e, 0x0, 0xf4,
    0x58, 0x97, 0xfd, 0xcf, 0x38, 0x40, 0x1e, 0xc7,
    0x8b, 0x82, 0x5, 0xe6, 0x38, 0x0, 0xf2, 0x43,
    0x94, 0x8e, 0x50, 0x80, 0xb5, 0x80, 0x70, 0xbf,
    0x54, 0xfb, 0xab, 0x3d, 0x2a, 0x58, 0x5, 0x3d,
    0x2, 0x53, 0x97, 0x57, 0x63, 0x16, 0x4a, 0x0,
    0x7b, 0x45, 0x66, 0xf3, 0x6, 0xe5, 0xd4, 0xda,
    0xa0, 0x34, 0xb9, 0x59, 0x8, 0x6, 0xa7, 0x4,
    0xd4, 0x0, 0x9a, 0x4, 0x3, 0xdb, 0x14, 0x4,
    0x1, 0x3c, 0xac, 0x80, 0x79, 0xe9, 0x70, 0x40,
    0x6a, 0x1a, 0x80, 0x3f, 0x2e, 0x17, 0x91, 0xb4,
    0x48, 0x1b, 0x31, 0x44, 0x3, 0x1e, 0x9b, 0x16,
    0x38, 0x0, 0x66, 0x45, 0x20, 0x1c, 0x7a, 0x80,
    0x1c, 0x5f, 0xee, 0x70, 0xf, 0xc0,

    /* U+7EBF "线" */
    0x0, 0xc2, 0x1, 0xe6, 0x20, 0xf, 0xe5, 0xe2,
    0x0, 0xc3, 0x2e, 0xb8, 0x80, 0x1e, 0xe2, 0x20,
    0x7, 0xca, 0x97, 0x40, 0x18, 0xd2, 0xc0, 0x3e,
    0x30, 0x8d, 0xf0, 0xd, 0x24, 0xc0, 0x1c, 0x21,
    0xed, 0x13, 0xa, 0x0, 0x35, 0x80, 0x6c, 0x1a,
    0xcf, 0x6, 0x95, 0x15, 0x60, 0x7, 0x22, 0x8c,
    0x30, 0x89, 0x60, 0x1b, 0xf6, 0xa0, 0xc2, 0x49,
    0xf7, 0x86, 0xc2, 0xe5, 0xc8, 0xc0, 0x30, 0x80,
    0xa2, 0xb0, 0x50, 0x80, 0x66, 0x62, 0xc5, 0xf7,
    0x84, 0x5c, 0x2a, 0xc0, 0x4f, 0x5a, 0x87, 0x4a,
    0x33, 0x40, 0x15, 0x1d, 0x0, 0x12, 0x19, 0x10,
    0x1f, 0xb4, 0xa0, 0x14, 0xa5, 0x3d, 0x5b, 0x7e,
    0x4f, 0x81, 0x0, 0x3a, 0x41, 0xd8, 0x22, 0x83,
    0x40, 0x32, 0x82, 0x5, 0x1f, 0x1, 0xbd, 0xf6,
    0xd3, 0x0, 0x61, 0x2d, 0xb5, 0xb3, 0x4, 0x84,
    0x10, 0x2, 0x0, 0x72, 0x21, 0x6d, 0x0, 0x31,
    0xbe, 0x7d, 0x88, 0x0, 0x65, 0x82, 0x10, 0x10,
    0x1f, 0xb2, 0x5a, 0xbc, 0x4a, 0x39, 0xa0, 0xec,
    0x1, 0xc, 0x2d, 0x9d, 0x4a, 0x17, 0xae, 0xdc,
    0xfe, 0x5b, 0x6, 0xad, 0x6, 0x1, 0xba, 0x7a,
    0x44, 0xe, 0xc1, 0xd8, 0xc0,

    /* U+7EDF "统" */
    0x0, 0xca, 0x60, 0x1e, 0x73, 0x0, 0xff, 0x5f,
    0x0, 0x7a, 0xbc, 0x3, 0xf9, 0x46, 0xc0, 0x3d,
    0x66, 0x60, 0xf, 0xd0, 0x4c, 0x0, 0xab, 0xba,
    0x86, 0x2e, 0xe9, 0x0, 0x98, 0xa0, 0xc, 0x0,
    0x22, 0x63, 0x21, 0x1c, 0x1, 0xa1, 0x14, 0xb2,
    0x2a, 0x96, 0x66, 0xca, 0xfb, 0xa9, 0x0, 0x50,
    0xf2, 0xf0, 0xc8, 0x2, 0x87, 0x80, 0x11, 0x40,
    0x12, 0x28, 0x55, 0xe, 0x4, 0x1d, 0x28, 0x80,
    0x61, 0x1c, 0x0, 0x93, 0xbc, 0x28, 0xc3, 0x30,
    0x11, 0xfe, 0xea, 0x8, 0x30, 0x3, 0x15, 0x5,
    0x0, 0x1d, 0x96, 0xaf, 0x2b, 0xbc, 0xa8, 0x2,
    0x84, 0x87, 0x93, 0xe9, 0x5f, 0x41, 0xa4, 0xc,
    0x90, 0x4, 0x38, 0x4c, 0x94, 0x3, 0x78, 0x7,
    0x8, 0x0, 0x5d, 0x23, 0x3f, 0x8, 0x4, 0x8,
    0x3, 0xf0, 0xed, 0xb9, 0x80, 0x64, 0x6, 0x0,
    0xfe, 0x20, 0x15, 0xae, 0x50, 0xf1, 0x30, 0xe,
    0x3b, 0x1, 0x7c, 0xea, 0x69, 0x45, 0x53, 0x0,
    0x79, 0xd0, 0x1, 0x1, 0x1d, 0x8f, 0x34, 0x70,
    0x0, 0x30, 0xc5, 0xe2, 0x1, 0xec, 0x71, 0x6,
    0x75, 0xd0, 0x8, 0x51, 0xa9, 0x6c, 0x0, 0x20,
    0x19, 0xb6, 0x84, 0x3, 0x5f, 0xfc, 0xc0,

    /* U+7EE7 "继" */
    0x0, 0xd2, 0x60, 0x2, 0x10, 0x8, 0xa4, 0x3,
    0xe4, 0x66, 0x0, 0x31, 0x89, 0x0, 0x58, 0x0,
    0xa2, 0x1, 0x71, 0x28, 0x6, 0x69, 0x0, 0xc3,
    0x46, 0x0, 0x25, 0xb0, 0xe, 0x43, 0x30, 0x4,
    0xc6, 0x40, 0xb, 0x26, 0x5, 0x0, 0xc9, 0x60,
    0x15, 0x48, 0x0, 0x9a, 0x1, 0x29, 0x0, 0x2e,
    0xe0, 0x0, 0x51, 0x40, 0x1c, 0x68, 0x72, 0x88,
    0x0, 0x20, 0x9d, 0x83, 0xe2, 0xa1, 0x9d, 0xd8,
    0x52, 0x1, 0x4d, 0x51, 0xc2, 0x6a, 0x90, 0x71,
    0x76, 0x8, 0x20, 0xb, 0x7f, 0xc2, 0xd, 0xfe,
    0xc0, 0x74, 0x83, 0x70, 0xf, 0x30, 0x1, 0xdc,
    0x1, 0xa4, 0xb4, 0x8, 0x3, 0xc, 0xc8, 0x36,
    0x10, 0x0, 0xec, 0x5b, 0xfa, 0x60, 0x15, 0x22,
    0x0, 0xe6, 0xc8, 0x60, 0x0, 0x95, 0xa6, 0x0,
    0x84, 0xa0, 0x9, 0x8d, 0x46, 0xff, 0x21, 0x48,
    0x2, 0xeb, 0x10, 0xd, 0xae, 0x8, 0x1, 0x13,
    0x10, 0x1, 0x90, 0x3, 0x84, 0x0, 0xb1, 0x7f,
    0xb6, 0xc0, 0x1c, 0x4e, 0x1, 0x86, 0x90, 0xeb,
    0xb5, 0x2, 0x3f, 0xee, 0x7f, 0xfb, 0x7, 0xf2,
    0x14, 0x40, 0x17, 0x33, 0xfe,

    /* U+7EEA "绪" */
    0x0, 0xce, 0x60, 0x1c, 0x98, 0x20, 0x1f, 0xc3,
    0x16, 0x1, 0xc2, 0x66, 0x0, 0xa0, 0xc0, 0x33,
    0x4, 0x80, 0x9, 0x99, 0x80, 0xac, 0xd3, 0x80,
    0x74, 0xb0, 0x80, 0x12, 0x64, 0xc1, 0x13, 0x28,
    0x53, 0x0, 0x98, 0x60, 0x10, 0x5b, 0xfd, 0x41,
    0xbe, 0xa1, 0x60, 0x1a, 0x20, 0x22, 0xa9, 0x0,
    0xf3, 0x2d, 0x8, 0x5, 0x22, 0x27, 0xd3, 0xec,
    0xca, 0x3, 0xa4, 0x23, 0x30, 0x44, 0x60, 0x89,
    0x39, 0x25, 0x59, 0x8, 0xd1, 0x95, 0x63, 0x2b,
    0xff, 0x3, 0xa2, 0x26, 0x61, 0x26, 0xb9, 0x9c,
    0x20, 0x81, 0x45, 0x0, 0x11, 0x5b, 0xad, 0x19,
    0xc4, 0x1, 0x9d, 0x78, 0x8, 0x1f, 0x50, 0x17,
    0x33, 0x40, 0x4, 0xd0, 0x7f, 0xed, 0xa8, 0x30,
    0xce, 0xec, 0x40, 0x1a, 0x49, 0xeb, 0x3e, 0xb6,
    0x0, 0x47, 0xc0, 0x1b, 0xb6, 0x9c, 0xc0, 0x4,
    0x0, 0xdf, 0xfc, 0x60, 0x18, 0x40, 0x22, 0x66,
    0x0, 0x55, 0x77, 0x88, 0x3, 0x13, 0x57, 0x6c,
    0xe0, 0x4, 0xe8, 0x98, 0x40, 0x23, 0xd9, 0x44,
    0x4f, 0x50, 0x4, 0xab, 0xc2, 0x1, 0x1c, 0xef,
    0x53, 0x8, 0x6, 0x8a, 0xac, 0x40, 0x19, 0x88,
    0x3, 0xc9, 0xdf, 0xfe, 0xa0, 0x0,

    /* U+7EED "续" */
    0x0, 0xce, 0x80, 0x1e, 0x7b, 0x0, 0xff, 0x46,
    0x0, 0x7b, 0x94, 0x3, 0xf9, 0xc2, 0x40, 0x7,
    0xff, 0x30, 0xff, 0xd6, 0x1, 0xd2, 0xc2, 0x0,
    0x2a, 0xa9, 0x2, 0xaa, 0xf0, 0xc, 0xc3, 0x0,
    0xa0, 0x2a, 0xb1, 0xa, 0xac, 0x80, 0x1a, 0x20,
    0x2b, 0x49, 0xbb, 0x98, 0x77, 0x6e, 0x90, 0x5,
    0x1a, 0x22, 0x11, 0x17, 0x55, 0x44, 0x2a, 0xa1,
    0xf0, 0x35, 0x2c, 0xb2, 0xa0, 0x65, 0xe6, 0x7b,
    0x27, 0x30, 0x70, 0x39, 0xcc, 0x4, 0x88, 0x0,
    0x83, 0xcc, 0xe0, 0xd4, 0x10, 0x3, 0x1f, 0xa3,
    0x0, 0x2a, 0x26, 0x1c, 0x2, 0x9b, 0x0, 0xd0,
    0x52, 0x90, 0x16, 0x7a, 0xe8, 0x1, 0xf9, 0x9c,
    0x76, 0xd0, 0x6, 0xe8, 0x48, 0x8, 0x3, 0xd2,
    0x4f, 0x7f, 0x8b, 0xfe, 0x8f, 0xd0, 0xbf, 0xfb,
    0x80, 0x1b, 0xa8, 0x40, 0x24, 0xbb, 0xc2, 0x77,
    0x7a, 0x80, 0x4, 0x2, 0xf9, 0xa6, 0x89, 0x18,
    0xc7, 0x12, 0x24, 0x0, 0x6c, 0xe9, 0x5c, 0x20,
    0x3, 0x43, 0x27, 0xcd, 0x8, 0x0, 0x65, 0xeb,
    0xa4, 0xc0, 0x6a, 0x5a, 0x41, 0x75, 0x30, 0x80,
    0x7a, 0xd4, 0x2, 0x5e, 0x4a, 0x90, 0x8, 0xbc,
    0x70, 0x0, 0x20, 0x1c, 0x91, 0xca, 0x1, 0xc3,
    0xb6, 0x0,

    /* U+7F16 "编" */
    0x0, 0xcc, 0x20, 0x1e, 0x84, 0x0, 0xfc, 0x72,
    0xe0, 0x1e, 0x5a, 0x0, 0xfd, 0x40, 0xc0, 0x4,
    0x76, 0x68, 0x69, 0x9a, 0x10, 0x9, 0x9c, 0x2,
    0xf8, 0xbb, 0x31, 0x3d, 0xc4, 0xa8, 0x1, 0xc2,
    0x44, 0xc0, 0xb, 0xbb, 0xec, 0x0, 0xd2, 0xe3,
    0x38, 0x20, 0x26, 0x7e, 0x70, 0xa, 0x2, 0xd5,
    0xe0, 0x41, 0x33, 0x3d, 0x40, 0x3, 0x71, 0xca,
    0x27, 0x0, 0x2f, 0xff, 0xe4, 0x38, 0xcb, 0x9,
    0x0, 0x38, 0x99, 0xfc, 0x84, 0xe, 0x72, 0xa8,
    0x1, 0x26, 0x67, 0xd6, 0xa0, 0x9, 0x3b, 0x12,
    0x2, 0x22, 0x79, 0x6f, 0xf, 0xa0, 0x1, 0x98,
    0x7f, 0xd0, 0x2, 0x20, 0xf, 0xf4, 0x8b, 0xc6,
    0xd1, 0x2, 0x80, 0x42, 0x60, 0x1d, 0x9d, 0x4c,
    0x42, 0x81, 0xe9, 0xe5, 0x9a, 0x3e, 0x80, 0x3,
    0x3, 0x9e, 0xac, 0x30, 0x4d, 0x1b, 0xc0, 0xd3,
    0x1, 0x9e, 0xc3, 0xaa, 0x2a, 0x0, 0x8, 0xd8,
    0x84, 0x9c, 0x0, 0x57, 0xf4, 0x92, 0x14, 0x1,
    0xf0, 0x80, 0x6, 0xd4, 0x2, 0xb6, 0x23, 0x10,
    0x10, 0x1, 0xc2, 0x98,

    /* U+7F6E "置" */
    0x0, 0xff, 0xe3, 0xe7, 0xff, 0xff, 0xa, 0xc0,
    0x23, 0xff, 0x70, 0x57, 0xfa, 0x43, 0xbf, 0xca,
    0x1, 0x84, 0x8a, 0x3, 0x22, 0x8, 0x19, 0x10,
    0x3, 0x39, 0x6e, 0xb0, 0x27, 0x75, 0x1, 0xbb,
    0x28, 0x5, 0x7f, 0xfe, 0x7, 0xff, 0xf5, 0x86,
    0xff, 0xfc, 0xf, 0xff, 0xf1, 0xf6, 0x67, 0x9c,
    0x2f, 0x33, 0xe3, 0x38, 0xae, 0xf2, 0x6, 0x5d,
    0xf1, 0x18, 0x4, 0x4e, 0x3f, 0xeb, 0x8f, 0xfc,
    0x4e, 0x60, 0x1e, 0xf4, 0x4f, 0xda, 0x1, 0xfa,
    0xa2, 0x3f, 0x50, 0x7, 0xe9, 0x9f, 0xeb, 0x0,
    0xfd, 0x1d, 0xdf, 0xac, 0x3, 0xf4, 0xe6, 0x7e,
    0x80, 0xf, 0xd5, 0xbb, 0xfa, 0xc0, 0x3f, 0x6e,
    0xff, 0x58, 0x6, 0xdf, 0xc0, 0xcf, 0xff, 0xd4,
    0x1b, 0xfc,

    /* U+80A9 "肩" */
    0x0, 0xff, 0xe7, 0xe, 0xb8, 0x7, 0xff, 0xc,
    0x52, 0xc, 0x3, 0xfb, 0x7f, 0xf9, 0x83, 0x3f,
    0xf9, 0x0, 0x23, 0x4a, 0xaf, 0xf4, 0x80, 0x80,
    0x62, 0x55, 0xff, 0x20, 0x7, 0x89, 0x57, 0xfc,
    0x80, 0x1e, 0x4a, 0xaf, 0xf4, 0x80, 0x80, 0x66,
    0xff, 0xff, 0xe0, 0x20, 0x4, 0x22, 0x6e, 0xef,
    0xf7, 0xd0, 0x6, 0xf1, 0x15, 0x6e, 0xfe, 0x21,
    0x0, 0x10, 0x8, 0x1, 0x4c, 0xff, 0x8, 0x4,
    0xc0, 0x40, 0xe, 0xff, 0xfc, 0x60, 0x11, 0x82,
    0x80, 0x37, 0xbb, 0xf1, 0x0, 0x58, 0x42, 0x0,
    0x31, 0x1f, 0xe0, 0x0, 0xa2, 0x80, 0x5d, 0xff,
    0xf8, 0xc0, 0xc, 0x16, 0x1, 0x66, 0xef, 0xe2,
    0x0, 0x4a, 0x18, 0x4, 0x45, 0xe1, 0x66, 0x0,
    0x5f, 0x40, 0x1f, 0xe4, 0xbb, 0x1f, 0x0, 0x88,
    0x3, 0xfc, 0xff, 0xee, 0x50,

    /* U+8109 "脉" */
    0x0, 0x8, 0xf0, 0x4, 0xd0, 0x60, 0x1f, 0x93,
    0xbb, 0x98, 0x0, 0x2b, 0x9b, 0x2, 0x1, 0xf5,
    0x5d, 0x80, 0x33, 0xee, 0x23, 0xf1, 0x80, 0x79,
    0x12, 0x0, 0xf1, 0xcf, 0xc9, 0x80, 0x7f, 0xf0,
    0x3b, 0xff, 0x33, 0x0, 0x3e, 0x66, 0x80, 0x29,
    0x77, 0x80, 0x40, 0x2, 0x1, 0xd1, 0x32, 0x0,
    0x9e, 0x22, 0xf, 0x0, 0x6e, 0x0, 0x6e, 0xff,
    0x0, 0xa2, 0x46, 0x0, 0x40, 0x93, 0x90, 0xf,
    0xd9, 0x77, 0x60, 0x0, 0xe1, 0xa5, 0x40, 0x30,
    0x80, 0x5b, 0xb1, 0x98, 0x2, 0x78, 0x60, 0x8,
    0x41, 0xde, 0x0, 0x11, 0x48, 0x0, 0x12, 0x70,
    0xf, 0x44, 0x40, 0x11, 0x8e, 0x0, 0x18, 0x90,
    0x3, 0x18, 0xff, 0xc0, 0x15, 0xa, 0x0, 0x39,
    0x60, 0x3, 0x71, 0x80, 0x70, 0xb4, 0x80, 0x69,
    0x36, 0x0, 0x89, 0x80, 0x3a, 0x85, 0xc0, 0x31,
    0xac, 0x98, 0x1, 0x88, 0x3, 0x5a, 0x50, 0x7,
    0xac, 0xb0, 0xc0, 0xf0, 0x3, 0x3c, 0xa0, 0x7,
    0x87, 0xd0, 0xd4, 0x10, 0x99, 0x81, 0xec, 0x8,
    0xac, 0x1, 0x8a, 0xc0, 0x54, 0x4e, 0x64, 0x68,
    0x0, 0xda, 0x93, 0x70, 0xe, 0x4a, 0x1, 0xff,
    0x60, 0x80, 0x27, 0xfd, 0x82, 0x1, 0xc0,

    /* U+8170 "腰" */
    0x3, 0xff, 0xd4, 0x97, 0x7f, 0xe7, 0x0, 0xa2,
    0x4c, 0x0, 0x23, 0x23, 0x8a, 0x38, 0x8c, 0x1,
    0x33, 0x14, 0x12, 0xaa, 0x8, 0xa0, 0x8a, 0xa3,
    0x0, 0x7e, 0xbc, 0xc0, 0x4e, 0x4, 0xe6, 0x0,
    0x33, 0xb2, 0x80, 0x15, 0xac, 0x52, 0xc1, 0x14,
    0xc0, 0x34, 0xc8, 0xc0, 0x2e, 0x73, 0xd7, 0xa,
    0xa0, 0x7, 0x77, 0xb0, 0x7, 0xff, 0x10, 0x40,
    0x3a, 0xb4, 0xab, 0x43, 0x74, 0x1, 0xfe, 0x89,
    0xa5, 0x4a, 0x89, 0x94, 0x0, 0x1c, 0x2a, 0x88,
    0x0, 0x67, 0x72, 0x1b, 0xbf, 0x0, 0x66, 0x61,
    0x82, 0xff, 0xc2, 0xdf, 0xfd, 0xc0, 0x43, 0x98,
    0x70, 0x7a, 0x80, 0x6a, 0xa8, 0xc6, 0xac, 0x38,
    0x80, 0x31, 0x2e, 0x94, 0xaa, 0x90, 0xd9, 0x54,
    0x4, 0xc0, 0x1c, 0x8a, 0x72, 0x83, 0xa3, 0x0,
    0x13, 0xe8, 0x7, 0x27, 0xd0, 0x5f, 0x1c, 0x80,
    0x44, 0x44, 0x34, 0x20, 0x9, 0x31, 0x1, 0x52,
    0x3a, 0x5, 0xc8, 0xee, 0xc9, 0xe9, 0xf6, 0x8b,
    0xb5, 0x7c, 0xcf, 0xb, 0xa1, 0x1f, 0xe5, 0x4c,
    0xfc, 0x82, 0x0, 0xc, 0x7c, 0x80,

    /* U+819D "膝" */
    0x0, 0x10, 0x88, 0x84, 0x3, 0x9a, 0xc0, 0x3e,
    0x3d, 0xee, 0x6e, 0x80, 0x3b, 0x94, 0x3, 0xfa,
    0xad, 0x0, 0x7f, 0xf3, 0x8f, 0xfe, 0xb0, 0xc,
    0x88, 0x20, 0x19, 0x98, 0x40, 0x24, 0x99, 0x78,
    0x7, 0xf3, 0x3e, 0x82, 0x8d, 0xa7, 0x32, 0x0,
    0x66, 0x61, 0x0, 0x13, 0xd7, 0x8, 0x13, 0x1a,
    0x40, 0x3a, 0x25, 0x2, 0xac, 0xbc, 0xbd, 0x40,
    0xf5, 0xe4, 0x3, 0x77, 0xb0, 0x44, 0x30, 0x4a,
    0x50, 0x80, 0xf6, 0xc0, 0x3f, 0x13, 0x81, 0xe1,
    0x3e, 0x20, 0x19, 0x0, 0x7f, 0x9b, 0x17, 0x22,
    0x6e, 0x44, 0x2, 0x70, 0x67, 0x50, 0x5d, 0x97,
    0xb5, 0x97, 0xc4, 0xe8, 0x10, 0xa, 0x20, 0x63,
    0xcd, 0x12, 0x1a, 0x80, 0x73, 0x6, 0x20, 0x21,
    0xfe, 0x61, 0xbb, 0x66, 0x4, 0x2, 0x4b, 0x2b,
    0x0, 0x11, 0x0, 0x3d, 0x63, 0x60, 0x69, 0x72,
    0xa0, 0x17, 0x30, 0x7, 0xde, 0x6a, 0x36, 0xcc,
    0x0, 0xca, 0x40, 0x1e, 0x5e, 0x71, 0x13, 0xb4,
    0x80, 0x63, 0xc0, 0xc, 0x79, 0x4b, 0xe8, 0x71,
    0x89, 0xa4, 0x8, 0x8, 0x6c, 0xae, 0x4d, 0xb0,
    0x2, 0x0, 0x3c, 0x66, 0x3, 0xa8, 0xb4, 0x97,
    0xd, 0x12, 0x73, 0x28, 0x0, 0x6d, 0x0,

    /* U+81EA "自" */
    0x0, 0xf6, 0x38, 0x7, 0xff, 0x0, 0xcc, 0x20,
    0x1f, 0x84, 0x75, 0x83, 0x88, 0xf8, 0x2f, 0xbb,
    0x38, 0x77, 0x7c, 0x20, 0x53, 0x3f, 0xe4, 0x0,
    0x85, 0x9b, 0xfc, 0x60, 0x1f, 0xfc, 0x62, 0x77,
    0xff, 0x18, 0x4, 0x31, 0x1f, 0xe4, 0x0, 0x8f,
    0xff, 0xfc, 0xe0, 0x1f, 0xfc, 0x61, 0x44, 0xff,
    0x10, 0x4, 0x57, 0x7f, 0xe5, 0x0, 0x8b, 0x77,
    0xfc, 0xc0, 0x10, 0x91, 0x7f, 0x84, 0x3, 0xff,
    0x8c, 0x7f, 0xff, 0xe7, 0x0, 0x86, 0x23, 0xfc,
    0x80, 0xa, 0xf7, 0x7f, 0xf5, 0xf8, 0x80,

    /* U+8282 "节" */
    0x0, 0xec, 0x50, 0xe, 0xc5, 0x0, 0xfe, 0x13,
    0x20, 0xc, 0x26, 0x40, 0x1c, 0xd1, 0x14, 0x86,
    0x44, 0x69, 0xc, 0x88, 0xc3, 0xae, 0xf8, 0x11,
    0xdf, 0x81, 0x1d, 0xf1, 0xdf, 0xfd, 0xc1, 0x1f,
    0xfb, 0x82, 0x3f, 0xf1, 0x0, 0x7f, 0xf2, 0xc6,
    0xd8, 0x3, 0xd, 0xb0, 0x7, 0xae, 0xf7, 0xd5,
    0xdf, 0x7d, 0x5d, 0x80, 0x3f, 0x95, 0x0, 0x3c,
    0xc8, 0x1, 0xae, 0xf9, 0x2, 0xef, 0xe0, 0xf,
    0xff, 0xf8, 0x7, 0xff, 0x12, 0x26, 0x54, 0x1,
    0xff, 0xc3, 0x26, 0x60, 0xc0, 0x7, 0xff, 0xa,
    0xbf, 0xda, 0xe0, 0x1f, 0xfd, 0xd0,

    /* U+884C "行" */
    0x0, 0xe8, 0x30, 0xf, 0xfe, 0x2d, 0x3b, 0x80,
    0xe, 0xff, 0xca, 0x1, 0xad, 0x69, 0x0, 0x62,
    0x3f, 0xb8, 0x0, 0x38, 0x96, 0xa0, 0x1, 0xff,
    0xfe, 0xb0, 0x1f, 0x2c, 0x40, 0x61, 0x0, 0xff,
    0xe0, 0xd, 0xf9, 0x84, 0xc8, 0x80, 0x3f, 0xf8,
    0x2a, 0x20, 0xcc, 0x83, 0x44, 0xff, 0x80, 0x32,
    0xca, 0xb9, 0xdd, 0xff, 0xc2, 0x0, 0x5a, 0xf,
    0x3, 0xdd, 0xf5, 0x4, 0xee, 0x84, 0x1e, 0x88,
    0x3, 0x11, 0x79, 0x80, 0xc8, 0x80, 0x70, 0x9c,
    0x1, 0xff, 0xc4, 0x3c, 0xb1, 0x0, 0xff, 0xe2,
    0x98, 0x7, 0xff, 0xfc, 0x3, 0xff, 0x84, 0xac,
    0xca, 0x1, 0x0, 0xff, 0xe1, 0x6c, 0xc9, 0x91,
    0x0, 0x1f, 0xfc, 0x28, 0xff, 0xac, 0x3, 0x0,

    /* U+89D2 "角" */
    0x0, 0xf3, 0xc0, 0x7, 0xff, 0xc, 0xe1, 0x57,
    0xe0, 0xf, 0xc3, 0xc0, 0x55, 0x5e, 0x60, 0xf,
    0xb4, 0xb3, 0xff, 0x60, 0x23, 0x0, 0x70, 0xe1,
    0xa3, 0x2a, 0xcd, 0xa3, 0xaa, 0xa7, 0x20, 0x3c,
    0x30, 0x4a, 0xad, 0x22, 0x29, 0xaa, 0x45, 0x4,
    0x12, 0x87, 0x7f, 0xce, 0x1f, 0xfc, 0x1, 0x5e,
    0xe0, 0x7, 0xff, 0x10, 0x80, 0x8, 0x98, 0x81,
    0x13, 0x80, 0x3e, 0xab, 0xb9, 0x42, 0xef, 0x80,
    0x38, 0x43, 0xbf, 0xe7, 0xe, 0xff, 0xb8, 0x3,
    0xbc, 0x4, 0x3, 0x84, 0x2, 0x10, 0xe, 0x20,
    0x55, 0xc4, 0xa, 0xbc, 0x1, 0xce, 0x15, 0x59,
    0x42, 0xab, 0x80, 0x30, 0x94, 0x7f, 0xe7, 0xf,
    0xfe, 0x0, 0xd2, 0xc, 0x1, 0xff, 0xc2, 0x27,
    0x61, 0x0, 0xf8, 0x99, 0x8e, 0x1e, 0x14, 0x52,
    0x1, 0xf8, 0xe6, 0x50, 0x6a, 0x11, 0x80, 0x1e,
    0x8f, 0x1, 0xff, 0xb0, 0x80,

    /* U+8BA4 "认" */
    0x0, 0x88, 0x3, 0xf4, 0xc0, 0x7, 0xe2, 0xd9,
    0x0, 0xf9, 0x4c, 0x3, 0xf1, 0x4b, 0x58, 0x7,
    0xff, 0x15, 0xa9, 0x18, 0x3, 0x84, 0x3, 0xfe,
    0x5b, 0x60, 0xf, 0x8, 0x7, 0xfc, 0x80, 0x1e,
    0x33, 0x0, 0x78, 0x9d, 0xe8, 0x40, 0xf, 0x9,
    0x80, 0x79, 0xa2, 0x27, 0xc0, 0xf, 0x98, 0x3,
    0xc9, 0xff, 0x8, 0x7, 0x88, 0x8, 0x3, 0xff,
    0x8a, 0xc0, 0x24, 0x1, 0xff, 0xc4, 0x30, 0x2,
    0x80, 0x7f, 0xf1, 0x30, 0xd6, 0xc0, 0x3f, 0xf8,
    0x62, 0x88, 0xe3, 0x20, 0xf, 0xfa, 0x48, 0x18,
    0x29, 0x6, 0x0, 0x3f, 0x8f, 0x5c, 0x42, 0x50,
    0x82, 0x54, 0xc0, 0x3c, 0x22, 0x46, 0xf3, 0xa1,
    0x80, 0x3, 0x97, 0x8, 0x7, 0x50, 0x4d, 0x8c,
    0x2b, 0x98, 0x5, 0xc5, 0xa2, 0x1, 0xb7, 0x18,
    0x1d, 0xcb, 0x0, 0x18, 0xe8, 0xf4, 0x3, 0x31,
    0x80, 0x1e, 0x68, 0x3, 0xcb, 0x9c, 0x0,

    /* U+8BBE "设" */
    0x0, 0x18, 0x7, 0x88, 0x47, 0x10, 0x7, 0xe,
    0x50, 0x6, 0x3d, 0xee, 0xda, 0xc0, 0x18, 0x6d,
    0x68, 0x3, 0xa2, 0xaa, 0x0, 0xf9, 0x2d, 0x58,
    0x3, 0x22, 0xac, 0x1, 0xf9, 0x2d, 0x80, 0xc,
    0x4, 0x1, 0xff, 0xc0, 0x40, 0xa, 0x48, 0x40,
    0x3f, 0x3b, 0xe2, 0x0, 0x49, 0xc8, 0x6, 0x1b,
    0xaa, 0xc, 0xc4, 0x4e, 0x18, 0xd0, 0x80, 0x1a,
    0xdc, 0x0, 0x7d, 0xfc, 0x1, 0x46, 0x38, 0x7,
    0x2d, 0x54, 0x40, 0x1f, 0x67, 0xff, 0xee, 0x10,
    0xf, 0x99, 0x42, 0x23, 0xc2, 0x62, 0x1, 0xf1,
    0x58, 0x1, 0xdf, 0x18, 0xc0, 0x7, 0xf0, 0xc4,
    0xc, 0x0, 0x32, 0x6a, 0x1, 0xf8, 0x81, 0xcf,
    0x48, 0x34, 0xf8, 0x3, 0xe2, 0xc9, 0x0, 0x69,
    0xe6, 0x9e, 0x90, 0x7, 0x18, 0x40, 0x48, 0x0,
    0x50, 0x49, 0x8, 0x3, 0xd0, 0xd, 0x84, 0x48,
    0xe6, 0x63, 0xa7, 0x49, 0x80, 0x61, 0x89, 0xc,
    0xd7, 0x76, 0xcc, 0x6b, 0x33, 0x38, 0x80, 0x16,
    0xe0, 0x8, 0xaf, 0x92, 0x0, 0x14, 0xf5, 0x49,
    0x0,

    /* U+8C03 "调" */
    0x0, 0x10, 0x7, 0xff, 0x11, 0xb5, 0x40, 0x9,
    0xff, 0xfe, 0xa0, 0x65, 0xa4, 0x0, 0xa2, 0x67,
    0xe3, 0x10, 0x5, 0x2d, 0x90, 0x1, 0x9a, 0x3a,
    0x66, 0xc0, 0x1a, 0xa0, 0x80, 0x21, 0x32, 0x21,
    0x90, 0x7, 0xce, 0x1, 0xa7, 0x20, 0x73, 0xc0,
    0x26, 0x77, 0x88, 0x3, 0x47, 0xd0, 0xfe, 0x80,
    0x51, 0x19, 0xc0, 0x3f, 0xf8, 0x3d, 0xfc, 0x1,
    0xcb, 0xfe, 0xa1, 0xff, 0x28, 0x7, 0xf9, 0x77,
    0x7c, 0xa0, 0x1f, 0x84, 0x4, 0xc4, 0x3, 0xff,
    0x82, 0x62, 0x13, 0x9b, 0xb6, 0x0, 0x7f, 0x71,
    0x80, 0x17, 0xfd, 0x60, 0x1f, 0xc4, 0x47, 0x0,
    0xff, 0xe1, 0x4e, 0xa6, 0x80, 0x17, 0xfd, 0x60,
    0x1e, 0x40, 0x36, 0x15, 0x0, 0x26, 0x66, 0x0,
    0xeb, 0x3d, 0x23, 0x20, 0x8a, 0x33, 0x9d, 0x18,
    0x2, 0xac, 0x20, 0x80, 0x8, 0x40, 0x2b, 0xb1,
    0x70, 0x1, 0x0, 0x16, 0x80, 0x1f, 0x77, 0xf2,
    0x80,

    /* U+8D34 "贴" */
    0x0, 0xff, 0xe0, 0x27, 0x88, 0x7, 0x93, 0xbb,
    0xca, 0x1, 0x8, 0x7, 0xf0, 0xcc, 0xe1, 0x30,
    0xf, 0xfe, 0x13, 0xb2, 0x38, 0x80, 0x7f, 0xf1,
    0x1f, 0x40, 0x3f, 0x77, 0xfe, 0x30, 0xf, 0xfe,
    0x13, 0xc4, 0x62, 0x0, 0xff, 0xe1, 0x4b, 0xbe,
    0x10, 0xf, 0xff, 0xa0, 0x98, 0x4, 0xbf, 0xea,
    0xe, 0xff, 0xa4, 0x3, 0xbc, 0x40, 0x3a, 0x67,
    0xc2, 0x1, 0xe2, 0x50, 0xe, 0x66, 0xf1, 0x80,
    0x4b, 0x80, 0x98, 0x5a, 0xe0, 0x1f, 0xfc, 0x1,
    0x35, 0x3, 0xc2, 0x10, 0xf, 0xfe, 0x8, 0xdc,
    0x31, 0x40, 0x7, 0xff, 0x4, 0x75, 0x18, 0x3d,
    0x88, 0x1, 0xff, 0xe2, 0x0, 0xb1, 0x28, 0x0,
    0x70, 0x60, 0x8, 0x8f, 0x8, 0x5, 0xb0, 0x1,
    0x9c, 0x57, 0x9d, 0xfd, 0xd2, 0x0,

    /* U+8F7D "载" */
    0x0, 0xc3, 0xa8, 0x1, 0x9e, 0x80, 0x80, 0x38,
    0x8c, 0xca, 0x46, 0x71, 0x7, 0x38, 0x7e, 0x8,
    0x5, 0x99, 0x58, 0x46, 0x64, 0x1, 0xb0, 0xb4,
    0x2, 0xef, 0xf7, 0x5, 0x7f, 0xb8, 0x3, 0xe,
    0x80, 0x80, 0x4, 0x63, 0x3, 0x11, 0xc0, 0x62,
    0x22, 0xd0, 0x7, 0x76, 0xd0, 0x9e, 0xec, 0xc3,
    0xdd, 0xc1, 0x9b, 0xaa, 0x2a, 0xdd, 0xe7, 0xd,
    0xde, 0x2, 0x33, 0x69, 0x39, 0x9e, 0x2d, 0x3,
    0x27, 0x92, 0x6, 0xee, 0x38, 0x6f, 0x77, 0x30,
    0x18, 0x7b, 0x80, 0x1f, 0x18, 0x2f, 0x33, 0xc2,
    0xc, 0x2b, 0x40, 0x1, 0x37, 0x72, 0x36, 0x11,
    0x98, 0x88, 0x7, 0x20, 0xc0, 0x15, 0xf, 0x2e,
    0x3, 0xaa, 0x84, 0xb, 0x19, 0xc0, 0x33, 0x4,
    0xd3, 0x4, 0xd5, 0x8, 0x1d, 0x6, 0x40, 0x36,
    0x7f, 0xd4, 0x1d, 0xfe, 0x30, 0xd0, 0x81, 0x0,
    0xc2, 0x46, 0x9a, 0x13, 0x2a, 0xa0, 0xc8, 0x6,
    0xd2, 0x7e, 0xdc, 0x95, 0x2, 0x1c, 0xfd, 0x3,
    0x90, 0x12, 0x6, 0xef, 0xf6, 0xc0, 0x5c, 0x3c,
    0x96, 0xf0, 0xe5, 0x89, 0x8, 0x80, 0x3e, 0x62,
    0xc3, 0x2b, 0x25, 0x80, 0xf, 0x2f, 0x8, 0x3f,
    0x10, 0x1, 0x3b, 0xd8, 0x0,

    /* U+8F91 "辑" */
    0x0, 0x86, 0x88, 0x3, 0x11, 0x7e, 0x0, 0xe5,
    0x50, 0x6, 0x5d, 0xdf, 0xbc, 0x2, 0x77, 0x78,
    0x2b, 0xb8, 0x40, 0x1f, 0xfc, 0xa0, 0x10, 0xc4,
    0x10, 0x22, 0x22, 0x0, 0xff, 0x87, 0xfc, 0x13,
    0xff, 0x18, 0x3, 0xff, 0x94, 0x3, 0x90, 0x11,
    0x44, 0x0, 0xbb, 0xbf, 0x60, 0x6, 0xd3, 0xa,
    0x50, 0x47, 0x55, 0xf9, 0x9c, 0x2, 0x7b, 0x0,
    0xc5, 0x51, 0x57, 0x7a, 0x21, 0x60, 0x5, 0x10,
    0x50, 0xc5, 0x6e, 0xe, 0xcc, 0xc8, 0x8c, 0x0,
    0x78, 0xd4, 0x83, 0x40, 0x80, 0x33, 0xff, 0x20,
    0x6, 0xbe, 0xdc, 0xa, 0xd1, 0x0, 0x56, 0x66,
    0x30, 0xc, 0x20, 0x1f, 0xcc, 0x67, 0x9c, 0x3,
    0xe1, 0xd, 0xa5, 0x0, 0x67, 0xfe, 0x40, 0x8,
    0x6b, 0x3f, 0x1, 0xc0, 0x40, 0x15, 0x99, 0x8c,
    0x2, 0x16, 0x59, 0xa0, 0xaa, 0x20, 0x1, 0x88,
    0x41, 0xc1, 0x9c, 0x43, 0x25, 0x9c, 0x2, 0xbd,
    0xc, 0xed, 0xca, 0x33, 0x60, 0x7, 0xf7, 0x5d,
    0xb3, 0x7f, 0xdc, 0x8b, 0x62, 0x1, 0xf9, 0x54,
    0x86, 0x40, 0x1f, 0xf1, 0x7a, 0x0, 0x7f, 0x5d,
    0x80, 0x0,

    /* U+8FD0 "运" */
    0x0, 0x38, 0x6, 0x37, 0x7f, 0xe4, 0x0, 0x92,
    0x34, 0xc0, 0xb, 0x11, 0xfd, 0xc0, 0x12, 0x68,
    0xe3, 0x83, 0x7f, 0xff, 0x50, 0x6, 0x2c, 0x73,
    0x0, 0xff, 0xe3, 0x42, 0x0, 0x8f, 0xff, 0x0,
    0x3, 0xeb, 0xee, 0xff, 0xe0, 0x9, 0x7f, 0xe0,
    0x8b, 0xb8, 0x45, 0x77, 0xf0, 0x9c, 0x41, 0x40,
    0x6, 0x88, 0x71, 0x64, 0x46, 0xb2, 0x24, 0x2,
    0xee, 0xc0, 0xe, 0x80, 0x90, 0x2, 0x70, 0x7,
    0xff, 0x0, 0xd2, 0x4, 0x1, 0x26, 0xa0, 0x1f,
    0xf7, 0x93, 0x80, 0x48, 0x88, 0x0, 0xff, 0x41,
    0xc1, 0xa2, 0xb4, 0x1, 0x38, 0x7, 0xf2, 0x85,
    0x65, 0xd4, 0xbb, 0xc, 0x88, 0x7, 0xeb, 0x68,
    0xac, 0xdf, 0xf6, 0xe0, 0xa0, 0x4, 0xb6, 0x16,
    0x6d, 0x2e, 0xa6, 0x40, 0x11, 0x6a, 0x80, 0x2a,
    0x83, 0xf, 0x9b, 0x2e, 0xcd, 0x9d, 0xd1, 0x50,
    0x20, 0xeb, 0x8f, 0x96, 0xe9, 0x13, 0x3a, 0x20,
    0xee, 0x51, 0xc, 0xa0, 0x9, 0x2b, 0x7f, 0xdd,
    0xcf, 0xfe, 0xd0,

    /* U+8FD4 "返" */
    0x0, 0xff, 0xe1, 0x8a, 0x20, 0x2, 0x3d, 0x40,
    0x8, 0xdd, 0xd1, 0x57, 0xbf, 0xd7, 0x63, 0x0,
    0x1b, 0x59, 0x80, 0x12, 0x25, 0x58, 0x52, 0x2b,
    0x7c, 0xc0, 0x2a, 0x2d, 0x20, 0xb, 0xb7, 0x2a,
    0x5d, 0x48, 0x3, 0x87, 0xd0, 0xc0, 0x3f, 0xf8,
    0xa5, 0x42, 0x1, 0x55, 0x7d, 0x6e, 0x1, 0xfd,
    0xe0, 0x23, 0xf2, 0x68, 0x4, 0xab, 0x80, 0x35,
    0xd5, 0xde, 0xf0, 0xe0, 0x0, 0xd5, 0x60, 0x0,
    0x90, 0xf4, 0x80, 0x52, 0x68, 0x0, 0x1e, 0xe3,
    0x80, 0x44, 0xc3, 0x6d, 0x83, 0x5, 0xe0, 0x18,
    0x44, 0x1, 0x94, 0xc1, 0x34, 0xbd, 0xe0, 0xc0,
    0x3f, 0x8c, 0x70, 0x0, 0x4c, 0x20, 0x40, 0x1f,
    0xea, 0x4, 0x1, 0xa7, 0x64, 0xa7, 0x0, 0xfc,
    0x6c, 0xe5, 0x1c, 0x95, 0x36, 0xb1, 0x0, 0xe,
    0x20, 0x26, 0x86, 0x77, 0x7a, 0x80, 0x29, 0x88,
    0x2, 0x1c, 0x51, 0xca, 0x4, 0xf8, 0x10, 0xd,
    0x34, 0x0, 0x1c, 0x2d, 0xe4, 0xcc, 0x4b, 0xb2,
    0xa9, 0x98, 0xf1, 0x36, 0x22, 0xd, 0x20, 0x9d,
    0x55, 0x44, 0xd5, 0x26, 0x50, 0xee, 0x1, 0xd,
    0x30, 0x8, 0xa7, 0x3f, 0xff, 0x75, 0x80,

    /* U+8FDE "连" */
    0x0, 0xff, 0xe5, 0x49, 0x0, 0x7a, 0xac, 0x3,
    0xfc, 0x98, 0x20, 0x1c, 0xa2, 0x1, 0xfe, 0xf1,
    0xd0, 0xbf, 0xf8, 0x17, 0xff, 0xc6, 0x1, 0x15,
    0x1b, 0xfc, 0xc8, 0x4a, 0x67, 0xe2, 0x0, 0xcb,
    0xc, 0x8c, 0xa3, 0x6c, 0xa0, 0xcd, 0x84, 0x3,
    0x9c, 0x40, 0x10, 0x2c, 0x15, 0x20, 0x1f, 0x8,
    0xe0, 0x2, 0x22, 0x0, 0x3f, 0xc3, 0xdd, 0x80,
    0x10, 0x13, 0xfe, 0x60, 0xff, 0xb4, 0x0, 0x37,
    0x65, 0x0, 0xa6, 0x23, 0x18, 0x44, 0x56, 0x1,
    0x22, 0x34, 0x2, 0x57, 0x7c, 0xa0, 0xef, 0x30,
    0x7, 0xff, 0x42, 0xbf, 0xf9, 0x83, 0xff, 0x60,
    0x7, 0xdf, 0x11, 0xc6, 0x11, 0x1a, 0x80, 0x3e,
    0x57, 0x7e, 0x50, 0x77, 0xcc, 0x1, 0xbc, 0x3,
    0xff, 0x8a, 0x34, 0xe1, 0x66, 0x1, 0xff, 0xc1,
    0x1c, 0x57, 0xb6, 0xcd, 0x98, 0x76, 0x16, 0x78,
    0x9a, 0xb3, 0x0, 0x44, 0x13, 0x69, 0xde, 0x89,
    0x76, 0x87, 0x65, 0x51, 0xe, 0x38, 0x4, 0xb5,
    0xdf, 0xee, 0xeb, 0xff, 0x70, 0x80,

    /* U+9009 "选" */
    0x0, 0xfe, 0x10, 0x5, 0x30, 0x7, 0xcd, 0xc6,
    0x1, 0x93, 0x8c, 0x17, 0xc0, 0x3e, 0x72, 0xc3,
    0x0, 0xb8, 0x4c, 0x3, 0xfc, 0x3a, 0x5a, 0x40,
    0x2a, 0x3f, 0xe0, 0x6f, 0xfc, 0x60, 0x10, 0xe1,
    0x0, 0x2c, 0x6e, 0xe0, 0x4b, 0xbc, 0x60, 0x18,
    0x70, 0x88, 0xb0, 0x89, 0x1, 0x22, 0x60, 0xf,
    0xc5, 0xcc, 0x1, 0xff, 0xc0, 0x12, 0x28, 0x1f,
    0x73, 0x30, 0x3e, 0x67, 0x0, 0x3f, 0x76, 0x2,
    0x44, 0x8c, 0x1d, 0x4d, 0x51, 0x20, 0x6, 0xdb,
    0x0, 0x16, 0x21, 0x41, 0x31, 0xa1, 0x11, 0x80,
    0x6, 0x9e, 0x1, 0xc8, 0xe, 0x1, 0xff, 0xc5,
    0xa2, 0x20, 0x7, 0xa, 0x0, 0x7f, 0x41, 0xc0,
    0x7, 0x8e, 0xc8, 0x3, 0xc5, 0x4e, 0xca, 0x1,
    0x91, 0x14, 0x4, 0x1, 0xee, 0x58, 0x90, 0x9,
    0x42, 0xad, 0xd4, 0x2, 0x2d, 0xd, 0xae, 0x70,
    0xc, 0x7f, 0xbb, 0x50, 0x1, 0xb5, 0x65, 0x67,
    0x25, 0x95, 0x73, 0x22, 0xd4, 0x8, 0x69, 0xfb,
    0x46, 0xa2, 0x26, 0xab, 0x4c, 0xa1, 0xd8, 0x42,
    0xb0, 0x40, 0x5, 0x3b, 0xfe, 0xee, 0xbf, 0xf7,
    0x0,

    /* U+901A "通" */
    0x0, 0xfc, 0x23, 0xfe, 0x0, 0x93, 0x4, 0x2,
    0xbe, 0xef, 0xf0, 0x80, 0x18, 0xb0, 0x40, 0x15,
    0xba, 0xcd, 0xdc, 0x81, 0x42, 0x0, 0x2c, 0x3c,
    0x10, 0x12, 0xbc, 0x96, 0x7f, 0x6c, 0x50, 0xc,
    0x58, 0x50, 0x1, 0x4e, 0xd, 0xd3, 0x69, 0x80,
    0x78, 0xb2, 0x41, 0xa6, 0x54, 0x68, 0x9, 0x93,
    0x23, 0x0, 0xe3, 0x0, 0x6b, 0x80, 0x48, 0x6c,
    0xa0, 0xcc, 0x0, 0x2a, 0xe0, 0x9, 0x66, 0x60,
    0xa9, 0x98, 0x40, 0x5, 0x55, 0x88, 0x0, 0x9f,
    0xf0, 0x4f, 0xfc, 0x20, 0x2, 0xff, 0x50, 0x6,
    0x4d, 0xd8, 0x1f, 0x76, 0x10, 0xf, 0xf8, 0x8a,
    0xe, 0x22, 0x80, 0x3f, 0xe4, 0xff, 0x82, 0x7f,
    0xe1, 0x0, 0xff, 0x1e, 0x64, 0xf, 0x99, 0x8,
    0x7, 0xf9, 0xcc, 0xe0, 0xe3, 0x38, 0x3, 0xff,
    0x8a, 0x2a, 0xa1, 0x0, 0xcb, 0x61, 0xc4, 0x43,
    0x0, 0x94, 0x86, 0x20, 0xa8, 0x0, 0x8a, 0x9e,
    0x5d, 0x2f, 0x54, 0x39, 0x74, 0x88, 0x63, 0x10,
    0x2c, 0x38, 0xce, 0x95, 0x52, 0xf3, 0x2b, 0xaa,
    0x4c, 0x88, 0x31, 0xc0, 0x22, 0x9d, 0xff, 0x77,
    0x3f, 0xfb, 0x80,

    /* U+9053 "道" */
    0x0, 0xfc, 0xb4, 0x1, 0xd4, 0x80, 0x19, 0x74,
    0x80, 0x33, 0xac, 0x0, 0x4e, 0xac, 0x1, 0x90,
    0x3c, 0x40, 0x48, 0x14, 0xc8, 0x89, 0xc, 0x4,
    0x40, 0x0, 0xf9, 0xe8, 0x6e, 0xca, 0x9b, 0xab,
    0x6, 0xdd, 0x80, 0x22, 0xa1, 0x16, 0xf7, 0x66,
    0xd, 0xee, 0xe0, 0xc, 0x9a, 0x23, 0x11, 0x48,
    0x81, 0x22, 0x84, 0x40, 0x1f, 0x97, 0x32, 0x24,
    0xcc, 0xc8, 0x1, 0x4c, 0xe2, 0x0, 0xbb, 0xff,
    0xb0, 0x3, 0x99, 0xb0, 0x80, 0x4a, 0x67, 0xcc,
    0x1, 0xdf, 0xec, 0x0, 0xe9, 0xee, 0xeb, 0x0,
    0xff, 0xe0, 0xe6, 0xef, 0x80, 0x3f, 0xf8, 0x3f,
    0xdd, 0xda, 0x1, 0xff, 0xc1, 0xdc, 0xce, 0xb0,
    0xf, 0xfe, 0x9, 0x17, 0x98, 0x3, 0xff, 0x83,
    0xfd, 0xdd, 0xa0, 0x1e, 0x3f, 0x8, 0x27, 0x98,
    0x8f, 0xa5, 0x40, 0x27, 0xc7, 0xa1, 0xd9, 0x13,
    0x22, 0xe3, 0x6, 0x71, 0xb, 0x6b, 0x5a, 0xc2,
    0xaa, 0x5d, 0xf5, 0x4c, 0xa8, 0x43, 0x64, 0x2,
    0x39, 0xdf, 0xf7, 0x73, 0xff, 0x76, 0x80,

    /* U+90E8 "部" */
    0x0, 0xd2, 0xc0, 0x1f, 0xfc, 0x43, 0x80, 0xe,
    0x4b, 0xbe, 0x62, 0x66, 0x8c, 0x65, 0x9a, 0x2,
    0x41, 0x19, 0x29, 0xe6, 0x66, 0x6, 0x99, 0x80,
    0x3, 0x54, 0x80, 0xa5, 0xf4, 0xbf, 0xfa, 0x53,
    0xc0, 0x3a, 0x85, 0x80, 0x28, 0x0, 0xa8, 0x3,
    0xe6, 0x60, 0x5, 0xc6, 0x40, 0x47, 0xe0, 0x1c,
    0x83, 0x40, 0x12, 0x1b, 0x5, 0x8a, 0x0, 0x77,
    0xa1, 0x7, 0xfb, 0x8e, 0xfd, 0x87, 0xfd, 0x0,
    0x16, 0x29, 0x5, 0x57, 0xfc, 0x1, 0x3a, 0x78,
    0x2a, 0xff, 0x88, 0x3, 0x41, 0x28, 0x67, 0xff,
    0xd0, 0x1, 0xc4, 0x7e, 0x2, 0x73, 0x3c, 0x2,
    0x1, 0xe6, 0x60, 0x1, 0x59, 0xb8, 0x40, 0x3e,
    0x67, 0x0, 0xff, 0xe0, 0xa6, 0x71, 0xe8, 0x7,
    0xff, 0x5, 0x54, 0xf4, 0xc0, 0x6, 0xff, 0xe1,
    0x0, 0xc3, 0x32, 0x50, 0x8, 0xe6, 0x78, 0x3,
    0xfe, 0x64, 0x66, 0xef, 0x90, 0xf, 0xc0,

    /* U+914D "配" */
    0x1, 0x1f, 0xc0, 0x1f, 0xed, 0xee, 0xfc, 0x37,
    0xff, 0xe9, 0xe, 0xbb, 0x5, 0x13, 0xdd, 0x87,
    0x5d, 0xf8, 0x40, 0x6, 0x88, 0x4, 0x1d, 0x44,
    0x3, 0x44, 0x71, 0x80, 0x9, 0x54, 0xe, 0x38,
    0xa6, 0x1, 0xfe, 0x7a, 0xa0, 0x49, 0x35, 0x48,
    0x7, 0xfc, 0x5e, 0x7c, 0x5e, 0xc0, 0x1f, 0xfc,
    0x31, 0x0, 0xe5, 0x88, 0xe3, 0x0, 0xe1, 0x0,
    0xf7, 0x3b, 0xf0, 0x80, 0x62, 0x10, 0xf, 0x8f,
    0xff, 0x10, 0x4, 0x73, 0x20, 0x4d, 0x60, 0xf,
    0xd3, 0x40, 0x3, 0xf5, 0x9, 0xd6, 0x0, 0xfc,
    0x86, 0x0, 0x36, 0x22, 0xc6, 0x1, 0xff, 0xc0,
    0x1d, 0xde, 0x50, 0xf, 0xe1, 0x0, 0x17, 0xff,
    0x30, 0x7, 0xe1, 0xe3, 0x3, 0x11, 0xe3, 0x0,
    0xfc, 0x40, 0x10, 0xf7, 0x72, 0x80, 0x4, 0xdd,
    0x9a, 0x80, 0x20, 0x1d, 0xde, 0x50, 0x4, 0x94,
    0x4c, 0xc9, 0x2, 0xbe, 0x45, 0xd5, 0x40, 0x3d,
    0xff, 0xe7, 0x0,

    /* U+91CF "量" */
    0x0, 0x9f, 0xfb, 0xbf, 0xde, 0xe0, 0x1f, 0xbb,
    0xbf, 0xbc, 0x3, 0xfd, 0xdd, 0xfd, 0xe0, 0x1f,
    0xee, 0xef, 0xef, 0x0, 0xfc, 0x22, 0xee, 0xfe,
    0xf1, 0x10, 0x6, 0x33, 0x2e, 0xef, 0xff, 0x1,
    0x4c, 0xc0, 0xd, 0xdf, 0xfe, 0x30, 0x3, 0xb9,
    0x57, 0x7f, 0xfc, 0x1e, 0xe0, 0x6, 0x98, 0xcc,
    0xd7, 0x6c, 0xcd, 0x34, 0x1, 0xf3, 0xdd, 0xe2,
    0x5b, 0xbc, 0x80, 0x1f, 0x93, 0xbb, 0x1a, 0xf7,
    0x66, 0x0, 0xfc, 0x9b, 0xb8, 0xd7, 0x77, 0x30,
    0x7, 0xcc, 0xf9, 0x98, 0xd3, 0x33, 0x29, 0x0,
    0x7a, 0xb3, 0x38, 0xd3, 0x33, 0xc0, 0x1c, 0xbd,
    0xde, 0x34, 0xee, 0xf3, 0x0, 0x65, 0xff, 0xf1,
    0xa7, 0xff, 0x98, 0x0, 0x3f, 0xff, 0x8d, 0x3f,
    0xff, 0x8,

    /* U+9501 "锁" */
    0x0, 0x95, 0x40, 0x1f, 0xe, 0x98, 0x7, 0xe8,
    0xc0, 0x8, 0x70, 0xc0, 0xc9, 0xc0, 0x70, 0x80,
    0x26, 0x21, 0x66, 0x81, 0xb8, 0x3, 0xa4, 0x48,
    0x0, 0x30, 0xf, 0x33, 0x2d, 0x93, 0x0, 0x44,
    0xf2, 0x1, 0x69, 0xff, 0xf2, 0xb, 0x88, 0x4,
    0x8c, 0x80, 0x1, 0x14, 0x91, 0x70, 0x40, 0xf4,
    0x7, 0xf8, 0x24, 0x0, 0x3b, 0x1b, 0xbb, 0xc1,
    0x9a, 0x50, 0x46, 0x68, 0x3, 0x76, 0x3, 0xe7,
    0x80, 0x23, 0xfd, 0xdf, 0xe8, 0x0, 0xe2, 0x30,
    0xe3, 0x20, 0xc, 0x7c, 0x60, 0x1f, 0xfc, 0xe9,
    0xff, 0x4, 0xff, 0x88, 0x3, 0xff, 0x81, 0xb3,
    0x20, 0x59, 0x91, 0x80, 0x7f, 0xf0, 0x11, 0x98,
    0x18, 0xcc, 0x10, 0x9, 0xc0, 0x40, 0x3f, 0xf8,
    0xb8, 0x4, 0x1, 0xff, 0xc0, 0x30, 0x31, 0x13,
    0x28, 0x0, 0x48, 0x3, 0xef, 0xbc, 0x1d, 0x7d,
    0xf, 0xe9, 0x7d, 0x0, 0xe5, 0x6, 0xc, 0x15,
    0xf2, 0xd5, 0xb4, 0xe8, 0x10, 0xd, 0x5, 0x76,
    0xe, 0xa4, 0xf3, 0x5, 0xd9, 0x7f, 0x0, 0xdf,
    0xa8, 0x7, 0x3b, 0x42, 0x1, 0x9b, 0xa8, 0x0,

    /* U+9547 "镇" */
    0x0, 0x91, 0x40, 0x3f, 0x4a, 0x80, 0x7e, 0x9f,
    0x0, 0xf8, 0x58, 0x80, 0x3e, 0x52, 0x36, 0x68,
    0xb7, 0x6c, 0x9, 0xdd, 0xb0, 0x2, 0x80, 0x69,
    0x98, 0xee, 0xe6, 0x8, 0xbb, 0xa8, 0x1, 0x25,
    0xbf, 0xf8, 0x5d, 0x10, 0x6, 0x89, 0x98, 0x5,
    0xa8, 0x80, 0x3a, 0x77, 0x14, 0xb3, 0x1b, 0x80,
    0x1, 0xce, 0xff, 0xd2, 0x0, 0x2e, 0xee, 0x80,
    0xc, 0x7d, 0x0, 0xb1, 0xa0, 0x2, 0xee, 0xe8,
    0x0, 0xe5, 0x70, 0xc7, 0x40, 0x1, 0x77, 0x74,
    0x0, 0x7f, 0xf0, 0x4b, 0xbb, 0xa0, 0x3, 0x5f,
    0x70, 0x27, 0xb8, 0x0, 0x2e, 0xee, 0x80, 0xd,
    0xf7, 0x60, 0x6b, 0xb0, 0x0, 0xbb, 0xba, 0x0,
    0x32, 0x2a, 0x83, 0xd5, 0x40, 0x2, 0xee, 0xe8,
    0x0, 0xff, 0x9d, 0xd, 0xdf, 0xb0, 0x5c, 0x40,
    0x3e, 0x2b, 0x13, 0xaa, 0xe6, 0x2a, 0x30, 0xe,
    0xfb, 0xdc, 0xdc, 0x14, 0xd9, 0x9, 0xdd, 0x10,
    0x4, 0x60, 0xcf, 0x80, 0x9e, 0x5a, 0xa, 0xf7,
    0x20, 0x1d, 0xe3, 0x58, 0x71, 0x6b, 0xe8, 0x3,
    0x54, 0x6c, 0x0, 0xdd, 0xc5, 0x0, 0x55, 0x2c,
    0x40, 0x32, 0xe7, 0x80,

    /* U+95ED "闭" */
    0x0, 0x10, 0x7, 0xff, 0x12, 0x75, 0x0, 0xa,
    0xef, 0xfd, 0x6, 0x12, 0x96, 0x81, 0xf3, 0x3f,
    0xce, 0x80, 0xb, 0x3d, 0xa, 0xee, 0xfe, 0x0,
    0xec, 0x90, 0xe, 0x9d, 0x0, 0xf1, 0xf1, 0x80,
    0x7c, 0x66, 0x0, 0xf8, 0x5c, 0xc, 0xfc, 0x22,
    0x33, 0x10, 0x7, 0xd9, 0x9e, 0x40, 0xcc, 0x48,
    0x7, 0xd9, 0x9c, 0x60, 0xc, 0xc4, 0x80, 0x7c,
    0x67, 0x94, 0xc4, 0x46, 0x62, 0x0, 0xff, 0x2c,
    0xb2, 0x0, 0x7f, 0xf0, 0x56, 0x92, 0x40, 0x3f,
    0xf8, 0x33, 0x4b, 0x60, 0x1f, 0xfc, 0x4, 0xd6,
    0x8a, 0x0, 0xff, 0xe0, 0x98, 0x63, 0x80, 0x7f,
    0xf0, 0x9f, 0x4c, 0xd, 0xde, 0x0, 0xff, 0xe1,
    0xc4, 0x2, 0x0, 0xd9, 0x80, 0x1f, 0xc7, 0xfe,
    0xd6, 0x7, 0x99, 0x1a, 0x80, 0x7f, 0xf0, 0x53,
    0xfd, 0x84,

    /* U+95F4 "间" */
    0x0, 0x10, 0x7, 0xff, 0x11, 0xf5, 0x0, 0xa,
    0xef, 0xfd, 0x8, 0xe, 0x76, 0x81, 0xf1, 0x1f,
    0xcf, 0x80, 0xd, 0x19, 0xa, 0xff, 0xfe, 0x0,
    0xc3, 0x98, 0x0, 0xff, 0xe0, 0x8f, 0x31, 0x8,
    0x8, 0xfc, 0x1, 0xe1, 0x10, 0x1, 0xfb, 0xbd,
    0xe0, 0x1f, 0xf0, 0xe6, 0x66, 0x0, 0xff, 0xe0,
    0x99, 0xe1, 0x0, 0xff, 0xe0, 0x91, 0x61, 0x0,
    0xff, 0xe0, 0xe, 0xee, 0x60, 0xf, 0xfe, 0x0,
    0xf7, 0x67, 0x0, 0xff, 0xe0, 0x88, 0xe0, 0xf,
    0xfe, 0x11, 0x9e, 0x10, 0xf, 0xfe, 0x0, 0xe6,
    0x66, 0x0, 0xff, 0x9f, 0xff, 0xdc, 0x1, 0xff,
    0xc6, 0x15, 0x50, 0x7, 0xff, 0xc, 0x6a, 0x85,
    0x60, 0x1f, 0xfc, 0x2f, 0xf6, 0x98,

    /* U+9762 "面" */
    0x67, 0x7f, 0xfe, 0x2d, 0x44, 0x7f, 0xf1, 0x27,
    0x3f, 0xfd, 0x81, 0x1f, 0xff, 0x70, 0x7, 0xc8,
    0xa, 0x1, 0xfc, 0xf1, 0x1d, 0x41, 0x51, 0x1e,
    0x70, 0x4, 0xbb, 0x31, 0xdc, 0x62, 0xcc, 0x77,
    0x33, 0x1e, 0x40, 0x27, 0xee, 0x31, 0xf7, 0x60,
    0x9e, 0xe3, 0x0, 0x7f, 0xf3, 0x8f, 0xff, 0x0,
    0x7f, 0xf0, 0x4a, 0xef, 0x0, 0x7f, 0xf0, 0x45,
    0x13, 0x0, 0x7f, 0xf0, 0x45, 0x13, 0x0, 0x7f,
    0xf0, 0x4a, 0xef, 0x0, 0x7f, 0xf0, 0x4f, 0xff,
    0x0, 0x7f, 0xf3, 0xdb, 0x74, 0xc7, 0xbb, 0x82,
    0x37, 0x4c, 0x1, 0x89, 0x54, 0xee, 0x55, 0xce,
    0xca, 0xa2, 0x0, 0xc9, 0x11, 0xff, 0xc0, 0x40,
    0x0,

    /* U+9875 "页" */
    0x27, 0x7f, 0xfe, 0x2b, 0x4c, 0xfd, 0x10, 0x99,
    0xfa, 0x93, 0xbb, 0xde, 0xb, 0xdd, 0xf6, 0x80,
    0x7c, 0xc1, 0x0, 0x1f, 0xe5, 0xff, 0xd0, 0x1b,
    0xff, 0xe0, 0xf, 0x3c, 0x47, 0xf1, 0x80, 0x7d,
    0x6e, 0xf2, 0x9b, 0xbe, 0x50, 0xf, 0xfa, 0xac,
    0x3, 0xff, 0xf4, 0x40, 0x1f, 0xfc, 0x41, 0x44,
    0x0, 0x80, 0x7e, 0x79, 0x20, 0x5, 0xc, 0x4f,
    0x48, 0xd5, 0x0, 0x31, 0x30, 0xae, 0xa5, 0x1c,
    0xc9, 0xfa, 0x90, 0x3, 0x1c, 0x6d, 0xe, 0x28,
    0x1, 0xba, 0x1b, 0x9c, 0x1b, 0xf1, 0x93, 0x30,
    0x60, 0x1c, 0xfc, 0xb1, 0x2d, 0x19, 0xd2, 0x60,
    0x1f, 0x86, 0xae, 0x0,

    /* U+9888 "颈" */
    0x0, 0xff, 0x8, 0xff, 0x0, 0x23, 0xff, 0xcf,
    0x5d, 0xdf, 0xc2, 0x17, 0x33, 0x90, 0xe, 0x2e,
    0xe4, 0xb, 0xbc, 0x20, 0x6c, 0xd3, 0xaa, 0x20,
    0x91, 0x26, 0x54, 0x4c, 0x1, 0xed, 0xa, 0x0,
    0x2b, 0x39, 0x1b, 0x34, 0x40, 0x18, 0x70, 0xd0,
    0x40, 0x17, 0x30, 0xd, 0x33, 0x38, 0x4, 0x58,
    0x4c, 0xba, 0x60, 0x7, 0xff, 0xdc, 0x1, 0xa3,
    0x43, 0x27, 0x47, 0xc, 0x2, 0x6c, 0x0, 0xf1,
    0xbe, 0x90, 0x16, 0x41, 0x80, 0x5c, 0x40, 0x1e,
    0xb8, 0x0, 0xe7, 0x0, 0xff, 0xe0, 0x3f, 0x77,
    0xc0, 0x1f, 0xfc, 0x4, 0x88, 0x20, 0xcc, 0x40,
    0x3, 0xff, 0x80, 0x6c, 0xcc, 0x6, 0x68, 0x3,
    0x9, 0x80, 0x7f, 0xf1, 0x95, 0xc0, 0x3f, 0xf8,
    0x22, 0x1d, 0x6, 0x6f, 0x71, 0xf5, 0x0, 0xee,
    0xb, 0xde, 0x30, 0x7, 0x9b, 0xce, 0x90, 0x4,
    0xf9, 0xee, 0x3, 0x56, 0x65, 0xa5, 0xc5, 0xe1,
    0x86, 0x0, 0xf6, 0x8c, 0xfb, 0x74, 0xad, 0x1f,
    0x20, 0x1c, 0x2d, 0x0, 0x45, 0x39, 0x80, 0x6d,
    0xac, 0x10, 0x8, 0x76, 0xc0,

    /* U+9891 "频" */
    0x0, 0xe8, 0x60, 0xf, 0xfe, 0x31, 0xf0, 0x4,
    0xcd, 0xf9, 0x0, 0x2e, 0x50, 0x8, 0x46, 0xb9,
    0x9f, 0xb8, 0x3, 0xe7, 0xee, 0x46, 0xff, 0xa8,
    0x3b, 0xfd, 0x40, 0x1f, 0x3f, 0xfa, 0x44, 0xcd,
    0xc6, 0x46, 0x60, 0xf, 0xfe, 0x3, 0xe6, 0x10,
    0xf3, 0x22, 0x3, 0x91, 0xe9, 0x54, 0x99, 0x80,
    0x7f, 0xf6, 0x0, 0x4c, 0xa6, 0xe8, 0x20, 0xab,
    0x8, 0x1, 0x3c, 0x3, 0x97, 0x32, 0x90, 0xdc,
    0xc8, 0x40, 0x3f, 0xe9, 0x70, 0xc, 0xcc, 0x0,
    0xff, 0x85, 0x88, 0x3, 0x5f, 0x80, 0x42, 0x20,
    0xf, 0x30, 0xa8, 0x4, 0x65, 0x40, 0x11, 0x98,
    0x3, 0x86, 0x24, 0x3, 0x41, 0x98, 0x2, 0xe1,
    0x0, 0xf3, 0xb8, 0x1c, 0x99, 0x20, 0x3, 0x1a,
    0x80, 0x70, 0xc0, 0x0, 0xfa, 0x19, 0x1, 0xf4,
    0x13, 0xcc, 0xd8, 0x40, 0x1c, 0xb8, 0x92, 0x0,
    0x13, 0x91, 0xc, 0x73, 0x0, 0xc5, 0x74, 0xd6,
    0x1, 0xa5, 0xad, 0xae, 0x2c, 0x2, 0xbd, 0x6b,
    0x90, 0xa, 0x7d, 0xed, 0x41, 0x35, 0x70, 0x1,
    0xd7, 0xa8, 0x1, 0xb2, 0xb9, 0x0, 0x22, 0xf8,
    0x0,

    /* U+9ED8 "默" */
    0x0, 0x11, 0x7c, 0x20, 0x12, 0x60, 0x7, 0x8f,
    0x77, 0xef, 0x0, 0x84, 0xd5, 0x80, 0x3d, 0xde,
    0x95, 0xd6, 0x1, 0xe1, 0x93, 0x0, 0xe9, 0x40,
    0x4, 0x70, 0x7, 0x91, 0xf8, 0x3, 0xb3, 0x0,
    0x4, 0xf0, 0xf, 0xa0, 0x4c, 0x3, 0x31, 0x6,
    0x38, 0x80, 0x7e, 0xc3, 0x0, 0xc7, 0x61, 0xd0,
    0x21, 0x7f, 0xea, 0xf, 0xfc, 0x1, 0xbb, 0x89,
    0x1b, 0x41, 0xf3, 0x25, 0x9, 0x9c, 0x0, 0x3f,
    0xf8, 0x9f, 0xfd, 0xc8, 0xcc, 0x20, 0x56, 0x68,
    0x0, 0x4a, 0xb1, 0x92, 0xa9, 0x0, 0x22, 0x5,
    0x0, 0xe7, 0xbb, 0x85, 0x6e, 0xd0, 0x1, 0x38,
    0x60, 0x7, 0x2f, 0x74, 0x4f, 0xdc, 0xc0, 0x0,
    0x93, 0x28, 0x7, 0x3d, 0x5e, 0x13, 0x77, 0xf8,
    0x0, 0x81, 0x0, 0xa0, 0x1b, 0xc0, 0x92, 0x21,
    0x76, 0xc0, 0x7, 0x20, 0xaf, 0x0, 0x68, 0x8,
    0xe7, 0x4, 0x27, 0x2, 0x4f, 0x9, 0x43, 0x0,
    0x8d, 0x6, 0xcb, 0x1c, 0xf8, 0x24, 0x90, 0xc,
    0xdc, 0x1, 0x4b, 0x0, 0x8b, 0x30, 0xac, 0xa9,
    0x20, 0x17, 0x95, 0x0, 0xad, 0x3, 0xb9, 0x48,
    0x32, 0xdd, 0x0, 0x23, 0x95, 0x41, 0xe2, 0xb,
    0x43, 0x80, 0x6, 0xc0, 0x7, 0x36, 0x20
};


/*---------------------
 *  GLYPH DESCRIPTION
 *--------------------*/

static const lv_font_fmt_txt_glyph_dsc_t glyph_dsc[] = {
    {.bitmap_index = 0, .adv_w = 0, .box_w = 0, .box_h = 0, .ofs_x = 0, .ofs_y = 0} /* id = 0 reserved */,
    {.bitmap_index = 0, .adv_w = 72, .box_w = 0, .box_h = 0, .ofs_x = 0, .ofs_y = 0},
    {.bitmap_index = 0, .adv_w = 103, .box_w = 4, .box_h = 14, .ofs_x = 1, .ofs_y = 0},
    {.bitmap_index = 23, .adv_w = 152, .box_w = 7, .box_h = 6, .ofs_x = 1, .ofs_y = 10},
    {.bitmap_index = 45, .adv_w = 178, .box_w = 11, .box_h = 14, .ofs_x = 0, .ofs_y = 0},
    {.bitmap_index = 120, .adv_w = 178, .box_w = 9, .box_h = 19, .ofs_x = 1, .ofs_y = -2},
    {.bitmap_index = 187, .adv_w = 295, .box_w = 18, .box_h = 14, .ofs_x = 0, .ofs_y = 0},
    {.bitmap_index = 300, .adv_w = 218, .box_w = 14, .box_h = 14, .ofs_x = 0, .ofs_y = 0},
    {.bitmap_index = 387, .adv_w = 89, .box_w = 3, .box_h = 6, .ofs_x = 1, .ofs_y = 10},
    {.bitmap_index = 397, .adv_w = 108, .box_w = 5, .box_h = 21, .ofs_x = 1, .ofs_y = -4},
    {.bitmap_index = 448, .adv_w = 108, .box_w = 5, .box_h = 21, .ofs_x = 0, .ofs_y = -4},
    {.bitmap_index = 497, .adv_w = 149, .box_w = 8, .box_h = 7, .ofs_x = 1, .ofs_y = 9},
    {.bitmap_index = 524, .adv_w = 178, .box_w = 11, .box_h = 10, .ofs_x = 0, .ofs_y = 2},
    {.bitmap_index = 555, .adv_w = 89, .box_w = 4, .box_h = 7, .ofs_x = 1, .ofs_y = -4},
    {.bitmap_index = 569, .adv_w = 111, .box_w = 7, .box_h = 3, .ofs_x = 0, .ofs_y = 4},
    {.bitmap_index = 577, .adv_w = 89, .box_w = 4, .box_h = 3, .ofs_x = 1, .ofs_y = 0},
    {.bitmap_index = 583, .adv_w = 125, .box_w = 8, .box_h = 19, .ofs_x = 0, .ofs_y = -3},
    {.bitmap_index = 639, .adv_w = 178, .box_w = 10, .box_h = 14, .ofs_x = 1, .ofs_y = 0},
    {.bitmap_index = 702, .adv_w = 178, .box_w = 9, .box_h = 14, .ofs_x = 1, .ofs_y = 0},
    {.bitmap_index = 728, .adv_w = 178, .box_w = 11, .box_h = 14, .ofs_x = 0, .ofs_y = 0},
    {.bitmap_index = 785, .adv_w = 178, .box_w = 10, .box_h = 14, .ofs_x = 0, .ofs_y = 0},
    {.bitmap_index = 847, .adv_w = 178, .box_w = 11, .box_h = 14, .ofs_x = 0, .ofs_y = 0},
    {.bitmap_index = 898, .adv_w = 178, .box_w = 11, .box_h = 14, .ofs_x = 0, .ofs_y = 0},
    {.bitmap_index = 960, .adv_w = 178, .box_w = 10, .box_h = 14, .ofs_x = 1, .ofs_y = 0},
    {.bitmap_index = 1027, .adv_w = 178, .box_w = 11, .box_h = 14, .ofs_x = 0, .ofs_y = 0},
    {.bitmap_index = 1075, .adv_w = 178, .box_w = 11, .box_h = 14, .ofs_x = 0, .ofs_y = 0},
    {.bitmap_index = 1149, .adv_w = 178, .box_w = 11, .box_h = 14, .ofs_x = 0, .ofs_y = 0},
    {.bitmap_index = 1221, .adv_w = 89, .box_w = 4, .box_h = 11, .ofs_x = 1, .ofs_y = 0},
    {.bitmap_index = 1238, .adv_w = 89, .box_w = 4, .box_h = 15, .ofs_x = 1, .ofs_y = -4},
    {.bitmap_index = 1263, .adv_w = 178, .box_w = 11, .box_h = 10, .ofs_x = 0, .ofs_y = 2},
    {.bitmap_index = 1309, .adv_w = 178, .box_w = 11, .box_h = 7, .ofs_x = 0, .ofs_y = 4},
    {.bitmap_index = 1330, .adv_w = 178, .box_w = 11, .box_h = 10, .ofs_x = 0, .ofs_y = 2},
    {.bitmap_index = 1377, .adv_w = 152, .box_w = 9, .box_h = 14, .ofs_x = 0, .ofs_y = 0},
    {.bitmap_index = 1429, .adv_w = 303, .box_w = 17, .box_h = 18, .ofs_x = 1, .ofs_y = -4},
    {.bitmap_index = 1567, .adv_w = 195, .box_w = 13, .box_h = 14, .ofs_x = 0, .ofs_y = 0},
    {.bitmap_index = 1639, .adv_w = 210, .box_w = 11, .box_h = 14, .ofs_x = 2, .ofs_y = 0},
    {.bitmap_index = 1703, .adv_w = 204, .box_w = 12, .box_h = 14, .ofs_x = 1, .ofs_y = 0},
    {.bitmap_index = 1767, .adv_w = 220, .box_w = 11, .box_h = 14, .ofs_x = 2, .ofs_y = 0},
    {.bitmap_index = 1824, .adv_w = 188, .box_w = 9, .box_h = 14, .ofs_x = 2, .ofs_y = 0},
    {.bitmap_index = 1855, .adv_w = 177, .box_w = 9, .box_h = 14, .ofs_x = 2, .ofs_y = 0},
    {.bitmap_index = 1880, .adv_w = 220, .box_w = 12, .box_h = 14, .ofs_x = 1, .ofs_y = 0},
    {.bitmap_index = 1951, .adv_w = 233, .box_w = 11, .box_h = 14, .ofs_x = 2, .ofs_y = 0},
    {.bitmap_index = 1972, .adv_w = 94, .box_w = 2, .box_h = 14, .ofs_x = 2, .ofs_y = 0},
    {.bitmap_index = 1977, .adv_w = 171, .box_w = 9, .box_h = 14, .ofs_x = 0, .ofs_y = 0},
    {.bitmap_index = 2002, .adv_w = 207, .box_w = 11, .box_h = 14, .ofs_x = 2, .ofs_y = 0},
    {.bitmap_index = 2061, .adv_w = 174, .box_w = 9, .box_h = 14, .ofs_x = 2, .ofs_y = 0},
    {.bitmap_index = 2074, .adv_w = 260, .box_w = 13, .box_h = 14, .ofs_x = 2, .ofs_y = 0},
    {.bitmap_index = 2143, .adv_w = 231, .box_w = 11, .box_h = 14, .ofs_x = 2, .ofs_y = 0},
    {.bitmap_index = 2196, .adv_w = 237, .box_w = 13, .box_h = 14, .ofs_x = 1, .ofs_y = 0},
    {.bitmap_index = 2273, .adv_w = 203, .box_w = 10, .box_h = 14, .ofs_x = 2, .ofs_y = 0},
    {.bitmap_index = 2315, .adv_w = 237, .box_w = 13, .box_h = 18, .ofs_x = 1, .ofs_y = -4},
    {.bitmap_index = 2411, .adv_w = 203, .box_w = 11, .box_h = 14, .ofs_x = 2, .ofs_y = 0},
    {.bitmap_index = 2471, .adv_w = 191, .box_w = 12, .box_h = 14, .ofs_x = 0, .ofs_y = 0},
    {.bitmap_index = 2542, .adv_w = 192, .box_w = 12, .box_h = 14, .ofs_x = 0, .ofs_y = 0},
    {.bitmap_index = 2562, .adv_w = 231, .box_w = 12, .box_h = 14, .ofs_x = 1, .ofs_y = 0},
    {.bitmap_index = 2603, .adv_w = 184, .box_w = 12, .box_h = 14, .ofs_x = 0, .ofs_y = 0},
    {.bitmap_index = 2673, .adv_w = 281, .box_w = 18, .box_h = 14, .ofs_x = 0, .ofs_y = 0},
    {.bitmap_index = 2788, .adv_w = 183, .box_w = 12, .box_h = 14, .ofs_x = 0, .ofs_y = 0},
    {.bitmap_index = 2860, .adv_w = 170, .box_w = 12, .box_h = 14, .ofs_x = -1, .ofs_y = 0},
    {.bitmap_index = 2911, .adv_w = 193, .box_w = 11, .box_h = 14, .ofs_x = 1, .ofs_y = 0},
    {.bitmap_index = 2964, .adv_w = 108, .box_w = 5, .box_h = 20, .ofs_x = 2, .ofs_y = -4},
    {.bitmap_index = 2980, .adv_w = 125, .box_w = 8, .box_h = 19, .ofs_x = 0, .ofs_y = -3},
    {.bitmap_index = 3034, .adv_w = 108, .box_w = 5, .box_h = 20, .ofs_x = 0, .ofs_y = -4},
    {.bitmap_index = 3049, .adv_w = 178, .box_w = 9, .box_h = 9, .ofs_x = 1, .ofs_y = 6},
    {.bitmap_index = 3086, .adv_w = 179, .box_w = 11, .box_h = 2, .ofs_x = 0, .ofs_y = -4},
    {.bitmap_index = 3092, .adv_w = 194, .box_w = 6, .box_h = 6, .ofs_x = 2, .ofs_y = 12},
    {.bitmap_index = 3107, .adv_w = 180, .box_w = 9, .box_h = 11, .ofs_x = 1, .ofs_y = 0},
    {.bitmap_index = 3156, .adv_w = 198, .box_w = 11, .box_h = 16, .ofs_x = 1, .ofs_y = 0},
    {.bitmap_index = 3212, .adv_w = 163, .box_w = 9, .box_h = 11, .ofs_x = 1, .ofs_y = 0},
    {.bitmap_index = 3256, .adv_w = 198, .box_w = 10, .box_h = 16, .ofs_x = 1, .ofs_y = 0},
    {.bitmap_index = 3306, .adv_w = 177, .box_w = 10, .box_h = 11, .ofs_x = 1, .ofs_y = 0},
    {.bitmap_index = 3356, .adv_w = 104, .box_w = 8, .box_h = 16, .ofs_x = 0, .ofs_y = 0},
    {.bitmap_index = 3387, .adv_w = 180, .box_w = 10, .box_h = 16, .ofs_x = 1, .ofs_y = -5},
    {.bitmap_index = 3463, .adv_w = 194, .box_w = 10, .box_h = 16, .ofs_x = 1, .ofs_y = 0},
    {.bitmap_index = 3495, .adv_w = 88, .box_w = 3, .box_h = 16, .ofs_x = 1, .ofs_y = 0},
    {.bitmap_index = 3507, .adv_w = 88, .box_w = 5, .box_h = 21, .ofs_x = -1, .ofs_y = -5},
    {.bitmap_index = 3532, .adv_w = 177, .box_w = 10, .box_h = 16, .ofs_x = 1, .ofs_y = 0},
    {.bitmap_index = 3578, .adv_w = 91, .box_w = 4, .box_h = 16, .ofs_x = 1, .ofs_y = 0},
    {.bitmap_index = 3587, .adv_w = 296, .box_w = 16, .box_h = 11, .ofs_x = 1, .ofs_y = 0},
    {.bitmap_index = 3632, .adv_w = 195, .box_w = 10, .box_h = 11, .ofs_x = 1, .ofs_y = 0},
    {.bitmap_index = 3658, .adv_w = 194, .box_w = 11, .box_h = 11, .ofs_x = 1, .ofs_y = 0},
    {.bitmap_index = 3715, .adv_w = 198, .box_w = 11, .box_h = 16, .ofs_x = 1, .ofs_y = -5},
    {.bitmap_index = 3774, .adv_w = 198, .box_w = 10, .box_h = 16, .ofs_x = 1, .ofs_y = -5},
    {.bitmap_index = 3825, .adv_w = 124, .box_w = 7, .box_h = 11, .ofs_x = 1, .ofs_y = 0},
    {.bitmap_index = 3843, .adv_w = 150, .box_w = 9, .box_h = 11, .ofs_x = 0, .ofs_y = 0},
    {.bitmap_index = 3891, .adv_w = 121, .box_w = 8, .box_h = 14, .ofs_x = 0, .ofs_y = 0},
    {.bitmap_index = 3924, .adv_w = 194, .box_w = 10, .box_h = 11, .ofs_x = 1, .ofs_y = 0},
    {.bitmap_index = 3951, .adv_w = 167, .box_w = 11, .box_h = 11, .ofs_x = 0, .ofs_y = 0},
    {.bitmap_index = 4004, .adv_w = 257, .box_w = 16, .box_h = 11, .ofs_x = 0, .ofs_y = 0},
    {.bitmap_index = 4088, .adv_w = 159, .box_w = 10, .box_h = 11, .ofs_x = 0, .ofs_y = 0},
    {.bitmap_index = 4139, .adv_w = 167, .box_w = 11, .box_h = 16, .ofs_x = 0, .ofs_y = -5},
    {.bitmap_index = 4210, .adv_w = 152, .box_w = 9, .box_h = 11, .ofs_x = 0, .ofs_y = 0},
    {.bitmap_index = 4250, .adv_w = 108, .box_w = 7, .box_h = 20, .ofs_x = 0, .ofs_y = -4},
    {.bitmap_index = 4304, .adv_w = 86, .box_w = 2, .box_h = 22, .ofs_x = 2, .ofs_y = -6},
    {.bitmap_index = 4309, .adv_w = 108, .box_w = 6, .box_h = 20, .ofs_x = 0, .ofs_y = -4},
    {.bitmap_index = 4360, .adv_w = 178, .box_w = 11, .box_h = 5, .ofs_x = 0, .ofs_y = 5},
    {.bitmap_index = 4385, .adv_w = 320, .box_w = 18, .box_h = 16, .ofs_x = 1, .ofs_y = -1},
    {.bitmap_index = 4431, .adv_w = 320, .box_w = 19, .box_h = 18, .ofs_x = 0, .ofs_y = -2},
    {.bitmap_index = 4523, .adv_w = 320, .box_w = 17, .box_h = 19, .ofs_x = 2, .ofs_y = -2},
    {.bitmap_index = 4591, .adv_w = 320, .box_w = 18, .box_h = 18, .ofs_x = 1, .ofs_y = -1},
    {.bitmap_index = 4664, .adv_w = 320, .box_w = 20, .box_h = 19, .ofs_x = 0, .ofs_y = -2},
    {.bitmap_index = 4804, .adv_w = 320, .box_w = 18, .box_h = 18, .ofs_x = 1, .ofs_y = -2},
    {.bitmap_index = 4862, .adv_w = 320, .box_w = 20, .box_h = 19, .ofs_x = 0, .ofs_y = -2},
    {.bitmap_index = 4975, .adv_w = 320, .box_w = 20, .box_h = 20, .ofs_x = 0, .ofs_y = -3},
    {.bitmap_index = 5118, .adv_w = 320, .box_w = 20, .box_h = 19, .ofs_x = 0, .ofs_y = -2},
    {.bitmap_index = 5255, .adv_w = 320, .box_w = 20, .box_h = 20, .ofs_x = 0, .ofs_y = -3},
    {.bitmap_index = 5396, .adv_w = 320, .box_w = 20, .box_h = 19, .ofs_x = 0, .ofs_y = -2},
    {.bitmap_index = 5526, .adv_w = 320, .box_w = 20, .box_h = 20, .ofs_x = 0, .ofs_y = -3},
    {.bitmap_index = 5670, .adv_w = 320, .box_w = 20, .box_h = 19, .ofs_x = 0, .ofs_y = -2},
    {.bitmap_index = 5794, .adv_w = 320, .box_w = 19, .box_h = 20, .ofs_x = 0, .ofs_y = -2},
    {.bitmap_index = 5914, .adv_w = 320, .box_w = 20, .box_h = 18, .ofs_x = 0, .ofs_y = -2},
    {.bitmap_index = 6018, .adv_w = 320, .box_w = 20, .box_h = 19, .ofs_x = 0, .ofs_y = -1},
    {.bitmap_index = 6123, .adv_w = 320, .box_w = 19, .box_h = 19, .ofs_x = 1, .ofs_y = -2},
    {.bitmap_index = 6244, .adv_w = 320, .box_w = 18, .box_h = 18, .ofs_x = 1, .ofs_y = -1},
    {.bitmap_index = 6360, .adv_w = 320, .box_w = 19, .box_h = 19, .ofs_x = 0, .ofs_y = -2},
    {.bitmap_index = 6485, .adv_w = 320, .box_w = 18, .box_h = 19, .ofs_x = 1, .ofs_y = -2},
    {.bitmap_index = 6603, .adv_w = 320, .box_w = 18, .box_h = 20, .ofs_x = 1, .ofs_y = -2},
    {.bitmap_index = 6743, .adv_w = 320, .box_w = 19, .box_h = 19, .ofs_x = 0, .ofs_y = -2},
    {.bitmap_index = 6875, .adv_w = 320, .box_w = 19, .box_h = 19, .ofs_x = 0, .ofs_y = -2},
    {.bitmap_index = 6978, .adv_w = 320, .box_w = 20, .box_h = 19, .ofs_x = 0, .ofs_y = -2},
    {.bitmap_index = 7134, .adv_w = 320, .box_w = 19, .box_h = 19, .ofs_x = 1, .ofs_y = -3},
    {.bitmap_index = 7210, .adv_w = 320, .box_w = 18, .box_h = 20, .ofs_x = 1, .ofs_y = -3},
    {.bitmap_index = 7318, .adv_w = 320, .box_w = 18, .box_h = 18, .ofs_x = 1, .ofs_y = -2},
    {.bitmap_index = 7408, .adv_w = 320, .box_w = 20, .box_h = 18, .ofs_x = 0, .ofs_y = -2},
    {.bitmap_index = 7549, .adv_w = 320, .box_w = 18, .box_h = 18, .ofs_x = 1, .ofs_y = -2},
    {.bitmap_index = 7612, .adv_w = 320, .box_w = 19, .box_h = 18, .ofs_x = 0, .ofs_y = -1},
    {.bitmap_index = 7711, .adv_w = 320, .box_w = 20, .box_h = 19, .ofs_x = 0, .ofs_y = -2},
    {.bitmap_index = 7853, .adv_w = 320, .box_w = 20, .box_h = 19, .ofs_x = 0, .ofs_y = -2},
    {.bitmap_index = 7986, .adv_w = 320, .box_w = 20, .box_h = 20, .ofs_x = 0, .ofs_y = -3},
    {.bitmap_index = 8144, .adv_w = 320, .box_w = 18, .box_h = 19, .ofs_x = 1, .ofs_y = -2},
    {.bitmap_index = 8273, .adv_w = 320, .box_w = 20, .box_h = 19, .ofs_x = 0, .ofs_y = -2},
    {.bitmap_index = 8393, .adv_w = 320, .box_w = 20, .box_h = 19, .ofs_x = 0, .ofs_y = -2},
    {.bitmap_index = 8529, .adv_w = 320, .box_w = 18, .box_h = 19, .ofs_x = 1, .ofs_y = -2},
    {.bitmap_index = 8639, .adv_w = 320, .box_w = 19, .box_h = 19, .ofs_x = 1, .ofs_y = -2},
    {.bitmap_index = 8790, .adv_w = 320, .box_w = 18, .box_h = 17, .ofs_x = 2, .ofs_y = -1},
    {.bitmap_index = 8866, .adv_w = 320, .box_w = 20, .box_h = 19, .ofs_x = 0, .ofs_y = -2},
    {.bitmap_index = 9007, .adv_w = 320, .box_w = 20, .box_h = 20, .ofs_x = 0, .ofs_y = -2},
    {.bitmap_index = 9153, .adv_w = 320, .box_w = 20, .box_h = 20, .ofs_x = 0, .ofs_y = -3},
    {.bitmap_index = 9314, .adv_w = 320, .box_w = 19, .box_h = 19, .ofs_x = 1, .ofs_y = -3},
    {.bitmap_index = 9407, .adv_w = 320, .box_w = 17, .box_h = 19, .ofs_x = 1, .ofs_y = -2},
    {.bitmap_index = 9497, .adv_w = 320, .box_w = 19, .box_h = 19, .ofs_x = 1, .ofs_y = -2},
    {.bitmap_index = 9650, .adv_w = 320, .box_w = 20, .box_h = 18, .ofs_x = 0, .ofs_y = -2},
    {.bitmap_index = 9794, .adv_w = 320, .box_w = 16, .box_h = 19, .ofs_x = 2, .ofs_y = -2},
    {.bitmap_index = 9891, .adv_w = 320, .box_w = 20, .box_h = 20, .ofs_x = 0, .ofs_y = -3},
    {.bitmap_index = 10039, .adv_w = 320, .box_w = 20, .box_h = 20, .ofs_x = 0, .ofs_y = -3},
    {.bitmap_index = 10179, .adv_w = 320, .box_w = 20, .box_h = 19, .ofs_x = 0, .ofs_y = -2},
    {.bitmap_index = 10336, .adv_w = 320, .box_w = 20, .box_h = 20, .ofs_x = 0, .ofs_y = -3},
    {.bitmap_index = 10476, .adv_w = 320, .box_w = 20, .box_h = 18, .ofs_x = 0, .ofs_y = -1},
    {.bitmap_index = 10596, .adv_w = 320, .box_w = 20, .box_h = 19, .ofs_x = 0, .ofs_y = -2},
    {.bitmap_index = 10744, .adv_w = 320, .box_w = 20, .box_h = 19, .ofs_x = 0, .ofs_y = -2},
    {.bitmap_index = 10892, .adv_w = 320, .box_w = 20, .box_h = 20, .ofs_x = 0, .ofs_y = -3},
    {.bitmap_index = 11055, .adv_w = 320, .box_w = 20, .box_h = 19, .ofs_x = 0, .ofs_y = -2},
    {.bitmap_index = 11214, .adv_w = 320, .box_w = 20, .box_h = 19, .ofs_x = 0, .ofs_y = -2},
    {.bitmap_index = 11391, .adv_w = 320, .box_w = 20, .box_h = 19, .ofs_x = 0, .ofs_y = -2},
    {.bitmap_index = 11569, .adv_w = 320, .box_w = 19, .box_h = 20, .ofs_x = 0, .ofs_y = -2},
    {.bitmap_index = 11687, .adv_w = 320, .box_w = 20, .box_h = 18, .ofs_x = 0, .ofs_y = -2},
    {.bitmap_index = 11800, .adv_w = 320, .box_w = 19, .box_h = 19, .ofs_x = 1, .ofs_y = -2},
    {.bitmap_index = 11914, .adv_w = 320, .box_w = 19, .box_h = 20, .ofs_x = 1, .ofs_y = -3},
    {.bitmap_index = 12057, .adv_w = 320, .box_w = 20, .box_h = 19, .ofs_x = 0, .ofs_y = -2},
    {.bitmap_index = 12169, .adv_w = 320, .box_w = 20, .box_h = 19, .ofs_x = 0, .ofs_y = -2},
    {.bitmap_index = 12328, .adv_w = 320, .box_w = 20, .box_h = 18, .ofs_x = 0, .ofs_y = -1},
    {.bitmap_index = 12448, .adv_w = 320, .box_w = 20, .box_h = 20, .ofs_x = 0, .ofs_y = -3},
    {.bitmap_index = 12619, .adv_w = 320, .box_w = 19, .box_h = 18, .ofs_x = 1, .ofs_y = -1},
    {.bitmap_index = 12672, .adv_w = 320, .box_w = 19, .box_h = 17, .ofs_x = 1, .ofs_y = -1},
    {.bitmap_index = 12735, .adv_w = 320, .box_w = 19, .box_h = 20, .ofs_x = 0, .ofs_y = -3},
    {.bitmap_index = 12876, .adv_w = 320, .box_w = 20, .box_h = 19, .ofs_x = 0, .ofs_y = -2},
    {.bitmap_index = 13032, .adv_w = 320, .box_w = 19, .box_h = 19, .ofs_x = 0, .ofs_y = -2},
    {.bitmap_index = 13184, .adv_w = 320, .box_w = 18, .box_h = 20, .ofs_x = 0, .ofs_y = -3},
    {.bitmap_index = 13270, .adv_w = 320, .box_w = 18, .box_h = 19, .ofs_x = 1, .ofs_y = -2},
    {.bitmap_index = 13388, .adv_w = 320, .box_w = 18, .box_h = 18, .ofs_x = 0, .ofs_y = -2},
    {.bitmap_index = 13486, .adv_w = 320, .box_w = 18, .box_h = 18, .ofs_x = 2, .ofs_y = -1},
    {.bitmap_index = 13579, .adv_w = 320, .box_w = 20, .box_h = 20, .ofs_x = 0, .ofs_y = -3},
    {.bitmap_index = 13712, .adv_w = 320, .box_w = 20, .box_h = 19, .ofs_x = 0, .ofs_y = -2},
    {.bitmap_index = 13836, .adv_w = 320, .box_w = 19, .box_h = 19, .ofs_x = 0, .ofs_y = -2},
    {.bitmap_index = 13985, .adv_w = 320, .box_w = 20, .box_h = 18, .ofs_x = 0, .ofs_y = -1},
    {.bitmap_index = 14086, .adv_w = 320, .box_w = 19, .box_h = 19, .ofs_x = 0, .ofs_y = -2},
    {.bitmap_index = 14212, .adv_w = 320, .box_w = 19, .box_h = 19, .ofs_x = 0, .ofs_y = -2},
    {.bitmap_index = 14370, .adv_w = 320, .box_w = 19, .box_h = 19, .ofs_x = 0, .ofs_y = -3},
    {.bitmap_index = 14477, .adv_w = 320, .box_w = 18, .box_h = 19, .ofs_x = 1, .ofs_y = -2},
    {.bitmap_index = 14609, .adv_w = 320, .box_w = 18, .box_h = 19, .ofs_x = 1, .ofs_y = -2},
    {.bitmap_index = 14759, .adv_w = 320, .box_w = 19, .box_h = 19, .ofs_x = 1, .ofs_y = -2},
    {.bitmap_index = 14924, .adv_w = 320, .box_w = 20, .box_h = 19, .ofs_x = 0, .ofs_y = -2},
    {.bitmap_index = 15091, .adv_w = 320, .box_w = 19, .box_h = 18, .ofs_x = 0, .ofs_y = -1},
    {.bitmap_index = 15248, .adv_w = 320, .box_w = 20, .box_h = 19, .ofs_x = 0, .ofs_y = -2},
    {.bitmap_index = 15414, .adv_w = 320, .box_w = 20, .box_h = 19, .ofs_x = 0, .ofs_y = -2},
    {.bitmap_index = 15584, .adv_w = 320, .box_w = 19, .box_h = 18, .ofs_x = 0, .ofs_y = -1},
    {.bitmap_index = 15732, .adv_w = 320, .box_w = 18, .box_h = 18, .ofs_x = 1, .ofs_y = -1},
    {.bitmap_index = 15838, .adv_w = 320, .box_w = 18, .box_h = 20, .ofs_x = 0, .ofs_y = -2},
    {.bitmap_index = 15955, .adv_w = 320, .box_w = 20, .box_h = 20, .ofs_x = 0, .ofs_y = -3},
    {.bitmap_index = 16122, .adv_w = 320, .box_w = 19, .box_h = 18, .ofs_x = 0, .ofs_y = -2},
    {.bitmap_index = 16272, .adv_w = 320, .box_w = 20, .box_h = 19, .ofs_x = 0, .ofs_y = -2},
    {.bitmap_index = 16439, .adv_w = 320, .box_w = 15, .box_h = 19, .ofs_x = 3, .ofs_y = -2},
    {.bitmap_index = 16518, .adv_w = 320, .box_w = 19, .box_h = 19, .ofs_x = 1, .ofs_y = -2},
    {.bitmap_index = 16604, .adv_w = 320, .box_w = 20, .box_h = 19, .ofs_x = 0, .ofs_y = -2},
    {.bitmap_index = 16708, .adv_w = 320, .box_w = 18, .box_h = 19, .ofs_x = 0, .ofs_y = -2},
    {.bitmap_index = 16833, .adv_w = 320, .box_w = 20, .box_h = 19, .ofs_x = 0, .ofs_y = -2},
    {.bitmap_index = 16960, .adv_w = 320, .box_w = 19, .box_h = 19, .ofs_x = 1, .ofs_y = -2},
    {.bitmap_index = 17105, .adv_w = 320, .box_w = 18, .box_h = 19, .ofs_x = 1, .ofs_y = -2},
    {.bitmap_index = 17234, .adv_w = 320, .box_w = 20, .box_h = 19, .ofs_x = 0, .ofs_y = -2},
    {.bitmap_index = 17344, .adv_w = 320, .box_w = 19, .box_h = 19, .ofs_x = 1, .ofs_y = -2},
    {.bitmap_index = 17509, .adv_w = 320, .box_w = 20, .box_h = 19, .ofs_x = 0, .ofs_y = -2},
    {.bitmap_index = 17663, .adv_w = 320, .box_w = 20, .box_h = 18, .ofs_x = 0, .ofs_y = -2},
    {.bitmap_index = 17802, .adv_w = 320, .box_w = 20, .box_h = 19, .ofs_x = 0, .ofs_y = -2},
    {.bitmap_index = 17961, .adv_w = 320, .box_w = 20, .box_h = 20, .ofs_x = 0, .ofs_y = -2},
    {.bitmap_index = 18103, .adv_w = 320, .box_w = 20, .box_h = 19, .ofs_x = 0, .ofs_y = -2},
    {.bitmap_index = 18256, .adv_w = 320, .box_w = 20, .box_h = 19, .ofs_x = 0, .ofs_y = -2},
    {.bitmap_index = 18411, .adv_w = 320, .box_w = 20, .box_h = 19, .ofs_x = 0, .ofs_y = -2},
    {.bitmap_index = 18554, .adv_w = 320, .box_w = 18, .box_h = 19, .ofs_x = 1, .ofs_y = -2},
    {.bitmap_index = 18681, .adv_w = 320, .box_w = 19, .box_h = 19, .ofs_x = 1, .ofs_y = -2},
    {.bitmap_index = 18812, .adv_w = 320, .box_w = 20, .box_h = 17, .ofs_x = 0, .ofs_y = -1},
    {.bitmap_index = 18918, .adv_w = 320, .box_w = 20, .box_h = 19, .ofs_x = 0, .ofs_y = -2},
    {.bitmap_index = 19070, .adv_w = 320, .box_w = 20, .box_h = 19, .ofs_x = 0, .ofs_y = -2},
    {.bitmap_index = 19226, .adv_w = 320, .box_w = 18, .box_h = 19, .ofs_x = 1, .ofs_y = -2},
    {.bitmap_index = 19340, .adv_w = 320, .box_w = 18, .box_h = 19, .ofs_x = 1, .ofs_y = -2},
    {.bitmap_index = 19442, .adv_w = 320, .box_w = 18, .box_h = 18, .ofs_x = 1, .ofs_y = -2},
    {.bitmap_index = 19539, .adv_w = 320, .box_w = 18, .box_h = 18, .ofs_x = 1, .ofs_y = -2},
    {.bitmap_index = 19631, .adv_w = 320, .box_w = 20, .box_h = 19, .ofs_x = 0, .ofs_y = -2},
    {.bitmap_index = 19780, .adv_w = 320, .box_w = 20, .box_h = 19, .ofs_x = 0, .ofs_y = -2},
    {.bitmap_index = 19933, .adv_w = 320, .box_w = 20, .box_h = 19, .ofs_x = 0, .ofs_y = -2}
};

/*---------------------
 *  CHARACTER MAPPING
 *--------------------*/

static const uint16_t unicode_list_1[] = {
    0x0, 0x4, 0x24, 0x32, 0x40, 0x85, 0xb1, 0xbc,
    0x144, 0x145, 0x14a, 0x150, 0x233, 0x253, 0x33a, 0x35f,
    0x36a, 0x427, 0x42d, 0x444, 0x460, 0x496, 0x54c, 0x5b9,
    0x5e6, 0x5e7, 0x5ee, 0x85f, 0x8d5, 0x91f, 0xafb, 0xb04,
    0xbc2, 0xd80, 0xd91, 0xdb4, 0xdf3, 0xe28, 0xfe9, 0x108b,
    0x109d, 0x10ae, 0x10f7, 0x110c, 0x111d, 0x1131, 0x114a, 0x1159,
    0x117c, 0x1407, 0x1437, 0x1470, 0x14d6, 0x14e0, 0x159c, 0x1735,
    0x1767, 0x176e, 0x17b0, 0x17d7, 0x17ed, 0x1879, 0x1921, 0x1975,
    0x19dc, 0x1c18, 0x1d59, 0x1d5a, 0x1eb2, 0x1ed9, 0x210b, 0x243e,
    0x257e, 0x271f, 0x272c, 0x2743, 0x278e, 0x27d2, 0x28eb, 0x2902,
    0x2a65, 0x2b31, 0x2bb2, 0x2ef2, 0x30b6, 0x30d6, 0x30de, 0x30e1,
    0x30e4, 0x310d, 0x3165, 0x32a0, 0x3300, 0x3367, 0x3394, 0x33e1,
    0x3479, 0x3a43, 0x3bc9, 0x3d9b, 0x3db5, 0x3dfa, 0x3f2b, 0x4174,
    0x4188, 0x41c7, 0x41cb, 0x41d5, 0x4200, 0x4211, 0x424a, 0x42df,
    0x4344, 0x43c6, 0x46f8, 0x473e, 0x47e4, 0x47eb, 0x4959, 0x4a6c,
    0x4a7f, 0x4a88, 0x50cf
};

/*Collect the unicode lists and glyph_id offsets*/
static const lv_font_fmt_txt_cmap_t cmaps[] =
{
    {
        .range_start = 32, .range_length = 95, .glyph_id_start = 1,
        .unicode_list = NULL, .glyph_id_ofs_list = NULL, .list_length = 0, .type = LV_FONT_FMT_TXT_CMAP_FORMAT0_TINY
    },
    {
        .range_start = 19977, .range_length = 20688, .glyph_id_start = 96,
        .unicode_list = unicode_list_1, .glyph_id_ofs_list = NULL, .list_length = 123, .type = LV_FONT_FMT_TXT_CMAP_SPARSE_TINY
    }
};



/*--------------------
 *  ALL CUSTOM DATA
 *--------------------*/

#if LVGL_VERSION_MAJOR == 8
/*Store all the custom data of the font*/
static  lv_font_fmt_txt_glyph_cache_t cache;
#endif

#if LVGL_VERSION_MAJOR >= 8
static const lv_font_fmt_txt_dsc_t font_dsc = {
#else
static lv_font_fmt_txt_dsc_t font_dsc = {
#endif
    .glyph_bitmap = glyph_bitmap,
    .glyph_dsc = glyph_dsc,
    .cmaps = cmaps,
    .kern_dsc = NULL,
    .kern_scale = 0,
    .cmap_num = 2,
    .bpp = 4,
    .kern_classes = 0,
    .bitmap_format = 1,
#if LVGL_VERSION_MAJOR == 8
    .cache = &cache
#endif
};



/*-----------------
 *  PUBLIC FONT
 *----------------*/

/*Initialize a public general font descriptor*/
#if LVGL_VERSION_MAJOR >= 8
const lv_font_t stim_font_20 = {
#else
lv_font_t stim_font_20 = {
#endif
    .get_glyph_dsc = lv_font_get_glyph_dsc_fmt_txt,    /*Function pointer to get glyph's data*/
    .get_glyph_bitmap = lv_font_get_bitmap_fmt_txt,    /*Function pointer to get glyph's bitmap*/
    .line_height = 24,          /*The maximum line height required by the font*/
    .base_line = 6,             /*Baseline measured from the bottom of the line*/
#if !(LVGL_VERSION_MAJOR == 6 && LVGL_VERSION_MINOR == 0)
    .subpx = LV_FONT_SUBPX_NONE,
#endif
#if LV_VERSION_CHECK(7, 4, 0) || LVGL_VERSION_MAJOR >= 8
    .underline_position = -2,
    .underline_thickness = 1,
#endif
    .dsc = &font_dsc,          /*The custom font data. Will be accessed by `get_glyph_bitmap/dsc` */
#if LV_VERSION_CHECK(8, 2, 0) || LVGL_VERSION_MAJOR >= 9
    .fallback = NULL,
#endif
    .user_data = NULL,
};



#endif /*#if STIM_FONT_20*/

