/*******************************************************************************
 * Size: 16 px
 * Bpp: 4
 * Opts: --format lvgl --font /tmp/stim-NotoSansSC.ttf --bpp 4 --range 0x20-0x7e --symbols 中频治疗低设置通道就绪未配置处方肩颈放松腰部镇痛膝关节康复自定义剩余时间强度开始暂停继续停止编辑参数波形正弦方三角载波率调制脉宽应用到所选单元在线全已待离批量数量查看贴敷位置确认关闭锁定电量无线系统模拟器演示当前仅用于界面安全默认值不可直接人体运行台号成功选择贴片引导主页返回 --no-kerning --lv-include lvgl.h --size 16 --lv-font-name stim_font_16 --output /Users/jackie/Proj/Personal/STIM/stim-simulator/assets/fonts/stim_font_16.c
 ******************************************************************************/

#ifdef LV_LVGL_H_INCLUDE_SIMPLE
#include "lvgl.h"
#else
#include "lvgl.h"
#endif

#ifndef STIM_FONT_16
#define STIM_FONT_16 1
#endif

#if STIM_FONT_16

/*-----------------
 *    BITMAPS
 *----------------*/

/*Store the image of the glyphs*/
static LV_ATTRIBUTE_LARGE_CONST const uint8_t glyph_bitmap[] = {
    /* U+0020 " " */

    /* U+0021 "!" */
    0x18, 0xf, 0x0, 0xf0, 0x80, 0x78, 0xc1, 0x5,
    0x11, 0xc0,

    /* U+0022 "\"" */
    0x82, 0x37, 0x0, 0xde, 0x62, 0x22, 0x3, 0x20,

    /* U+0023 "#" */
    0x0, 0x9c, 0x1, 0x0, 0x11, 0x10, 0x3, 0xcc,
    0xc0, 0x7, 0x80, 0x23, 0xea, 0x27, 0x18, 0x23,
    0x26, 0x36, 0x18, 0x1, 0xe0, 0x2, 0x20, 0x7,
    0x84, 0x40, 0x70, 0x91, 0xb, 0x83, 0x34, 0x24,
    0x41, 0x20, 0xc0, 0x78, 0x3, 0xc4, 0x60, 0x1e,
    0x76, 0x0, 0x78, 0x0,

    /* U+0024 "$" */
    0x0, 0xa0, 0x3, 0xfe, 0x59, 0x39, 0x20, 0x2d,
    0x9b, 0x97, 0x4, 0xb0, 0x9, 0x40, 0xdc, 0x3,
    0x97, 0x84, 0x3, 0xaa, 0x5c, 0x3, 0xa1, 0x68,
    0xc0, 0x31, 0x54, 0x80, 0x7b, 0xc, 0x3, 0xe7,
    0x10, 0xb, 0xd, 0xda, 0x26, 0x50, 0x0, 0x78,
    0x19, 0x20, 0xf, 0xc0,

    /* U+0025 "%" */
    0x4, 0x98, 0x70, 0xc, 0x88, 0x0, 0xdb, 0x30,
    0x48, 0x1, 0x6a, 0x0, 0x47, 0x80, 0x5, 0xc0,
    0x3, 0x50, 0x7, 0x8, 0x7, 0xb8, 0xc0, 0x30,
    0x90, 0x0, 0x7c, 0x1e, 0x8e, 0x20, 0x20, 0x58,
    0x0, 0x95, 0x1f, 0x2a, 0x88, 0x80, 0x17, 0x10,
    0xc2, 0x99, 0x2d, 0x0, 0x3c, 0x80, 0x62, 0x8,
    0x5e, 0x24, 0x40, 0x1, 0x30, 0x7, 0x53, 0x87,
    0x88, 0x1, 0xc4, 0x3, 0x1f, 0x0, 0x38, 0x80,
    0xc, 0xc0, 0xd, 0x4c, 0x0, 0x7a, 0x0, 0x61,
    0x80, 0x49, 0x80, 0x10, 0xf4, 0x4e, 0x80,

    /* U+0026 "&" */
    0x0, 0xa2, 0x12, 0x1, 0xe7, 0x98, 0xd5, 0x0,
    0xef, 0x10, 0x70, 0xf, 0xeb, 0x50, 0xe, 0xc4,
    0x8a, 0x0, 0xf3, 0x5c, 0x10, 0x4, 0x20, 0x75,
    0x44, 0x0, 0x94, 0x82, 0xa1, 0x70, 0x40, 0x18,
    0x69, 0x80, 0x8, 0x80, 0x1f, 0x83, 0x98, 0x5,
    0x15, 0x2c, 0x7, 0xa2, 0x1, 0x33, 0x8, 0x1,
    0x51, 0x31, 0xd, 0xc5, 0x60,

    /* U+0027 "'" */
    0x82, 0x0, 0x79, 0x90, 0x0,

    /* U+0028 "(" */
    0x0, 0x8, 0x4, 0xe0, 0x1, 0x30, 0x3, 0xa8,
    0x0, 0x40, 0x3c, 0x66, 0x0, 0x33, 0x80, 0xc,
    0x40, 0x3c, 0x62, 0x0, 0x66, 0x0, 0xc, 0x80,
    0x3e, 0x21, 0x0, 0x2b, 0x80, 0x7c, 0xc0,

    /* U+0029 ")" */
    0x20, 0xc, 0xa0, 0x2, 0x20, 0x4, 0x66, 0x0,
    0x22, 0x0, 0x2f, 0x0, 0xfb, 0x84, 0x0, 0x66,
    0x0, 0xf1, 0x98, 0x1, 0xc2, 0x1, 0xef, 0x0,
    0x2a, 0x80, 0x4, 0x40, 0x34, 0x0, 0x19, 0x80,
    0x0,

    /* U+002A "*" */
    0x0, 0x40, 0x1, 0x54, 0x6c, 0x6a, 0x48, 0x46,
    0x1d, 0x98, 0x0, 0x41, 0xc8, 0x0,

    /* U+002B "+" */
    0x0, 0x85, 0x40, 0x3c, 0x64, 0x1, 0xff, 0xc7,
    0x38, 0x85, 0xda, 0x20, 0xc7, 0x10, 0xbb, 0x44,
    0x18, 0x3, 0xff, 0x8e, 0x4c, 0x1, 0x0,

    /* U+002C "," */
    0x2, 0x10, 0xbc, 0x9, 0x50, 0x7b, 0x3, 0x30,

    /* U+002D "-" */
    0x29, 0x99, 0x0,

    /* U+002E "." */
    0x31, 0x94,

    /* U+002F "/" */
    0x0, 0xe6, 0x10, 0xe, 0xe1, 0x0, 0xc5, 0xc0,
    0x1c, 0xae, 0x1, 0xde, 0x20, 0x18, 0xb4, 0x3,
    0x95, 0x40, 0x1d, 0xe0, 0x1c, 0x7a, 0x1, 0xd6,
    0xa0, 0x1f, 0xf2, 0x60, 0x7, 0x62, 0x0, 0x7f,
    0xcb, 0x60, 0x1d, 0xa6, 0x1, 0xc0,

    /* U+0030 "0" */
    0x0, 0x2c, 0xc4, 0x0, 0x23, 0xd9, 0x8b, 0x80,
    0x5, 0x40, 0x0, 0xc4, 0x3, 0xef, 0x30, 0x10,
    0xc, 0xac, 0x3e, 0x1, 0x84, 0xc0, 0x3f, 0xf,
    0x80, 0x61, 0x30, 0x10, 0xc, 0xac, 0x1, 0xef,
    0x30, 0xa8, 0x0, 0x18, 0x80, 0xf, 0x66, 0x57,
    0x0,

    /* U+0031 "1" */
    0x5, 0xab, 0x0, 0xc9, 0x64, 0x1, 0x84, 0x40,
    0x1f, 0xff, 0x4, 0x88, 0x2c, 0x40, 0x80,

    /* U+0032 "2" */
    0x1, 0x98, 0x98, 0x0, 0xc, 0xca, 0x26, 0xdc,
    0x6, 0x0, 0x23, 0xe0, 0xf, 0xfe, 0x51, 0x70,
    0x7, 0xad, 0x80, 0x39, 0x70, 0x40, 0x31, 0x6a,
    0x80, 0x62, 0xb8, 0x0, 0xc5, 0x72, 0x1, 0x8b,
    0x6, 0x23, 0x20,

    /* U+0033 "3" */
    0x1, 0x88, 0x4c, 0x84, 0x0, 0xf1, 0x9, 0x8b,
    0x0, 0x30, 0x4, 0x20, 0x1f, 0xfc, 0x38, 0xe0,
    0x8, 0xaf, 0xb5, 0x0, 0x22, 0xbe, 0x37, 0x0,
    0xf3, 0x1, 0x80, 0x79, 0x14, 0x3, 0xcc, 0x47,
    0x0, 0x1b, 0xd0, 0xee, 0x62, 0x13, 0x60,

    /* U+0034 "4" */
    0x0, 0xea, 0x0, 0xf2, 0x30, 0x7, 0xb9, 0x0,
    0x3a, 0x20, 0x1, 0xc7, 0xe4, 0x1, 0xd2, 0xe0,
    0x1c, 0xf2, 0x1, 0xc5, 0xe6, 0x1, 0xca, 0x31,
    0x13, 0xcb, 0x3c, 0xc4, 0x4f, 0x2c, 0x1, 0xff,
    0xc4,

    /* U+0035 "5" */
    0x3, 0xb8, 0x89, 0xc0, 0xf, 0xf1, 0x13, 0x80,
    0x9, 0x80, 0x3c, 0x26, 0x1, 0xef, 0x79, 0x93,
    0x80, 0x58, 0xb3, 0x24, 0xa0, 0x2, 0x18, 0x0,
    0xf5, 0x0, 0x3c, 0x84, 0x1, 0xe1, 0x0, 0xf9,
    0x15, 0x18, 0x2, 0x2c, 0x34, 0x29, 0x88, 0x55,
    0x0,

    /* U+0036 "6" */
    0x0, 0xc, 0xcd, 0x0, 0x15, 0xc4, 0xcc, 0x0,
    0x5e, 0x10, 0x0, 0x80, 0x31, 0x0, 0x3e, 0x17,
    0x74, 0x8, 0x0, 0xa5, 0xdd, 0x16, 0x0, 0x68,
    0x0, 0xb9, 0x41, 0x0, 0x32, 0xe8, 0x7, 0x84,
    0x0, 0x22, 0x0, 0x8f, 0x42, 0x60, 0x2, 0xa5,
    0x1, 0xa9, 0x89, 0xb0,

    /* U+0037 "7" */
    0x28, 0x8e, 0xb6, 0x28, 0x8e, 0x36, 0x0, 0xe5,
    0xb0, 0xf, 0x61, 0x80, 0x72, 0x68, 0x7, 0xb5,
    0x0, 0x3f, 0xf8, 0x22, 0x20, 0xf, 0x26, 0x80,
    0x78, 0x98, 0x3, 0xde, 0x40, 0x1e, 0x11, 0x0,
    0x40,

    /* U+0038 "8" */
    0x0, 0x34, 0xc4, 0x90, 0x1, 0x6, 0x62, 0x60,
    0x1, 0xae, 0x1, 0x69, 0x0, 0x88, 0x2, 0x10,
    0x4, 0xb0, 0x4, 0x24, 0x2, 0x74, 0x68, 0xa0,
    0x4, 0x3a, 0xe, 0x60, 0x6, 0xb8, 0x1d, 0x69,
    0x1e, 0x0, 0x68, 0xa0, 0x30, 0xf, 0x1e, 0x8,
    0x5, 0x34, 0x17, 0x32, 0x89, 0xc2,

    /* U+0039 "9" */
    0x1, 0x88, 0x4b, 0x80, 0x51, 0x31, 0x26, 0xe0,
    0x23, 0x0, 0x13, 0x80, 0xb8, 0x3, 0x79, 0x97,
    0x80, 0x63, 0x61, 0x2, 0x0, 0x27, 0x98, 0x4a,
    0xc3, 0x87, 0x18, 0x1, 0xe1, 0xd0, 0x98, 0x3,
    0xdc, 0x60, 0x1e, 0x10, 0x2, 0x0, 0x51, 0x60,
    0x14, 0xc4, 0xd9, 0x0,

    /* U+003A ":" */
    0xa5, 0x94, 0x31, 0x0, 0xfc, 0x63, 0x28,

    /* U+003B ";" */
    0xa, 0x50, 0x94, 0x3, 0x10, 0xf, 0xfe, 0x9,
    0x8, 0x5e, 0x4, 0xa8, 0x3d, 0x81, 0x98,

    /* U+003C "<" */
    0x0, 0xf8, 0xc0, 0x30, 0xbc, 0xb8, 0x0, 0xe2,
    0x56, 0x50, 0xe5, 0xa2, 0x4, 0x0, 0x11, 0x10,
    0x80, 0x62, 0x86, 0x64, 0xa0, 0x6, 0x17, 0x90,
    0x96, 0x0, 0xe4, 0x97,

    /* U+003D "=" */
    0x38, 0x8f, 0x31, 0xc4, 0x79, 0x80, 0x3f, 0xf8,
    0x87, 0x11, 0xe6,

    /* U+003E ">" */
    0x21, 0x0, 0xf1, 0xcc, 0x18, 0x6, 0x18, 0x82,
    0xca, 0x80, 0x73, 0x4b, 0x43, 0x0, 0x72, 0x81,
    0x0, 0xa, 0x20, 0xb0, 0x87, 0x2b, 0x30, 0x60,
    0x3, 0x97, 0x10, 0xc,

    /* U+003F "?" */
    0x5, 0x88, 0x49, 0x0, 0x8a, 0x21, 0x30, 0x2,
    0x80, 0x11, 0x80, 0x7f, 0xf0, 0x13, 0x0, 0x30,
    0xe2, 0x80, 0x68, 0x80, 0x6, 0x1e, 0x0, 0xf1,
    0x80, 0x70, 0xa0, 0x7, 0xa, 0x0, 0x72, 0xf8,
    0x4,

    /* U+0040 "@" */
    0x0, 0xe4, 0x88, 0x9c, 0x40, 0x3c, 0x32, 0x11,
    0x13, 0x4b, 0x0, 0x61, 0x89, 0x40, 0x8, 0x60,
    0x10, 0x2, 0x89, 0x0, 0xf9, 0xb4, 0x0, 0x9a,
    0x1, 0x3c, 0x2a, 0x0, 0x38, 0x43, 0x10, 0x1,
    0x2d, 0x0, 0x40, 0x2, 0x20, 0x6, 0x5d, 0x10,
    0x12, 0x0, 0xfd, 0xa8, 0x0, 0x35, 0x0, 0x11,
    0x7, 0xc0, 0x3d, 0xc2, 0x0, 0xe1, 0x17, 0x80,
    0x3c, 0x81, 0x14, 0x41, 0xe8, 0x0, 0x20, 0x7,
    0xa8, 0xd, 0x88, 0x21, 0x80, 0x3c, 0x80, 0x11,
    0x4, 0x19, 0x83, 0x0, 0x9a, 0x0, 0x3f, 0xf8,
    0x37, 0x48, 0x1, 0x13, 0x80, 0x78, 0x68, 0x62,
    0x25, 0x70, 0xc,

    /* U+0041 "A" */
    0x0, 0xd8, 0x1, 0xf8, 0xe9, 0x40, 0x3e, 0xb6,
    0xd0, 0xf, 0xef, 0x10, 0xe, 0x3d, 0x5, 0x70,
    0xe, 0xb5, 0x2, 0xf0, 0xf, 0xee, 0x10, 0x9,
    0x16, 0x22, 0xd9, 0x0, 0xb3, 0x62, 0x2a, 0x10,
    0xf, 0xee, 0x20, 0x5c, 0x0, 0xe5, 0x50, 0x62,
    0x0, 0x71, 0x68, 0x0,

    /* U+0042 "B" */
    0x3b, 0x88, 0x4c, 0x90, 0x2, 0xe8, 0x84, 0xcb,
    0xc, 0x3, 0xe9, 0xb0, 0xf, 0x8f, 0xc0, 0x3c,
    0x30, 0xc0, 0xe, 0x88, 0x57, 0xf8, 0x40, 0x1d,
    0x10, 0xae, 0x38, 0x0, 0xf9, 0xbc, 0x80, 0x3e,
    0x36, 0x0, 0xf8, 0xd8, 0x3, 0xc7, 0xc4, 0x1d,
    0x10, 0x99, 0x24, 0x80,

    /* U+0043 "C" */
    0x0, 0x96, 0x66, 0x81, 0x0, 0xa0, 0xe6, 0x73,
    0x80, 0xf, 0xd8, 0x2, 0x16, 0x0, 0x53, 0x80,
    0x7e, 0x30, 0xf, 0xfe, 0xd9, 0x80, 0x7f, 0x53,
    0x80, 0x7e, 0x3f, 0x50, 0x8, 0x64, 0x2, 0x80,
    0x99, 0xa2, 0x0,

    /* U+0044 "D" */
    0x3b, 0x88, 0x4c, 0x88, 0x2, 0xe8, 0x84, 0xc4,
    0xc, 0x3, 0xc3, 0x50, 0x1, 0xfb, 0xc, 0x3,
    0xe4, 0x40, 0x7, 0xc5, 0xe0, 0x1f, 0xfc, 0x42,
    0xf0, 0xf, 0x91, 0x0, 0x1f, 0x61, 0x80, 0x70,
    0xd4, 0x0, 0x3a, 0x21, 0x31, 0x3, 0x0,

    /* U+0045 "E" */
    0x3b, 0x88, 0xe0, 0x7, 0x44, 0x70, 0x7, 0xff,
    0x3b, 0xa2, 0x30, 0x5, 0xd1, 0x18, 0x3, 0xff,
    0xaf, 0xd1, 0x1c, 0x20,

    /* U+0046 "F" */
    0x3b, 0x88, 0xe0, 0xe8, 0x8e, 0x0, 0xff, 0xe5,
    0x74, 0x46, 0x0, 0x74, 0x46, 0x0, 0xff, 0xec,
    0x0,

    /* U+0047 "G" */
    0x0, 0x92, 0x67, 0x18, 0x4, 0xe7, 0x33, 0x90,
    0x0, 0x7e, 0xe0, 0x19, 0xc0, 0x15, 0x0, 0x1f,
    0x8c, 0x3, 0xff, 0x8e, 0x60, 0x10, 0xc4, 0x24,
    0xc0, 0xc0, 0x21, 0x88, 0x63, 0x81, 0x80, 0x7f,
    0x54, 0x0, 0x7e, 0x3f, 0x60, 0xc, 0x4e, 0x0,
    0x73, 0x99, 0xc6, 0x60,

    /* U+0048 "H" */
    0x35, 0x0, 0xe3, 0x60, 0xf, 0xfe, 0xcf, 0x44,
    0x75, 0x0, 0x3a, 0x23, 0xa8, 0x3, 0xff, 0xc4,

    /* U+0049 "I" */
    0x35, 0x0, 0xff, 0xe5, 0x0,

    /* U+004A "J" */
    0x0, 0xe4, 0x50, 0xf, 0xff, 0x88, 0x88, 0x24,
    0x2, 0xf4, 0xa, 0x99, 0x57, 0x0,

    /* U+004B "K" */
    0x35, 0x0, 0xc7, 0x0, 0x1e, 0x19, 0x80, 0xf,
    0x5d, 0x0, 0x7a, 0xa0, 0x3, 0xd3, 0xa4, 0x1,
    0xcd, 0x9a, 0x1, 0xde, 0xb, 0xce, 0x1, 0x8d,
    0x81, 0x34, 0x40, 0x2c, 0x0, 0xa2, 0x40, 0x3e,
    0x21, 0x20, 0xf, 0xa2, 0xc0, 0x3e, 0x1e, 0x30,

    /* U+004C "L" */
    0x35, 0x0, 0xff, 0xff, 0x87, 0x44, 0x66,

    /* U+004D "M" */
    0x3d, 0x0, 0xf4, 0x40, 0x1c, 0xc0, 0x3f, 0x7d,
    0x80, 0x64, 0xd1, 0x1, 0x10, 0x6, 0xc4, 0x0,
    0xe, 0x18, 0x6, 0x10, 0x9, 0x6c, 0x0, 0x98,
    0x1, 0xfb, 0x10, 0x3, 0xb1, 0x0, 0x3f, 0x26,
    0x25, 0x80, 0x7e, 0xc3, 0x0, 0xfa, 0xb8, 0x3,
    0xf1, 0x30, 0x6,

    /* U+004E "N" */
    0x3a, 0x0, 0xe3, 0x60, 0x34, 0x0, 0xfb, 0x74,
    0x1, 0xfa, 0x98, 0x3, 0xe3, 0xf1, 0x0, 0xe1,
    0x8, 0x90, 0xf, 0x87, 0xcc, 0x3, 0xe7, 0xa0,
    0xf, 0xda, 0xa2, 0x1, 0xe4, 0xc1, 0x0, 0xfa,
    0xe8, 0x3, 0xe2, 0x10,

    /* U+004F "O" */
    0x0, 0x96, 0x66, 0x81, 0x0, 0xd0, 0x13, 0x3a,
    0xc4, 0x0, 0x7e, 0xa0, 0x10, 0xdc, 0x0, 0x29,
    0xc0, 0x38, 0x40, 0x40, 0xc0, 0x3e, 0xc5, 0x3,
    0x0, 0xf9, 0x88, 0x3, 0xff, 0x80, 0x60, 0x1f,
    0x31, 0x1, 0x80, 0x7d, 0x88, 0x14, 0xe0, 0x1c,
    0x20, 0x11, 0x82, 0x80, 0x43, 0x70, 0x1, 0x38,
    0x4c, 0xeb, 0x10,

    /* U+0050 "P" */
    0x3b, 0x88, 0x4c, 0x90, 0x1, 0xd1, 0x9, 0x96,
    0x20, 0x7, 0xa7, 0x40, 0x3c, 0x26, 0x1, 0xe2,
    0x20, 0x7, 0x14, 0x48, 0x74, 0xcc, 0xb6, 0x21,
    0xd3, 0x33, 0x88, 0x7, 0xff, 0x54,

    /* U+0051 "Q" */
    0x0, 0x96, 0x66, 0x81, 0x0, 0xd0, 0x13, 0x3a,
    0xc4, 0x0, 0x7e, 0xa0, 0x10, 0xdc, 0x0, 0x29,
    0xc0, 0x38, 0x40, 0x40, 0xc0, 0x3e, 0xc5, 0x3,
    0x0, 0xf9, 0x88, 0x3, 0xff, 0x80, 0x60, 0x1f,
    0x31, 0x1, 0x80, 0x7d, 0x88, 0x14, 0xe0, 0x1c,
    0x20, 0x11, 0x82, 0x80, 0x43, 0x70, 0x1, 0x38,
    0x4d, 0xc4, 0xd8, 0x80, 0x65, 0x9d, 0xd4, 0x8,
    0x7, 0xcd, 0xe8, 0x1, 0xfd, 0x47, 0x32, 0x30,

    /* U+0052 "R" */
    0x3b, 0x88, 0x4d, 0x28, 0x3, 0xa2, 0x13, 0x5a,
    0x80, 0x1e, 0x8d, 0x0, 0xf8, 0xc0, 0x3c, 0x44,
    0x0, 0xe2, 0x89, 0xe, 0x89, 0xda, 0xb1, 0xe,
    0x89, 0x4a, 0x10, 0xe, 0x88, 0x0, 0x78, 0x7d,
    0x40, 0x3c, 0xbe, 0x1, 0xf4, 0x40,

    /* U+0053 "S" */
    0x0, 0x24, 0xce, 0x10, 0x1, 0x64, 0xcd, 0xc,
    0x0, 0x5a, 0x0, 0x85, 0xc0, 0x2, 0x20, 0xf,
    0x9a, 0x4c, 0x3, 0xea, 0x59, 0x40, 0xf, 0x34,
    0x95, 0x10, 0x7, 0x9a, 0xa0, 0x3, 0xf7, 0x20,
    0x7, 0xc2, 0x0, 0xa3, 0x0, 0x87, 0xd0, 0x29,
    0x26, 0x68, 0xb0,

    /* U+0054 "T" */
    0x48, 0x8b, 0x62, 0x25, 0x48, 0x89, 0xe2, 0x25,
    0x0, 0xff, 0xff, 0x80, 0x7f, 0xf0, 0xc0,

    /* U+0055 "U" */
    0x45, 0x0, 0xe3, 0x60, 0xf, 0xff, 0x9b, 0x18,
    0x7, 0x39, 0x13, 0x0, 0x3b, 0x54, 0x35, 0x40,
    0x24, 0x1, 0x7, 0x29, 0x9b, 0x24, 0x0,

    /* U+0056 "V" */
    0x90, 0xf, 0x2a, 0x79, 0x80, 0x76, 0x23, 0xd8,
    0x7, 0x8, 0x8, 0x80, 0x32, 0x60, 0x3, 0x88,
    0x2, 0xc4, 0x0, 0x2a, 0x80, 0x3e, 0x2f, 0x0,
    0x1e, 0x80, 0x6f, 0x10, 0x45, 0x0, 0xca, 0xe1,
    0xe0, 0x1c, 0x5c, 0x5a, 0x1, 0xef, 0x54, 0x0,
    0xf2, 0x60, 0x80, 0x40,

    /* U+0057 "W" */
    0x54, 0x0, 0xd6, 0x60, 0x1a, 0x5c, 0xc0, 0x31,
    0xa0, 0x6, 0x12, 0xe0, 0x8, 0xf3, 0xc0, 0x23,
    0xd0, 0xe, 0x44, 0x0, 0x64, 0x70, 0xe1, 0x0,
    0x78, 0x69, 0x80, 0x3c, 0x81, 0x10, 0x0, 0xf0,
    0x44, 0x0, 0x71, 0xe8, 0x21, 0x80, 0xf0, 0xf,
    0x80, 0x76, 0x20, 0x0, 0x41, 0x50, 0x3, 0xfb,
    0x10, 0xcc, 0x1, 0x69, 0xf8, 0x4, 0x86, 0x1,
    0xc9, 0x28, 0x1, 0xbc, 0x3, 0x85, 0xcc, 0x3,
    0x79, 0x0, 0x0,

    /* U+0058 "X" */
    0x27, 0x0, 0xc4, 0xe5, 0xe2, 0x1, 0x53, 0x84,
    0xc8, 0x0, 0x7a, 0x0, 0x1e, 0x20, 0xb5, 0x0,
    0x9a, 0x96, 0xc0, 0x3b, 0x70, 0xc0, 0x38, 0x80,
    0x3c, 0x43, 0x6c, 0x1, 0xa9, 0x8b, 0x84, 0x0,
    0x98, 0x0, 0x99, 0x0, 0x35, 0x0, 0x3, 0xe4,
    0xd4, 0x1, 0x9e, 0xc0,

    /* U+0059 "Y" */
    0x90, 0xe, 0x35, 0xa6, 0x0, 0xd6, 0xa7, 0xe0,
    0x11, 0x70, 0x2, 0x94, 0x1, 0x4c, 0x0, 0x3d,
    0x2, 0xe0, 0xd, 0x6a, 0xa6, 0x0, 0xc7, 0x82,
    0x1, 0xee, 0x40, 0xf, 0xfe, 0xb8,

    /* U+005A "Z" */
    0x4, 0x88, 0xeb, 0x60, 0x48, 0x8e, 0x26, 0x0,
    0xf3, 0x50, 0x7, 0x87, 0x8c, 0x3, 0xd1, 0x0,
    0xf, 0x26, 0x0, 0x7d, 0xaa, 0x1, 0xe7, 0xb0,
    0xf, 0x10, 0x10, 0x7, 0xad, 0xc0, 0x3c, 0xd4,
    0x1, 0xf5, 0xda, 0x23, 0x94,

    /* U+005B "[" */
    0x38, 0x73, 0xb, 0x73, 0x0, 0xff, 0xf4, 0xa,
    0x31, 0x0,

    /* U+005C "\\" */
    0x80, 0xf, 0x70, 0x80, 0x73, 0xb0, 0x7, 0xf,
    0x80, 0x7b, 0x88, 0x3, 0x9d, 0x40, 0x38, 0x7c,
    0x3, 0xda, 0x60, 0x1c, 0xb6, 0x1, 0xff, 0xc1,
    0xc4, 0x0, 0xe4, 0xc0, 0xf, 0xfe, 0xd, 0xa0,
    0x7, 0x1e, 0x0, 0x7e,

    /* U+005D "]" */
    0x47, 0xa0, 0x47, 0xc0, 0xf, 0xff, 0x4a, 0x37,
    0x0,

    /* U+005E "^" */
    0x0, 0x2c, 0x80, 0x76, 0xf0, 0x80, 0x43, 0xcc,
    0xe0, 0x13, 0x38, 0xf0, 0x5, 0xe2, 0x1a, 0x60,
    0x7a, 0x0, 0x5b, 0xb, 0x50, 0xe,

    /* U+005F "_" */
    0x79, 0x9f, 0x94,

    /* U+0060 "`" */
    0x5, 0x0, 0x89, 0x0, 0xf, 0x84, 0x0, 0x80,

    /* U+0061 "a" */
    0x7, 0x88, 0x49, 0x1, 0xac, 0x42, 0x6c, 0xc,
    0x80, 0x21, 0x0, 0xc6, 0xc6, 0x40, 0xf0, 0xee,
    0xc0, 0x85, 0x84, 0x10, 0x0, 0x90, 0x7, 0x18,
    0x4, 0x76, 0x13, 0x28, 0x83, 0x48, 0x0,

    /* U+0062 "b" */
    0x22, 0x0, 0x79, 0xd8, 0x3, 0xff, 0x96, 0xe0,
    0x1f, 0x9e, 0x21, 0x24, 0x0, 0x95, 0x88, 0x4c,
    0x0, 0x38, 0x80, 0x2f, 0x50, 0xf, 0x26, 0x80,
    0x78, 0x40, 0x3e, 0x2f, 0x0, 0xf2, 0xa8, 0x30,
    0x2, 0x2e, 0x20, 0xc8, 0x98, 0x59, 0x0,

    /* U+0063 "c" */
    0x0, 0x1c, 0xc4, 0xb0, 0x0, 0xaa, 0x62, 0x54,
    0x1, 0x72, 0x1, 0x18, 0x7, 0xff, 0x38, 0xc0,
    0x3e, 0x99, 0x0, 0x46, 0x40, 0x7b, 0x31, 0x4,
    0x20,

    /* U+0064 "d" */
    0x0, 0xf9, 0x0, 0x3e, 0xd0, 0xf, 0xfe, 0x71,
    0x4c, 0x4b, 0x80, 0xa, 0x26, 0x25, 0x48, 0x2e,
    0xc0, 0x11, 0x10, 0xc, 0x40, 0x3c, 0x60, 0x1f,
    0xfc, 0x33, 0x0, 0xfb, 0xdc, 0x2, 0x52, 0x5,
    0x19, 0x89, 0x63,

    /* U+0065 "e" */
    0x0, 0x1c, 0xc4, 0xa0, 0x0, 0xaa, 0x62, 0x70,
    0x82, 0x24, 0x2, 0x9a, 0x0, 0xf0, 0x88, 0x1a,
    0x67, 0x84, 0x16, 0x67, 0xa0, 0x3, 0xfa, 0xe0,
    0x3, 0xc5, 0x73, 0x13, 0x2,

    /* U+0066 "f" */
    0x0, 0x2c, 0x38, 0x3, 0x21, 0xc0, 0xf0, 0x3,
    0xff, 0x80, 0x71, 0x11, 0x1c, 0x44, 0x40, 0x1f,
    0xfd, 0x70,

    /* U+0067 "g" */
    0x0, 0x34, 0xcb, 0xaa, 0x4, 0x14, 0x26, 0x5e,
    0x10, 0x21, 0x8c, 0x0, 0x12, 0x10, 0x0, 0x80,
    0x70, 0x80, 0x2a, 0x40, 0x6, 0x1, 0x88, 0x22,
    0xb, 0x0, 0x13, 0xdc, 0x41, 0x80, 0x30, 0x80,
    0x7e, 0x6e, 0x99, 0xa0, 0x80, 0xf, 0xb3, 0x3a,
    0x4, 0x38, 0x40, 0x21, 0xf2, 0x2, 0x0, 0xc3,
    0x86, 0x13, 0x28, 0x8a, 0x64, 0x0,

    /* U+0068 "h" */
    0x54, 0x0, 0xff, 0xe8, 0x34, 0x42, 0x40, 0x1c,
    0x91, 0xa, 0x60, 0xe2, 0x0, 0x1f, 0x80, 0x7f,
    0xf7, 0x80,

    /* U+0069 "i" */
    0x76, 0x63, 0x88, 0x95, 0x0, 0x3f, 0xf8, 0x80,

    /* U+006A "j" */
    0x0, 0x43, 0x0, 0x25, 0xc0, 0x2, 0x20, 0x2,
    0xa0, 0x7, 0xff, 0x6d, 0xc0, 0x6, 0x27, 0x1c,
    0x40,

    /* U+006B "k" */
    0x54, 0x0, 0xff, 0xe9, 0xc8, 0x7, 0x3d, 0x80,
    0x64, 0x22, 0x0, 0x43, 0xca, 0x1, 0xa0, 0x88,
    0x1, 0x7d, 0xc5, 0x80, 0x5c, 0x41, 0x88, 0x0,
    0x10, 0x2, 0xe8, 0x7, 0xad, 0xc0,

    /* U+006C "l" */
    0x22, 0x3, 0xb0, 0x7, 0xff, 0x4c, 0x40, 0xd,
    0xc0,

    /* U+006D "m" */
    0x52, 0x68, 0x97, 0x4, 0x88, 0x80, 0x10, 0x91,
    0x3e, 0xe1, 0x10, 0xc5, 0xe, 0x20, 0x5, 0x82,
    0x0, 0x13, 0x40, 0x38, 0x80, 0x38, 0x40, 0x3f,
    0xfe, 0x0,

    /* U+006E "n" */
    0x52, 0x58, 0x84, 0x80, 0x21, 0xe2, 0x14, 0xc1,
    0xc4, 0x0, 0x3f, 0x0, 0xff, 0xef, 0x0,

    /* U+006F "o" */
    0x0, 0x1c, 0xc4, 0xb8, 0x4, 0x75, 0x31, 0x27,
    0x0, 0xa, 0x90, 0x9, 0x4, 0x40, 0x1f, 0x6a,
    0x0, 0x7c, 0xc6, 0x1, 0xf3, 0x18, 0x7, 0xd8,
    0x81, 0x52, 0x1, 0x20, 0x8, 0x1d, 0x4c, 0x49,
    0xc0, 0x0,

    /* U+0070 "p" */
    0x53, 0x78, 0x84, 0x90, 0x2, 0x16, 0x21, 0x30,
    0x0, 0xf2, 0x0, 0xbd, 0x40, 0x3c, 0x9a, 0x1,
    0xe1, 0x0, 0xf8, 0xbc, 0x3, 0xca, 0xa0, 0xd0,
    0x8, 0xb8, 0x83, 0x22, 0x61, 0x64, 0x0, 0x31,
    0x30, 0xe0, 0x1f, 0xfc, 0xe0,

    /* U+0071 "q" */
    0x0, 0x14, 0xc4, 0xb4, 0x1, 0x44, 0xc4, 0xa1,
    0x85, 0xd8, 0x2, 0x22, 0x1, 0x88, 0x7, 0x8c,
    0x3, 0xff, 0x86, 0x60, 0x1f, 0x7b, 0x80, 0x4a,
    0x40, 0xa3, 0x31, 0x2c, 0x60, 0x6, 0x98, 0x93,
    0x10, 0xf, 0xfe, 0x60,

    /* U+0072 "r" */
    0x52, 0x79, 0x40, 0x85, 0x94, 0xd, 0x20, 0x8,
    0xc0, 0x3f, 0xfa, 0x0,

    /* U+0073 "s" */
    0x2, 0x98, 0x96, 0x0, 0x44, 0xc4, 0xa0, 0x0,
    0xc0, 0x22, 0x0, 0x7c, 0x8, 0x6, 0x6a, 0x99,
    0x10, 0x4, 0x51, 0x10, 0x80, 0x61, 0x94, 0x24,
    0x0, 0x91, 0x88, 0x93, 0x12, 0x26,

    /* U+0074 "t" */
    0x0, 0x18, 0x6, 0x14, 0x0, 0xfe, 0x38, 0xc8,
    0x70, 0x3b, 0xc8, 0x70, 0xf, 0xfe, 0x71, 0x80,
    0x70, 0xf8, 0x7, 0x7c, 0xc0, 0x0,

    /* U+0075 "u" */
    0x71, 0x0, 0xd2, 0x1, 0xff, 0xd7, 0x12, 0x0,
    0x84, 0x11, 0x0, 0x1, 0x91, 0x21, 0x98, 0x98,
    0x0,

    /* U+0076 "v" */
    0x90, 0xe, 0x81, 0xd5, 0x0, 0xc2, 0x24, 0xc0,
    0x8, 0xf0, 0x0, 0x22, 0x0, 0x5a, 0x80, 0x2d,
    0xc0, 0x3c, 0x7c, 0x7, 0xa0, 0x1b, 0xc6, 0xd4,
    0x3, 0x2b, 0x80, 0x78, 0xb7, 0x0, 0x20,

    /* U+0077 "w" */
    0x73, 0x0, 0xa1, 0xc0, 0x24, 0x55, 0x20, 0x6,
    0xf0, 0xb, 0x14, 0xb8, 0x0, 0x3c, 0x1, 0x84,
    0x3, 0x91, 0xf1, 0x0, 0x78, 0x1, 0x88, 0x4,
    0x29, 0x80, 0x88, 0x0, 0x2e, 0x0, 0x7b, 0x4c,
    0x3, 0x11, 0x0, 0x1e, 0x20, 0x1d, 0xea, 0x80,
    0x4, 0x6e, 0x0, 0xc9, 0x82, 0x0, 0x3a, 0x70,
    0x0,

    /* U+0078 "x" */
    0x36, 0x0, 0x98, 0x8f, 0x84, 0x4, 0x44, 0x11,
    0x21, 0x2e, 0x1, 0x6b, 0xe8, 0x6, 0x4a, 0x50,
    0xd, 0x3e, 0xe0, 0x11, 0xe9, 0x1, 0x0, 0x29,
    0x41, 0xec, 0x1e, 0xc0, 0x2d, 0x60,

    /* U+0079 "y" */
    0x90, 0xe, 0x71, 0xa6, 0x0, 0xdc, 0x27, 0xe0,
    0x11, 0x70, 0x3, 0x88, 0x0, 0xac, 0x0, 0x65,
    0x0, 0x70, 0x80, 0x7, 0xc0, 0x78, 0x3, 0x61,
    0xba, 0x80, 0x64, 0xbe, 0x20, 0xe, 0xff, 0x0,
    0x78, 0x54, 0x3, 0xdc, 0x40, 0x1c, 0xb8, 0x1,
    0x96, 0x4d, 0x0, 0x30,

    /* U+007A "z" */
    0x8, 0x8d, 0x86, 0x11, 0x14, 0xa1, 0x80, 0x69,
    0x90, 0x6, 0x4d, 0x10, 0xd, 0xaa, 0x1, 0x9e,
    0xc0, 0x31, 0x9, 0x0, 0x6b, 0x60, 0xc, 0xc5,
    0x11, 0x90,

    /* U+007B "{" */
    0x0, 0x33, 0x98, 0x3, 0x9c, 0xc0, 0x3e, 0xf0,
    0xf, 0xfe, 0x8, 0x80, 0x45, 0x4c, 0x0, 0x2a,
    0x60, 0x8, 0x40, 0x3f, 0xf8, 0x7e, 0x1, 0xff,
    0xc2, 0xb6, 0x20,

    /* U+007C "|" */
    0x21, 0x62, 0x0, 0xff, 0xeb, 0x0,

    /* U+007D "}" */
    0x47, 0x40, 0x2, 0x3e, 0x0, 0x6f, 0x0, 0xff,
    0xe3, 0xf8, 0x6, 0xca, 0x10, 0x6, 0x50, 0x80,
    0x3c, 0x3, 0xff, 0x85, 0xe0, 0x1b, 0xc0, 0x37,
    0x80, 0x11, 0xe4, 0x0,

    /* U+007E "~" */
    0x3, 0x96, 0x0, 0xc2, 0x92, 0x50, 0x6, 0xa2,
    0xe0, 0x97, 0xa, 0xa0,

    /* U+4E09 "三" */
    0x7, 0x7f, 0xfe, 0x0, 0x1, 0xdf, 0xff, 0x80,
    0x1, 0xff, 0xe1, 0x77, 0xfe, 0x50, 0xc, 0xef,
    0xfc, 0xa0, 0x1f, 0xfe, 0xe6, 0x77, 0xff, 0xe0,
    0x30,

    /* U+4E0D "不" */
    0x7, 0x7f, 0xab, 0x5d, 0xf2, 0x80, 0x1d, 0xfe,
    0x3d, 0x77, 0xca, 0x1, 0xfa, 0xa8, 0x1, 0xff,
    0xc1, 0x51, 0x23, 0x0, 0xff, 0x90, 0x34, 0x5,
    0xc4, 0x3, 0xf3, 0xa, 0x80, 0x9, 0xdc, 0xa0,
    0x1e, 0x75, 0x50, 0x7, 0x33, 0x20, 0x2, 0x48,
    0x63, 0x0, 0xf8, 0xe6, 0x0, 0xf, 0x2, 0x1,
    0xfc, 0x30, 0x0, 0x30, 0xf, 0xff, 0x90,

    /* U+4E2D "中" */
    0x0, 0xf8, 0x80, 0x3f, 0xf8, 0x2a, 0x1, 0xff,
    0xc8, 0x17, 0x7f, 0x4b, 0xbf, 0xa, 0xa3, 0xbf,
    0x4b, 0xbe, 0x23, 0x0, 0xff, 0xf6, 0xcb, 0xbf,
    0x4b, 0xbe, 0x90, 0x78, 0x77, 0xe9, 0x77, 0xde,
    0x66, 0x20, 0xf, 0xf1, 0x88, 0x7, 0xff, 0x78,

    /* U+4E3B "主" */
    0x0, 0xff, 0xe4, 0xa2, 0x80, 0x7f, 0xf0, 0x50,
    0x58, 0x3, 0xff, 0x82, 0x84, 0x40, 0xf, 0x1b,
    0xbf, 0x61, 0xab, 0xbe, 0x0, 0x1b, 0xbf, 0x5b,
    0xbf, 0x80, 0x3f, 0xfc, 0x8c, 0xef, 0xa1, 0xdf,
    0x8c, 0x2, 0x67, 0x7d, 0xe, 0xfc, 0x60, 0x1f,
    0xfe, 0x21, 0x77, 0xf7, 0x3b, 0xf9, 0x80,

    /* U+4E49 "义" */
    0x0, 0xf8, 0x80, 0x3f, 0xf8, 0x6a, 0x1, 0xfe,
    0x31, 0x0, 0x91, 0x0, 0x12, 0x90, 0x6, 0x36,
    0x0, 0x8c, 0xc0, 0x16, 0x90, 0x7, 0x8, 0x80,
    0x23, 0x0, 0x1e, 0x80, 0x79, 0x98, 0x1, 0x20,
    0x2, 0xd4, 0x3, 0xe3, 0x30, 0x6, 0x4c, 0x0,
    0xfc, 0x88, 0x0, 0xc6, 0x80, 0x1f, 0xcf, 0x0,
    0x8, 0x70, 0xf, 0xfa, 0x9d, 0xd4, 0x1, 0xff,
    0xc0, 0x2d, 0xd1, 0x0, 0x7f, 0xf0, 0x1e, 0x26,
    0x0, 0x3f, 0xc7, 0xc, 0x47, 0x32, 0x20, 0xf,
    0xb, 0xba, 0x4, 0x0, 0x32, 0xae, 0x1, 0xb,
    0xa3, 0xa0, 0x7, 0x9d, 0x9d, 0xc0, 0x2e, 0xa0,
    0x1f, 0xc2, 0xee, 0x0,

    /* U+4E8E "于" */
    0x0, 0xff, 0xe2, 0x2b, 0xbf, 0x73, 0xbf, 0x0,
    0x4a, 0xef, 0xd2, 0xef, 0xc0, 0x1f, 0xfe, 0x37,
    0x7f, 0xa1, 0xdf, 0xc2, 0xef, 0xf4, 0x3b, 0xf8,
    0x40, 0x3f, 0xff, 0xe0, 0x11, 0x3b, 0xc6, 0x1,
    0xf0,

    /* U+4EBA "人" */
    0x0, 0xf8, 0x40, 0x3f, 0xf8, 0x4c, 0x1, 0xff,
    0xc2, 0xf0, 0xf, 0xfe, 0x8, 0xa0, 0x7, 0xff,
    0x4, 0x98, 0x3, 0xff, 0x82, 0x84, 0x1, 0xff,
    0xc1, 0xfc, 0x30, 0xf, 0xfe, 0x7, 0xa2, 0x0,
    0x3f, 0xe4, 0x40, 0x7, 0xff, 0x7, 0xc, 0x15,
    0x40, 0x1f, 0xcb, 0x60, 0x2, 0xd0, 0xf, 0xc3,
    0xa6, 0x1, 0x4c, 0x0, 0x78, 0x62, 0x0, 0x18,
    0x6d, 0x80, 0x31, 0x4c, 0x80, 0x3c, 0x64, 0xe0,
    0x6, 0x48, 0x0, 0xfc, 0x8b, 0x4, 0xcc, 0x0,
    0xff, 0x14, 0x10,

    /* U+4EC5 "仅" */
    0x0, 0xe1, 0x0, 0xff, 0xe1, 0x12, 0x80, 0x7f,
    0xf0, 0x95, 0xa1, 0xdf, 0xd2, 0x20, 0x18, 0x8a,
    0xc5, 0x77, 0xef, 0x10, 0xd, 0xca, 0x8, 0x80,
    0xe, 0x10, 0xc, 0xea, 0x1, 0xf8, 0x44, 0x1,
    0x29, 0xf0, 0x4, 0x62, 0x1, 0x3b, 0x80, 0x4,
    0x68, 0x1, 0x95, 0xc0, 0x21, 0x10, 0x0, 0x98,
    0x3, 0xc2, 0x0, 0x65, 0x0, 0xff, 0x99, 0x84,
    0x24, 0x1, 0xff, 0x8, 0x4b, 0x80, 0x7f, 0xf0,
    0x78, 0x80, 0x3f, 0xf8, 0x3, 0x13, 0x28, 0x10,
    0xf, 0xe4, 0x98, 0x10, 0x89, 0x30, 0xf, 0xc,
    0x4, 0x0, 0x68, 0x68, 0x10, 0x9, 0xc6, 0x10,
    0x3, 0xcb, 0x2,

    /* U+4F4D "位" */
    0x0, 0xff, 0xe4, 0x29, 0x0, 0x4e, 0x1, 0xfe,
    0x22, 0x0, 0x46, 0x60, 0xf, 0xc8, 0x80, 0xc,
    0x80, 0x1f, 0xde, 0x62, 0xef, 0x91, 0xde, 0x20,
    0x9, 0xcc, 0x5, 0xd9, 0xdf, 0x2b, 0x90, 0x1,
    0xf, 0xc0, 0x26, 0x0, 0xd4, 0x1, 0x9, 0xa0,
    0x7, 0xff, 0x4, 0x5c, 0x3, 0x84, 0x3, 0x78,
    0x7, 0xf9, 0x4c, 0x0, 0x66, 0x0, 0xff, 0x12,
    0x80, 0x15, 0x40, 0x1f, 0xe1, 0x10, 0x0, 0x44,
    0x1, 0xff, 0xcf, 0x70, 0x22, 0x0, 0x7f, 0x33,
    0xbe, 0xad, 0x77, 0x80,

    /* U+4F4E "低" */
    0x0, 0xff, 0xe0, 0x88, 0x7, 0x9c, 0x3, 0xb,
    0x3b, 0x90, 0x3, 0x84, 0x0, 0xec, 0xc4, 0xe7,
    0x72, 0x80, 0x73, 0x30, 0x0, 0xcc, 0x5e, 0x0,
    0xf8, 0xb4, 0x40, 0x38, 0xc4, 0x3, 0xd5, 0xa0,
    0x1e, 0x12, 0x0, 0xe8, 0x90, 0xf, 0x99, 0xc0,
    0x32, 0x58, 0x80, 0x58, 0xef, 0x54, 0xbb, 0xc2,
    0x86, 0x1, 0xb1, 0xde, 0x8a, 0x77, 0x84, 0x3,
    0xfe, 0xf0, 0xf, 0xfe, 0x9e, 0x90, 0x7, 0xff,
    0x0, 0xd1, 0xa, 0x2, 0xa0, 0x1f, 0x88, 0xc,
    0x7c, 0x55, 0xc0, 0x38, 0xa1, 0xd8, 0xd0, 0xe6,
    0x34, 0x80, 0x27, 0x2, 0xf7, 0x40, 0x33, 0xc,
    0xc8, 0x0,

    /* U+4F53 "体" */
    0x0, 0xc2, 0x1, 0x84, 0x3, 0xfc, 0xc0, 0x19,
    0x80, 0x3f, 0x88, 0x80, 0x1f, 0xfc, 0x25, 0x50,
    0x7, 0xff, 0x4, 0xb0, 0xdd, 0xf4, 0x5b, 0xbe,
    0x10, 0x5, 0x61, 0xbb, 0xc6, 0xb8, 0xef, 0x84,
    0x17, 0x0, 0x38, 0xf5, 0x50, 0x3, 0x89, 0x0,
    0x32, 0x20, 0xb, 0x0, 0x39, 0xc0, 0x3b, 0xc,
    0x1, 0x6e, 0x1, 0xfc, 0xf2, 0x1, 0x1f, 0x90,
    0x7, 0xca, 0x62, 0x1, 0xa2, 0xc0, 0x3c, 0xa0,
    0x7, 0x74, 0x3b, 0xd1, 0x22, 0x1, 0x91, 0x51,
    0xdd, 0xe, 0xf0, 0xc8, 0x80, 0x61, 0x0, 0xff,
    0xe7, 0x80,

    /* U+4F59 "余" */
    0x0, 0xfc, 0x40, 0x1f, 0xfc, 0x26, 0xb0, 0xf,
    0xfe, 0xb, 0x2c, 0x30, 0x7, 0xfc, 0xea, 0x62,
    0xee, 0x0, 0xfc, 0x50, 0xc6, 0x0, 0x17, 0x65,
    0x0, 0xe6, 0x4c, 0x54, 0x4e, 0x21, 0x74, 0x1,
    0x77, 0x33, 0xbe, 0xf7, 0x79, 0x5d, 0xc6, 0x2e,
    0x20, 0x67, 0xb0, 0xce, 0x10, 0x33, 0x1, 0xbb,
    0xfa, 0x1d, 0xf9, 0x80, 0x6, 0xef, 0xff, 0xc0,
    0x60, 0xe, 0x21, 0x0, 0x78, 0x0, 0xc0, 0x3e,
    0x15, 0x10, 0xe, 0x65, 0x0, 0xe2, 0x97, 0x0,
    0xf2, 0x8b, 0x0, 0x48, 0xb0, 0x1, 0xf9, 0x9,
    0x40, 0xa, 0xe0, 0x4, 0x77, 0x10, 0x6, 0x45,
    0x0,

    /* U+503C "值" */
    0x0, 0xe1, 0x0, 0x84, 0x40, 0x1f, 0xcc, 0x60,
    0x12, 0x18, 0x7, 0xf7, 0xb, 0xbd, 0x4a, 0xef,
    0x80, 0x32, 0xd9, 0xbb, 0xd0, 0xef, 0xc0, 0x10,
    0xc9, 0x80, 0x7f, 0xf0, 0x65, 0x0, 0x14, 0xee,
    0xf7, 0x7c, 0x1, 0x36, 0x78, 0x3, 0x5d, 0xd0,
    0xef, 0x0, 0x72, 0x0, 0x58, 0xef, 0xee, 0x0,
    0x98, 0x3, 0x63, 0xbf, 0xb8, 0x3, 0xf5, 0xbb,
    0xfb, 0x40, 0x3f, 0x5b, 0xbf, 0xb4, 0x3, 0xff,
    0x99, 0x8e, 0xfe, 0xe0, 0xf, 0xd8, 0xef, 0xee,
    0x0, 0xf1, 0xbf, 0x3b, 0xfb, 0x9c, 0x40,

    /* U+505C "停" */
    0x0, 0xc2, 0x1, 0x88, 0x3, 0xfc, 0xc0, 0x18,
    0x54, 0x3, 0xfc, 0xae, 0xf2, 0x4b, 0xbe, 0x20,
    0x9, 0xd9, 0x5d, 0xf6, 0x3b, 0xe2, 0x0, 0xe,
    0x8, 0x1c, 0xbb, 0xf4, 0x0, 0x69, 0x30, 0xa,
    0x9d, 0xfb, 0xc0, 0x26, 0xbf, 0x0, 0xd, 0xbb,
    0xf0, 0x80, 0x63, 0x0, 0x8a, 0x1d, 0xf9, 0x80,
    0x26, 0x0, 0xa5, 0xdf, 0xf4, 0x98, 0x7, 0x73,
    0xbf, 0xea, 0x0, 0xf2, 0xa3, 0xbd, 0x8e, 0xf1,
    0x10, 0x3, 0x89, 0x1d, 0xeb, 0x77, 0x84, 0x40,
    0x1f, 0xfd, 0xb3, 0x66, 0x10, 0x7, 0xe7, 0x0,
    0x8d, 0x98, 0xa0, 0x1c,

    /* U+5143 "元" */
    0x2, 0x77, 0xff, 0x30, 0x4, 0x4e, 0xff, 0xe6,
    0x0, 0xff, 0xea, 0x22, 0x7f, 0x2a, 0x26, 0x6,
    0x77, 0x8c, 0x9d, 0xc1, 0xae, 0xf3, 0x1, 0x19,
    0xc2, 0xe6, 0x65, 0xd3, 0x38, 0x80, 0x38, 0x44,
    0x1, 0xff, 0xcf, 0x22, 0x0, 0x7e, 0x20, 0xd,
    0x4a, 0x1, 0xf9, 0xc4, 0x1, 0x14, 0x1, 0xfc,
    0x62, 0x91, 0x24, 0x1, 0x87, 0x1d, 0xee, 0x5,
    0x81, 0x0, 0xf4, 0xbb, 0xd0, 0x0,

    /* U+5168 "全" */
    0x0, 0xfc, 0x40, 0x1f, 0xfc, 0x24, 0x90, 0xf,
    0xfe, 0x9, 0x12, 0x9c, 0x3, 0xfe, 0x25, 0x61,
    0x67, 0x0, 0xfe, 0x35, 0x70, 0x0, 0xb3, 0x80,
    0x7c, 0xaa, 0x70, 0xc, 0x2f, 0x6, 0x1, 0xc,
    0x2, 0x11, 0x7d, 0x4a, 0xe0, 0x7, 0x86, 0x77,
    0xdc, 0xef, 0x99, 0x50, 0x18, 0xd, 0x57, 0x5a,
    0xae, 0x2, 0x40, 0xf, 0xfe, 0x3a, 0x3b, 0xe9,
    0x77, 0xc4, 0x1, 0xc8, 0xef, 0xa5, 0xdf, 0x10,
    0x7, 0xff, 0x5d, 0xf7, 0x7d, 0x1b, 0xbe, 0x0,

    /* U+5173 "关" */
    0x0, 0xff, 0xe3, 0x38, 0x7, 0xa0, 0x3, 0xe4,
    0x50, 0xc, 0x5a, 0x1, 0xf1, 0x98, 0x3, 0x52,
    0x80, 0x73, 0xbc, 0x2f, 0x33, 0x13, 0xbc, 0x1,
    0x3b, 0xf6, 0xd4, 0xd3, 0xbc, 0x1, 0xff, 0xcc,
    0x10, 0xf, 0x95, 0xdf, 0xaa, 0x5d, 0xf9, 0x81,
    0x5d, 0xfa, 0x71, 0xdf, 0x98, 0x3, 0xc4, 0x2c,
    0xc0, 0xf, 0xfa, 0x98, 0x4c, 0xc0, 0x1f, 0x86,
    0x24, 0x0, 0xaa, 0x40, 0xf, 0x2b, 0x40, 0x80,
    0x4c, 0xe, 0x20, 0x5, 0x77, 0x80, 0x3c, 0x8e,
    0xd0, 0xa, 0xe4, 0x1, 0xfc, 0xf0, 0x0,

    /* U+5230 "到" */
    0x1, 0x22, 0xf8, 0x3, 0x30, 0x23, 0xbb, 0x1d,
    0xf0, 0xb8, 0x0, 0x41, 0x54, 0xd6, 0xae, 0xaa,
    0x10, 0xf, 0xad, 0x40, 0x98, 0x3, 0xf3, 0x50,
    0x9a, 0xf3, 0x0, 0x78, 0x75, 0x50, 0x12, 0x8,
    0x3, 0xc3, 0x6e, 0xaa, 0x10, 0x40, 0xf, 0xf0,
    0x80, 0x7f, 0xb, 0xbd, 0x2e, 0xf0, 0x7, 0x85,
    0xde, 0x97, 0x78, 0x3, 0xff, 0x86, 0x60, 0x1f,
    0xb9, 0x5d, 0xc2, 0x80, 0x19, 0x1e, 0x21, 0xee,
    0xf0, 0x80, 0x79, 0xa2, 0xc, 0x40, 0x19, 0xa3,
    0x81, 0x4, 0x3, 0xf3, 0x44, 0x80,

    /* U+5236 "制" */
    0x0, 0xe1, 0x0, 0xfc, 0x20, 0x6, 0x0, 0x30,
    0x7, 0xe9, 0x0, 0x8, 0x7, 0xe5, 0x0, 0xc3,
    0x4e, 0xe9, 0x77, 0x80, 0x4, 0x1, 0x9b, 0x5d,
    0xd2, 0xef, 0x0, 0x7e, 0x22, 0xb4, 0x8b, 0x0,
    0x78, 0xd9, 0xbe, 0x10, 0xf, 0x22, 0x6b, 0x44,
    0x8c, 0x3, 0xc8, 0xef, 0x4b, 0xba, 0x0, 0x3e,
    0x37, 0x7a, 0x5d, 0xde, 0x1, 0xff, 0xd4, 0x70,
    0xf, 0xfe, 0x39, 0x0, 0x63, 0x70, 0xf, 0xca,
    0x1, 0x8d, 0xdc, 0x0, 0x48, 0x86, 0x80, 0x73,
    0x80, 0x72, 0x44, 0x14,

    /* U+524D "前" */
    0x0, 0xc2, 0x1, 0xf0, 0x80, 0x7c, 0xc0, 0x1e,
    0x70, 0xf, 0xcc, 0xc0, 0xc, 0x44, 0x10, 0xc,
    0xef, 0x37, 0xbb, 0xef, 0x27, 0x78, 0x0, 0xef,
    0xa5, 0xdf, 0x6b, 0xbe, 0x0, 0x88, 0xcf, 0x10,
    0x7, 0x20, 0x6, 0xb7, 0x79, 0xa8, 0x0, 0xe0,
    0x3, 0x0, 0xdc, 0x89, 0x2f, 0x80, 0x7f, 0xad,
    0xde, 0x8e, 0x0, 0xff, 0x5b, 0xbd, 0x1c, 0x1,
    0xff, 0xce, 0xb7, 0x7d, 0xc0, 0x1f, 0xeb, 0x77,
    0xdc, 0x0, 0x30, 0xf, 0xfe, 0x1a, 0x0, 0x7f,
    0x13, 0xb8, 0x80, 0x2, 0xee, 0x0, 0xe7, 0x2,
    0x77, 0x28, 0x0, 0x5d, 0xe0, 0x0,

    /* U+5269 "剩" */
    0x0, 0xfc, 0x44, 0x0, 0xc4, 0x2, 0xac, 0xf4,
    0xee, 0x62, 0x0, 0xca, 0x2, 0x8c, 0xfa, 0xee,
    0x40, 0x2, 0x0, 0x62, 0x32, 0x26, 0x91, 0x61,
    0x30, 0xc, 0xef, 0xfc, 0x60, 0x1c, 0xaa, 0x16,
    0xa5, 0x25, 0x51, 0x0, 0x72, 0x3f, 0x80, 0x66,
    0x80, 0xf, 0x23, 0xf8, 0x5, 0xa9, 0x0, 0x1f,
    0x27, 0x80, 0x5a, 0x40, 0x80, 0x1c, 0xaf, 0xe1,
    0x41, 0xec, 0xe0, 0x1e, 0x53, 0x47, 0x7, 0xb6,
    0x74, 0x0, 0xf8, 0x89, 0x4e, 0xcc, 0x0, 0x38,
    0x7, 0x12, 0xb0, 0x1, 0x52, 0x0, 0x3c, 0x88,
    0x70, 0xc, 0x50, 0x1, 0xf3, 0x0, 0x7e, 0x37,
    0x71, 0x2, 0x0, 0x4e, 0x1, 0xc6, 0xee, 0x50,

    /* U+529F "功" */
    0x0, 0xff, 0xe6, 0x30, 0x80, 0x71, 0x17, 0x8,
    0x4, 0x20, 0x1c, 0xee, 0xe7, 0x71, 0x0, 0x4,
    0x3, 0xca, 0xab, 0x55, 0x3b, 0xd2, 0xef, 0xa0,
    0x3, 0xc8, 0xee, 0x97, 0x7d, 0xe0, 0x1f, 0xfe,
    0x72, 0x3, 0x30, 0x7, 0xc3, 0x6e, 0xe1, 0x4,
    0x40, 0x7, 0x13, 0xbb, 0x5d, 0xc6, 0x22, 0x0,
    0xc2, 0x22, 0x76, 0x10, 0xa, 0x58, 0x3, 0x11,
    0x0, 0x3d, 0x14, 0x1, 0xc8, 0xa0, 0x18, 0x62,
    0x48, 0x0, 0xef, 0x0, 0x80, 0x61, 0x81, 0x0,
    0x9d, 0xf0, 0x0,

    /* U+5355 "单" */
    0x0, 0xc2, 0x1, 0xe1, 0x0, 0xf9, 0x84, 0x3,
    0xa4, 0x3, 0xe7, 0x90, 0xc, 0xd4, 0x1, 0xc6,
    0xee, 0x27, 0x97, 0x9b, 0x57, 0x40, 0x9, 0x1d,
    0xd4, 0xfc, 0xf3, 0xae, 0xe3, 0x0, 0xff, 0xe3,
    0xbb, 0xe8, 0x77, 0xef, 0x0, 0xce, 0xfa, 0x1d,
    0xfb, 0xc0, 0x3f, 0xf8, 0xc6, 0xef, 0xa1, 0xdf,
    0x8c, 0x2, 0x47, 0x7d, 0xe, 0xfc, 0x80, 0x2e,
    0xfe, 0x87, 0x7f, 0x30, 0xbb, 0xfa, 0x1d, 0xfc,
    0xc0, 0x1f, 0xfd, 0x20,

    /* U+53C2 "参" */
    0x0, 0xf8, 0x40, 0x3f, 0xf8, 0x50, 0x60, 0x4a,
    0x1, 0xfc, 0x51, 0x2, 0x2, 0x68, 0x0, 0xfa,
    0xe7, 0xdd, 0xf2, 0x7e, 0x10, 0x7, 0x45, 0x3a,
    0x93, 0xbe, 0xc4, 0x0, 0xe3, 0x10, 0xa5, 0x0,
    0xe6, 0x0, 0x9d, 0xf6, 0x9b, 0xba, 0xb5, 0xdf,
    0x0, 0x1d, 0xe3, 0x8b, 0x75, 0xb8, 0x37, 0x78,
    0x3, 0x30, 0xa8, 0x33, 0x8a, 0xbb, 0x80, 0x31,
    0xc2, 0x3b, 0x99, 0xd4, 0x10, 0xd9, 0xd8, 0x0,
    0xf0, 0x46, 0xec, 0x28, 0xea, 0x2, 0xe8, 0x0,
    0x40, 0x0, 0x9b, 0x34, 0xe2, 0xc, 0x4, 0x1,
    0xcc, 0xec, 0xc2, 0x3, 0x87, 0x0, 0xf9, 0x90,
    0x5, 0x5d, 0xd0, 0x20, 0x1e, 0x36, 0x76, 0x44,
    0x3a, 0x0, 0x7e, 0x16, 0x76, 0x51, 0x0, 0xf8,

    /* U+53EF "可" */
    0x11, 0xff, 0xe1, 0x3, 0xbf, 0xfd, 0x8e, 0xe0,
    0x66, 0xff, 0xa9, 0x98, 0x1, 0xff, 0xc5, 0x2a,
    0x77, 0xd2, 0x1, 0xf8, 0x79, 0xdf, 0x70, 0x7,
    0xff, 0xaa, 0x1d, 0xf6, 0x0, 0x7f, 0x43, 0xbe,
    0xb0, 0xf, 0xc6, 0xa0, 0x1f, 0xfc, 0x21, 0x0,
    0xff, 0xe4, 0x3c, 0x43, 0x80, 0x20,

    /* U+53F0 "台" */
    0x0, 0xff, 0xe3, 0xa9, 0x80, 0x7f, 0xc4, 0x66,
    0x0, 0xff, 0xa, 0xb0, 0x5, 0x4, 0x1, 0xe9,
    0x70, 0xd, 0xa, 0x40, 0x19, 0xe0, 0x3, 0xcd,
    0x4, 0x3, 0xc0, 0xef, 0xcc, 0xc4, 0xeb, 0x1,
    0xe7, 0x7f, 0x33, 0x15, 0x21, 0x0, 0xc, 0xef,
    0xf9, 0x85, 0x0, 0x2, 0xef, 0xf8, 0x40, 0x3f,
    0xfc, 0x58, 0xef, 0xfa, 0xc0, 0x36, 0x3b, 0xfe,
    0xb0, 0xc, 0xe0, 0x1f, 0x9c, 0x0,

    /* U+53F7 "号" */
    0x0, 0x3b, 0xff, 0x28, 0x7, 0x3b, 0xfe, 0x20,
    0xf, 0xfe, 0xa0, 0xbb, 0xfe, 0x20, 0xc, 0xce,
    0xff, 0x94, 0x0, 0xce, 0xea, 0x87, 0x7f, 0xc8,
    0xce, 0xe2, 0x87, 0x7f, 0xc8, 0x1, 0x78, 0x7,
    0xff, 0x0, 0xf9, 0xdf, 0xea, 0x0, 0xc7, 0x2e,
    0xff, 0x60, 0x7, 0xff, 0x1, 0x14, 0x3, 0xff,
    0x80, 0x66, 0x0, 0xfc, 0x8e, 0xce, 0x40, 0x1f,
    0xc8, 0xec, 0xea, 0x1, 0x0,

    /* U+5668 "器" */
    0x0, 0x33, 0xbc, 0xc0, 0x7, 0x7c, 0xc0, 0x18,
    0x5d, 0xe1, 0x0, 0x9d, 0xe1, 0x0, 0xff, 0xec,
    0xb, 0xbc, 0x48, 0x0, 0x77, 0x84, 0x3, 0x33,
    0xbc, 0xc2, 0xe, 0x20, 0xcc, 0x0, 0x9d, 0xf4,
    0xe1, 0x3d, 0xf, 0xdb, 0xb8, 0x0, 0xef, 0x2f,
    0x7b, 0xba, 0xc2, 0x69, 0xdc, 0x1, 0x99, 0x1c,
    0x2, 0x17, 0x73, 0x0, 0x66, 0xff, 0xb, 0xb8,
    0x1, 0xe, 0x3d, 0xc7, 0x10, 0x78, 0x97, 0x70,
    0x5, 0xee, 0xe8, 0x97, 0x10, 0x10, 0xf, 0xfe,
    0xa5, 0xbb, 0xd6, 0x0, 0xb7, 0x7a, 0xc0, 0x0,

    /* U+56DE "回" */
    0x47, 0x7f, 0xfe, 0x2, 0x1b, 0xbf, 0xff, 0x0,
    0xc0, 0x3f, 0xfa, 0x94, 0xef, 0xa8, 0x3, 0xf6,
    0xbb, 0xed, 0x0, 0xff, 0xf3, 0xbb, 0xe0, 0xf,
    0xe7, 0x7f, 0x0, 0x7f, 0xf1, 0xb9, 0xdf, 0xff,
    0x81, 0xbc, 0xef, 0xff, 0xc0, 0xd0,

    /* U+5728 "在" */
    0x0, 0xf0, 0x80, 0x7f, 0xf0, 0xa4, 0x3, 0xff,
    0x82, 0x3e, 0x1, 0xfc, 0xef, 0xbf, 0x9d, 0xfe,
    0x60, 0x77, 0xcd, 0x2e, 0xff, 0x30, 0x6, 0x79,
    0x0, 0x8c, 0xc0, 0x1f, 0x10, 0x88, 0x3, 0xff,
    0x81, 0xac, 0x1, 0xff, 0xc0, 0x97, 0x1, 0x77,
    0xa6, 0x1d, 0xe2, 0x9, 0x8f, 0x1, 0x77, 0xa6,
    0x1d, 0xe2, 0x9, 0x10, 0xf, 0xff, 0x94, 0xdd,
    0xdd, 0xcb, 0xba, 0x80,

    /* U+5904 "处" */
    0x0, 0xff, 0xe4, 0x38, 0x7, 0x40, 0x7, 0xe3,
    0x30, 0x7, 0xff, 0x9, 0x31, 0xdd, 0x20, 0x1f,
    0xf7, 0xc3, 0xbb, 0x80, 0x3f, 0xc2, 0x80, 0x1f,
    0x38, 0x7, 0x9d, 0x0, 0x21, 0x0, 0x99, 0xc0,
    0x38, 0x74, 0x41, 0x50, 0x2, 0x15, 0x60, 0x9,
    0x98, 0xae, 0x4, 0x40, 0xc, 0x4a, 0xa0, 0x3,
    0x8, 0x9, 0x8, 0x7, 0x8d, 0x80, 0x39, 0xb1,
    0x80, 0x3e, 0x30, 0xe, 0x54, 0x40, 0x7, 0xff,
    0x0, 0x8e, 0x89, 0x80, 0x18, 0x1, 0xf1, 0xd3,
    0x83, 0x2c, 0x3b, 0x84, 0x3, 0x9d, 0x60, 0x2,
    0x38, 0x67, 0x47, 0x78, 0x41, 0x98, 0x1, 0xe1,
    0x45, 0x77, 0x84,

    /* U+590D "复" */
    0x0, 0xc2, 0x1, 0xff, 0xc3, 0x60, 0xf, 0xfe,
    0x16, 0x3, 0xbf, 0xf0, 0x6, 0x7e, 0x77, 0xff,
    0x0, 0x50, 0xae, 0xff, 0xe0, 0xd, 0x24, 0x47,
    0x7f, 0xc0, 0x1c, 0x20, 0x7, 0x7f, 0xdc, 0x1,
    0xf3, 0xbf, 0xee, 0x0, 0xf1, 0x3d, 0xbb, 0xf8,
    0x3, 0xe5, 0x4f, 0x77, 0xf8, 0x3, 0xc7, 0x86,
    0xef, 0xd8, 0xa0, 0x1c, 0x8b, 0x42, 0xef, 0x86,
    0x54, 0x3, 0x10, 0x32, 0xa4, 0x22, 0x21, 0x14,
    0x3, 0x89, 0x0, 0xd, 0xf1, 0xfe, 0x10, 0xe,
    0x27, 0x7f, 0x65, 0xb8, 0x3b, 0xe0, 0x27, 0x7c,
    0x60, 0x18, 0xdd, 0xf0, 0x0,

    /* U+59CB "始" */
    0x0, 0x84, 0x3, 0xc4, 0x1, 0xf9, 0x80, 0x3d,
    0x40, 0x1f, 0xfc, 0x26, 0x90, 0xf, 0x88, 0xc0,
    0x30, 0x8c, 0xc, 0x1, 0xb, 0xfe, 0xbd, 0x88,
    0x4b, 0x80, 0x11, 0x40, 0x2, 0xf5, 0x2f, 0xa2,
    0xb6, 0x1, 0x11, 0x88, 0x7, 0x85, 0x21, 0x1d,
    0xf0, 0xd8, 0x0, 0x44, 0x1, 0x26, 0xbb, 0xfb,
    0xc0, 0x8, 0xe0, 0x1, 0x0, 0xfc, 0xa0, 0xd,
    0x30, 0x45, 0x7, 0x7f, 0x49, 0x80, 0x21, 0xdd,
    0x86, 0x0, 0x77, 0xed, 0x0, 0xca, 0x4c, 0x1,
    0xff, 0xc2, 0xdf, 0x91, 0x0, 0xff, 0xa2, 0x46,
    0x48, 0x3, 0xfd, 0x34, 0x20, 0x3, 0xe7, 0x7e,
    0xf0, 0xa, 0x48, 0x3, 0x4b, 0xbf, 0x59, 0x80,

    /* U+5B89 "安" */
    0x0, 0xf1, 0x80, 0x7f, 0xf0, 0x54, 0x40, 0x3c,
    0x2e, 0xfd, 0xd8, 0xef, 0xc4, 0x66, 0x77, 0xd1,
    0xae, 0xf9, 0x5c, 0x3, 0x85, 0x40, 0x3e, 0x36,
    0x0, 0x9d, 0x40, 0x38, 0x9c, 0x48, 0x0, 0x26,
    0x1, 0xf1, 0x23, 0xbd, 0xe4, 0xef, 0xb5, 0xdc,
    0xc8, 0xee, 0x3d, 0x77, 0xc5, 0xee, 0xe6, 0x0,
    0x9, 0x98, 0x3, 0x69, 0x0, 0x71, 0x7b, 0x98,
    0x1, 0xe4, 0x3, 0xc7, 0xe, 0xe8, 0xe3, 0x10,
    0xf, 0xe6, 0xa, 0xc8, 0x20, 0xf, 0x13, 0xa4,
    0x24, 0x4a, 0xc8, 0x80, 0x1d, 0xf3, 0x0, 0x42,
    0xf1, 0x22, 0xe, 0xe5, 0x0, 0xf8, 0x60, 0x40,

    /* U+5B9A "定" */
    0x0, 0xf8, 0xc0, 0x3f, 0xf8, 0x6a, 0x40, 0x1f,
    0x8d, 0xdf, 0xba, 0x1d, 0xf8, 0xc0, 0x8, 0xef,
    0xd1, 0x4e, 0xfc, 0x80, 0x1f, 0xfc, 0x64, 0x6,
    0x77, 0xa6, 0x4e, 0xf8, 0x10, 0x0, 0x60, 0xce,
    0xf6, 0xd3, 0xbe, 0x3, 0x0, 0xff, 0xe4, 0x12,
    0x80, 0x7f, 0xf0, 0x9d, 0xc0, 0x14, 0x3b, 0xe2,
    0x0, 0xee, 0x0, 0xd0, 0xef, 0x88, 0x3, 0x8d,
    0x40, 0x3f, 0xf8, 0x2b, 0x46, 0x80, 0x1f, 0xfc,
    0xd, 0x24, 0x17, 0x10, 0xf, 0xe9, 0x90, 0x1,
    0x5b, 0x69, 0xdf, 0xc0, 0x8, 0x10, 0x8, 0x62,
    0x5d, 0xfc, 0x0,

    /* U+5BBD "宽" */
    0x0, 0xf8, 0x80, 0x3f, 0xf8, 0x6c, 0x80, 0x1f,
    0x9d, 0xfc, 0x7e, 0xef, 0xe0, 0x9, 0xde, 0x47,
    0x75, 0xba, 0x3b, 0xc0, 0x11, 0x0, 0x56, 0x1,
    0x90, 0x2, 0x20, 0x2, 0x93, 0xbf, 0xd0, 0xee,
    0x25, 0x0, 0x89, 0xdd, 0xe, 0xfa, 0x5d, 0xc4,
    0x1, 0xc6, 0xe0, 0xef, 0x85, 0xcc, 0x3, 0xc8,
    0xef, 0x2b, 0xbe, 0x40, 0xf, 0xf2, 0x80, 0x7f,
    0xf4, 0xfd, 0x84, 0x3, 0x8, 0x6, 0x40, 0x3,
    0xd0, 0x6, 0x40, 0x53, 0x0, 0x8c, 0xd0, 0xa4,
    0x1, 0x8c, 0x4, 0x80, 0x99, 0xdd, 0x4, 0xb,
    0x2e, 0xfb, 0x4, 0x19, 0x8e, 0x80, 0x11, 0xc3,
    0xbe, 0x90,

    /* U+5BFC "导" */
    0x8, 0x77, 0xff, 0x0, 0x6f, 0x77, 0xfe, 0x0,
    0xff, 0xe4, 0x6b, 0xbf, 0xf6, 0x80, 0x6d, 0x77,
    0xfe, 0xa0, 0x40, 0xf, 0xfe, 0xa, 0x90, 0x1,
    0x9d, 0xff, 0xc4, 0xc0, 0x1, 0x77, 0xfc, 0xe,
    0xe0, 0x2, 0xbb, 0xff, 0x43, 0xbc, 0x2a, 0xee,
    0x37, 0x7f, 0x43, 0xbc, 0x20, 0x10, 0x98, 0x7,
    0xff, 0x5, 0x50, 0x40, 0x3f, 0xf8, 0x2e, 0xa0,
    0x1f, 0xfc, 0x24, 0x6, 0x68, 0x80, 0x3f, 0xe6,
    0x69, 0x40, 0x30,

    /* U+5C31 "就" */
    0x0, 0xc2, 0x1, 0xc2, 0x1, 0xfd, 0x20, 0x1c,
    0xc0, 0x20, 0x1f, 0x69, 0x0, 0x78, 0x94, 0x2,
    0x77, 0xb6, 0x9d, 0xc2, 0x1, 0x19, 0xc0, 0x7,
    0x7a, 0x20, 0xee, 0x10, 0xf0, 0x3, 0x10, 0x5,
    0x4e, 0xfc, 0xac, 0xdc, 0x80, 0x16, 0xbb, 0xe0,
    0x56, 0x96, 0x69, 0x40, 0x3f, 0xf8, 0xc, 0x1,
    0xf3, 0xeb, 0xb9, 0x0, 0x21, 0x0, 0xf3, 0xba,
    0x9d, 0x4c, 0x8, 0xc0, 0x3e, 0x70, 0x9, 0x40,
    0x8, 0xa0, 0x1f, 0xf2, 0x20, 0x4, 0x40, 0x1e,
    0x54, 0x0, 0x8c, 0x48, 0x80, 0x1c, 0x80, 0x3,
    0x0, 0xcb, 0x4a, 0x1, 0xc4, 0xa, 0xd, 0xc0,
    0x6, 0xa0, 0x1, 0x3b, 0x42, 0x80, 0x4d, 0x20,
    0x7, 0x20, 0x2, 0xbb, 0x41, 0x80,

    /* U+5DF2 "已" */
    0x37, 0x7f, 0xf5, 0x80, 0xd, 0xdf, 0xfd, 0x80,
    0x12, 0x80, 0x7f, 0xf0, 0x48, 0x3, 0xff, 0x9f,
    0xce, 0xff, 0xd4, 0x1, 0x73, 0xbf, 0xf4, 0x80,
    0x7f, 0xf0, 0x50, 0x3, 0xff, 0xa2, 0xe0, 0x1f,
    0xfc, 0x1f, 0x1, 0x10, 0x7, 0xfb, 0xc1, 0xe5,
    0xdf, 0xfa, 0x18,

    /* U+5E94 "应" */
    0x0, 0xff, 0xe6, 0x38, 0x7, 0xff, 0xc, 0x80,
    0x3f, 0xb1, 0xdf, 0x89, 0xdf, 0x98, 0x2, 0xb7,
    0x7f, 0xf9, 0x80, 0x3f, 0x94, 0x3, 0x28, 0x7,
    0x98, 0x2, 0x20, 0xc, 0x40, 0x1e, 0x54, 0x0,
    0x11, 0x0, 0x4, 0x40, 0xf, 0x1e, 0x0, 0x11,
    0x0, 0x4, 0x50, 0xf, 0xbc, 0x0, 0x22, 0x0,
    0x8, 0x7, 0x8, 0x0, 0xcc, 0x1, 0x91, 0x40,
    0x31, 0x18, 0x1, 0x18, 0x0, 0xe0, 0x64, 0x1,
    0x9d, 0x0, 0x25, 0x0, 0x8c, 0xc0, 0x1c, 0x42,
    0x1, 0xf2, 0x20, 0x3, 0xe5, 0x77, 0xf7, 0x3b,
    0xe1, 0x13, 0x2, 0xbb, 0xfa, 0x5d, 0xf0, 0x80,

    /* U+5EA6 "度" */
    0x0, 0xfc, 0x20, 0x1f, 0xfc, 0x39, 0x0, 0xfe,
    0x77, 0xf1, 0xc3, 0xbf, 0x0, 0x67, 0x78, 0xde,
    0xe1, 0xcd, 0xde, 0x0, 0xf8, 0xc0, 0x31, 0x80,
    0x7c, 0xae, 0xe8, 0x77, 0xd2, 0xee, 0x60, 0xc,
    0xae, 0xe8, 0x77, 0xd2, 0xee, 0x60, 0xf, 0xfe,
    0x58, 0xbb, 0xe0, 0xf, 0xf9, 0x9d, 0xf8, 0x3,
    0xe3, 0x7a, 0x87, 0x7e, 0xd3, 0x0, 0x84, 0x8d,
    0xe8, 0x1d, 0xf1, 0xc1, 0x80, 0x4a, 0xe0, 0x14,
    0x40, 0xc1, 0xc1, 0x40, 0x31, 0x90, 0x6, 0xb8,
    0xe3, 0x40, 0xf, 0x95, 0xd9, 0x81, 0x7c, 0xec,
    0xd2, 0x0, 0x1c, 0x11, 0xd9, 0x86, 0x0, 0x36,
    0x69, 0xc0,

    /* U+5EB7 "康" */
    0x0, 0xf8, 0x44, 0x1, 0xff, 0xc2, 0x19, 0x0,
    0xfe, 0xa7, 0x7e, 0x58, 0x77, 0xe0, 0xb, 0x5d,
    0xfa, 0xa1, 0xdf, 0x80, 0x39, 0xdf, 0x4b, 0xbe,
    0x30, 0xf, 0x3b, 0xe9, 0x77, 0xc8, 0x1, 0xce,
    0xfd, 0xe, 0xfa, 0x1c, 0x40, 0x27, 0x7e, 0x87,
    0x7d, 0xe, 0x20, 0x1f, 0xfc, 0x51, 0x1a, 0x1d,
    0xe8, 0x77, 0xc8, 0x1, 0x19, 0xf, 0xa3, 0xb9,
    0x85, 0xdc, 0x88, 0x0, 0x99, 0x80, 0xec, 0x84,
    0x45, 0x66, 0x3b, 0x80, 0x23, 0x20, 0x8, 0x9b,
    0xd, 0x1, 0x80, 0x3c, 0xec, 0x8c, 0x80, 0x2,
    0x66, 0x3a, 0x89, 0x18, 0x3b, 0x3, 0xbb, 0xc0,
    0x24, 0x74, 0x12, 0x40, 0x8, 0x5d, 0xd0, 0x1,
    0xc2, 0x0,

    /* U+5F00 "开" */
    0x0, 0x11, 0x7f, 0xf0, 0x0, 0x4, 0xef, 0x7b,
    0xbe, 0xf7, 0x78, 0x40, 0x95, 0x6a, 0x55, 0xd4,
    0xab, 0x8, 0x7, 0xff, 0x89, 0xde, 0x89, 0x77,
    0xd0, 0xef, 0x30, 0x3b, 0xd3, 0x6e, 0xfa, 0x1d,
    0xe6, 0x0, 0xc4, 0xc0, 0x1f, 0xfc, 0x14, 0x30,
    0xf, 0xfe, 0xf, 0x80, 0x7f, 0xf0, 0x5e, 0x40,
    0x3f, 0xf8, 0xc, 0x62, 0x1, 0xff, 0x3a, 0xa0,
    0x7, 0xff, 0x1, 0xcc, 0x3, 0xe7, 0x0, 0xc0,

    /* U+5F15 "引" */
    0x0, 0xff, 0xe0, 0x11, 0x1d, 0xfc, 0x80, 0x19,
    0x49, 0xdf, 0xc6, 0x1, 0xff, 0xd4, 0x87, 0x7e,
    0x20, 0xf, 0x7b, 0xbf, 0x28, 0x7, 0xff, 0x18,
    0xf5, 0xdf, 0x94, 0x3, 0x8e, 0x9d, 0xf8, 0x80,
    0x3f, 0xe1, 0x20, 0xf, 0xf8, 0x84, 0x3, 0xfe,
    0x65, 0x0, 0xff, 0x88, 0x40, 0x3e, 0x17, 0x78,
    0x40, 0x3f, 0xb, 0xbc, 0xc0, 0x1c, 0xe0,

    /* U+5F26 "弦" */
    0x0, 0xfe, 0x10, 0xf, 0x9d, 0xf0, 0x80, 0x46,
    0xc0, 0x1e, 0x77, 0x91, 0x40, 0x22, 0x10, 0xf,
    0xf9, 0xde, 0x8e, 0x87, 0x78, 0x40, 0x3c, 0xef,
    0x7c, 0x41, 0xde, 0x10, 0xa7, 0x72, 0x30, 0x0,
    0x46, 0x1, 0x10, 0x5, 0xae, 0xf1, 0x0, 0x25,
    0x80, 0x10, 0x20, 0x1f, 0xcb, 0x60, 0x6, 0xa0,
    0xd, 0x6e, 0xe8, 0x15, 0x84, 0x7a, 0xe3, 0x0,
    0xd8, 0xee, 0xc2, 0x5d, 0x76, 0x28, 0x0, 0xfe,
    0x10, 0xa, 0x60, 0x18, 0x3, 0xe2, 0x30, 0x4,
    0x48, 0x1, 0x50, 0x3, 0xc2, 0x20, 0x7a, 0x10,
    0x1, 0xe8, 0x80, 0x7d, 0x98, 0x57, 0x7d, 0xf2,
    0x0, 0x37, 0x70, 0x87, 0x5b, 0xbf, 0x36, 0x0,
    0xd, 0xdc, 0xc0, 0x40, 0x1f, 0x20, 0x0,

    /* U+5F3A "强" */
    0x7, 0x7c, 0xa0, 0x8e, 0xfc, 0xc0, 0x13, 0xbe,
    0x20, 0x37, 0x7e, 0x10, 0xf, 0xfe, 0x72, 0x27,
    0x70, 0x4, 0xef, 0x80, 0xa, 0xee, 0xe7, 0x75,
    0x0, 0x67, 0x7c, 0x4, 0x66, 0xd3, 0x38, 0x3,
    0xfa, 0xdd, 0xd0, 0xee, 0x84, 0x0, 0xfd, 0x8e,
    0xe8, 0x77, 0x50, 0x5, 0xee, 0xf4, 0x0, 0x7f,
    0xd0, 0xef, 0x70, 0x63, 0xba, 0x1d, 0xd4, 0x1,
    0xe2, 0x30, 0xb7, 0x74, 0x3b, 0x42, 0x0, 0x73,
    0x30, 0x3, 0xe8, 0x0, 0xf1, 0x10, 0x3, 0x71,
    0x28, 0x40, 0x4, 0xee, 0xe1, 0x67, 0x7b, 0x99,
    0xe7, 0xc4, 0x0, 0xee, 0x80, 0x67, 0x7c, 0x86,
    0x2e, 0x20,

    /* U+5F53 "当" */
    0x0, 0xf1, 0x0, 0x7c, 0x60, 0x19, 0x40, 0x39,
    0x1, 0x48, 0x3, 0xf3, 0x30, 0x1a, 0x80, 0x3e,
    0x11, 0x10, 0x2, 0xd4, 0x3, 0xd2, 0xe0, 0x11,
    0xb8, 0x7, 0xac, 0x2, 0x77, 0x2b, 0xba, 0x9d,
    0xe4, 0x73, 0x7, 0x7e, 0xd7, 0x7e, 0x40, 0xf,
    0xfe, 0x79, 0xbb, 0xff, 0xb8, 0xd, 0xdf, 0xfd,
    0xc0, 0x1f, 0xfc, 0xe1, 0x77, 0xff, 0xb8,

    /* U+5F62 "形" */
    0x1, 0x1f, 0xc0, 0x19, 0x44, 0x0, 0x88, 0xc4,
    0x4b, 0x10, 0x2, 0x61, 0x10, 0x1, 0x55, 0x4a,
    0xb5, 0x28, 0xc, 0x22, 0x0, 0x3f, 0xe3, 0x78,
    0x20, 0xf, 0xfe, 0x1, 0xb0, 0x4, 0x80, 0x1f,
    0xfc, 0x26, 0x70, 0x17, 0x74, 0xbb, 0xd0, 0xe4,
    0x3, 0x8, 0x60, 0x2e, 0xe9, 0x77, 0xa1, 0xc9,
    0x5a, 0x8, 0x3, 0xfe, 0x27, 0x70, 0x4, 0x20,
    0x2, 0x20, 0x7, 0x11, 0x0, 0x27, 0x0, 0x91,
    0xc0, 0x3f, 0x99, 0x4, 0x1, 0xc4, 0x1, 0xf9,
    0xd0, 0xc0, 0x7, 0xa0, 0x1f, 0x24, 0x31, 0x0,
    0x56, 0xa0, 0x1c, 0x30, 0x10, 0x20, 0x1a, 0x0,
    0x39, 0xc6, 0x10, 0x3, 0x80,

    /* U+5F85 "待" */
    0x0, 0xc2, 0x1, 0xc2, 0x1, 0xf8, 0x9c, 0x3,
    0x98, 0x3, 0xe2, 0x56, 0x0, 0xff, 0xe0, 0x1a,
    0xb8, 0x1, 0x5d, 0xe9, 0x77, 0x88, 0x0, 0xee,
    0x5, 0x5, 0x77, 0xa5, 0xde, 0x20, 0x2, 0x1,
    0x80, 0x7f, 0xf0, 0x87, 0x55, 0x4e, 0xfb, 0x5e,
    0xdd, 0xc2, 0x0, 0x86, 0x5, 0x77, 0xd4, 0xf8,
    0xee, 0x11, 0x4c, 0x78, 0x7, 0xff, 0x0, 0x60,
    0x40, 0x8, 0xef, 0xe8, 0x77, 0x8, 0x8, 0x4,
    0x8e, 0x4e, 0xfa, 0x1d, 0xc2, 0x1, 0xf3, 0x30,
    0x3, 0xff, 0x84, 0x60, 0x40, 0x1f, 0xfc, 0x26,
    0x20, 0xf, 0xfe, 0x18, 0xbb, 0x80, 0x3e, 0x70,
    0xe, 0x17, 0x78, 0x2,

    /* U+6210 "成" */
    0x0, 0xfe, 0x30, 0xf, 0xfe, 0x1a, 0x3, 0x28,
    0x7, 0xff, 0x9, 0x9e, 0x0, 0x33, 0x3b, 0xfa,
    0x5d, 0xcb, 0xee, 0x1, 0xb, 0xbf, 0xa5, 0xdf,
    0x80, 0x3f, 0xf8, 0xfa, 0xef, 0x48, 0x0, 0x40,
    0x28, 0x0, 0xda, 0xef, 0x78, 0x0, 0xc8, 0xb,
    0x40, 0x3f, 0xe7, 0x70, 0x2a, 0x80, 0x3f, 0x8,
    0x0, 0x88, 0x64, 0x1, 0xff, 0xc1, 0xfb, 0x50,
    0xe, 0xf0, 0xf, 0x9a, 0xc0, 0x4, 0x0, 0x2c,
    0x16, 0x60, 0x80, 0x23, 0x10, 0x0, 0x80, 0x5,
    0x41, 0x66, 0x86, 0x28, 0x84, 0xc0, 0x40, 0x44,
    0x1, 0x8d, 0xa0, 0x81, 0x92, 0x0, 0x2, 0xc0,
    0x18, 0xdc, 0x3, 0x3c, 0x38, 0x0,

    /* U+6240 "所" */
    0x0, 0xff, 0xe1, 0x8, 0x7, 0x1b, 0xc1, 0x80,
    0x5, 0x5d, 0xc4, 0x0, 0x3a, 0x77, 0xa0, 0xdd,
    0xc8, 0x87, 0x71, 0x80, 0x52, 0xe8, 0x1, 0xb,
    0x28, 0x80, 0x7a, 0x5d, 0xe5, 0x0, 0xff, 0xa5,
    0xde, 0x20, 0xf, 0xfe, 0x2f, 0x4b, 0xbb, 0x1d,
    0xc2, 0x1, 0xfb, 0xa1, 0xdd, 0x6e, 0xe1, 0x7,
    0x97, 0x7b, 0xc0, 0x40, 0x3f, 0xa1, 0xde, 0x80,
    0xf, 0xf0, 0x98, 0x7, 0xff, 0x8, 0x84, 0x3,
    0xff, 0x90, 0x22, 0x0, 0xff, 0xe1, 0x3b, 0x80,
    0x3e, 0x24, 0x0, 0xf0, 0x80, 0x7c, 0x46, 0x1,
    0xcc, 0x1, 0x9c, 0x2,

    /* U+6279 "批" */
    0x0, 0x88, 0x3, 0xff, 0x86, 0xa0, 0x3, 0x30,
    0x4, 0xe0, 0x1f, 0xfd, 0x81, 0x77, 0x43, 0xb0,
    0x7, 0xf8, 0x5d, 0xd0, 0xec, 0x1, 0xe1, 0x72,
    0x0, 0xfd, 0xe, 0xe1, 0xa7, 0x71, 0x0, 0x7e,
    0x87, 0x70, 0xab, 0x0, 0x7b, 0x1d, 0x80, 0x3b,
    0xc0, 0x30, 0xc4, 0x1, 0xd8, 0x3, 0xfc, 0x31,
    0xc, 0x0, 0xff, 0xef, 0x10, 0x7, 0xe6, 0x68,
    0x3, 0x28, 0x1, 0x58, 0x2, 0x9d, 0x66, 0x7,
    0x3b, 0xbc, 0x0, 0xac, 0xe0, 0xa, 0x80, 0xa,
    0x5d, 0xd0, 0x0,

    /* U+62DF "拟" */
    0x0, 0x88, 0x3, 0xff, 0x86, 0xa0, 0x4, 0x0,
    0xf3, 0x0, 0x7e, 0x30, 0x50, 0xc, 0x20, 0x1f,
    0xf1, 0x80, 0x4, 0x40, 0x1, 0x77, 0x43, 0x90,
    0x1, 0x6c, 0x0, 0x66, 0x0, 0xb, 0xba, 0x1c,
    0x80, 0x2d, 0x20, 0x66, 0x0, 0x7f, 0xca, 0xa0,
    0x22, 0x0, 0x7f, 0xf0, 0x18, 0x4, 0x40, 0x18,
    0x66, 0x8, 0x3, 0x8, 0x68, 0x4, 0x70, 0xed,
    0x4, 0x1, 0x84, 0x18, 0xc0, 0x7, 0xd, 0xe0,
    0x18, 0xe0, 0x57, 0xac, 0x3, 0xf7, 0xbb, 0x40,
    0x69, 0x69, 0x80, 0x78, 0x5d, 0x94, 0x1a, 0x81,
    0x6c, 0x3, 0xc3, 0xe2, 0xa, 0x4, 0x0, 0xf1,
    0x5, 0x61, 0x0, 0xc8, 0x6c, 0x1, 0x30, 0x1,
    0x59, 0x80, 0x19, 0x18, 0x3, 0x8, 0x80,

    /* U+62E9 "择" */
    0x0, 0x88, 0x3, 0xff, 0x86, 0xa0, 0x1f, 0xfc,
    0x65, 0xd8, 0x77, 0xda, 0x20, 0x1f, 0x2e, 0x7b,
    0xbc, 0x70, 0x20, 0x2e, 0xe8, 0x76, 0x1, 0x46,
    0x5, 0x15, 0x0, 0xb, 0xba, 0x1d, 0x80, 0x6,
    0x6f, 0x15, 0x0, 0xff, 0x1b, 0x87, 0x9b, 0x8,
    0x7, 0xc4, 0xe0, 0xea, 0x8e, 0xf8, 0x40, 0x7,
    0x10, 0x17, 0x30, 0x1, 0x80, 0xb3, 0x88, 0xa1,
    0xa2, 0x6, 0x2e, 0xf4, 0x3b, 0xc0, 0x1, 0x85,
    0x0, 0x85, 0xde, 0x87, 0x78, 0x3, 0xf3, 0xbe,
    0x87, 0x7c, 0x20, 0x1e, 0x77, 0xd0, 0xef, 0x84,
    0x3, 0xff, 0x8a, 0x8c, 0x1, 0xff, 0xc2, 0x46,
    0x70, 0xf, 0x38, 0x7, 0x0,

    /* U+63A5 "接" */
    0x0, 0x88, 0x3, 0x84, 0x3, 0xf9, 0x40, 0x39,
    0x84, 0x3, 0xfe, 0x77, 0xbf, 0x1d, 0xe4, 0x0,
    0xf9, 0xd5, 0xe3, 0x5d, 0x1d, 0x0, 0x5d, 0xd0,
    0xe4, 0x2, 0x80, 0x15, 0x80, 0x42, 0xee, 0x87,
    0x20, 0x33, 0x0, 0x1e, 0x40, 0x3f, 0x23, 0xb8,
    0x1e, 0x31, 0x9d, 0xc0, 0x1e, 0x47, 0x78, 0x62,
    0xdd, 0xe0, 0xd, 0x50, 0x20, 0x6, 0x70, 0xf,
    0xc, 0x3a, 0x43, 0xba, 0x20, 0xce, 0xed, 0x77,
    0x8, 0xa1, 0xf8, 0x19, 0xff, 0x9d, 0xe5, 0x77,
    0x8, 0x7, 0x97, 0x50, 0x0, 0xf4, 0x1, 0xfc,
    0xb4, 0xf1, 0xa0, 0x40, 0x1f, 0xf3, 0x84, 0x84,
    0x8, 0x4, 0x8e, 0x40, 0xae, 0xf4, 0x23, 0xc3,
    0x20, 0x1, 0x1d, 0x41, 0x5d, 0xc6, 0x1, 0x9d,
    0x0,

    /* U+653E "放" */
    0x0, 0x84, 0x3, 0xc2, 0x1, 0xf8, 0xd0, 0x3,
    0x1a, 0x80, 0x7e, 0x23, 0x0, 0xca, 0x80, 0x1c,
    0x31, 0xa, 0xf8, 0x88, 0x4, 0x3, 0xc3, 0x54,
    0xa, 0xac, 0x32, 0xef, 0x73, 0x80, 0x8, 0x9a,
    0x45, 0x9d, 0x9d, 0xe9, 0x70, 0xd, 0x4e, 0xe9,
    0xe, 0xe0, 0x7, 0xf5, 0x3b, 0xb9, 0xa9, 0x10,
    0x6, 0x60, 0xc, 0x22, 0x0, 0x98, 0x88, 0x60,
    0x88, 0x0, 0xc6, 0x60, 0xf, 0x84, 0x3, 0xc2,
    0xc0, 0x1e, 0x6c, 0x60, 0xe, 0x43, 0x0, 0xf1,
    0x18, 0x7, 0xbc, 0x3, 0xc5, 0x7d, 0x20, 0x19,
    0x2c, 0x2, 0xf0, 0x3a, 0x80, 0xa8, 0x0, 0x11,
    0x98, 0x9d, 0xdb, 0xd, 0x0, 0x2, 0xa9, 0x13,
    0x70, 0x27, 0x72, 0xc2, 0x80, 0x62, 0x91,

    /* U+6570 "数" */
    0x0, 0xc4, 0x1, 0xff, 0xc0, 0x31, 0x5, 0x0,
    0x28, 0x1, 0xc0, 0x3c, 0x6c, 0x1, 0x3a, 0x0,
    0x4, 0x3, 0xc4, 0x57, 0x11, 0xc, 0xd, 0x40,
    0x3c, 0xe0, 0x8c, 0xa0, 0xe5, 0x8, 0xee, 0xd6,
    0x0, 0x2a, 0x86, 0x8, 0xd4, 0x9d, 0x9d, 0xd4,
    0xc0, 0x13, 0xb0, 0x2a, 0x39, 0xca, 0x0, 0x4,
    0x2, 0x77, 0xa, 0x1, 0x3a, 0x29, 0x82, 0xa0,
    0x4, 0xe0, 0xa4, 0x1, 0x30, 0x4, 0x44, 0x0,
    0x99, 0xe9, 0x9e, 0x58, 0x41, 0x14, 0x40, 0x33,
    0x16, 0xbb, 0xb9, 0x80, 0x5, 0x6e, 0x1, 0xd8,
    0x80, 0x64, 0x1, 0x12, 0x28, 0x7, 0x4b, 0xde,
    0xa8, 0x5, 0x54, 0xc1, 0x0, 0xc2, 0xdd, 0xee,
    0x3, 0x10, 0x8, 0x91, 0x0, 0x3b, 0xca, 0x2e,
    0xad, 0x0, 0x14, 0x48, 0x83, 0xb0, 0x6, 0x57,
    0x0, 0xe8, 0x10,

    /* U+6577 "敷" */
    0x0, 0xc2, 0x2, 0x1, 0x8, 0x7, 0xf3, 0x8b,
    0xb0, 0x1, 0xc4, 0x3, 0x9d, 0xe8, 0x91, 0x13,
    0x0, 0x88, 0x3, 0x9d, 0xe8, 0x97, 0x73, 0x0,
    0x70, 0x80, 0x1d, 0xeb, 0x97, 0xc2, 0x8, 0x66,
    0x46, 0x80, 0x38, 0x0, 0x60, 0x19, 0x19, 0xad,
    0xf0, 0x7, 0x3b, 0xa2, 0x5e, 0x43, 0x38, 0x0,
    0x46, 0x0, 0xe7, 0x75, 0xcb, 0xf0, 0xf1, 0x8,
    0x78, 0x5, 0xce, 0xe8, 0x83, 0xf0, 0xb2, 0x20,
    0x3c, 0x2, 0x52, 0x29, 0x49, 0xcc, 0x4, 0x95,
    0x40, 0x13, 0xbb, 0x88, 0xdd, 0xca, 0x0, 0x1c,
    0x20, 0x9, 0x54, 0x4, 0x24, 0x68, 0x0, 0x32,
    0x0, 0xe3, 0x97, 0x78, 0x40, 0x3, 0xb8, 0x20,
    0x1a, 0xd4, 0x0, 0x22, 0x0, 0x44, 0x1e, 0x40,
    0x27, 0xb0, 0x36, 0x94, 0x9, 0x80, 0x4, 0xc8,
    0x0, 0xe6, 0x6, 0xd0, 0x41, 0x22, 0x0, 0x19,
    0x0,

    /* U+65B9 "方" */
    0x0, 0xff, 0xe5, 0x29, 0x80, 0x7f, 0xf0, 0x56,
    0xc0, 0x3e, 0x13, 0x3f, 0x71, 0x9f, 0x10, 0x1b,
    0xbe, 0x87, 0x27, 0x7e, 0x10, 0x24, 0x49, 0x75,
    0x13, 0xe3, 0x0, 0xe3, 0x30, 0x7, 0xff, 0x5,
    0xf1, 0xdf, 0xa8, 0x3, 0xe2, 0x97, 0x7e, 0xd0,
    0xf, 0xfe, 0x48, 0x88, 0x3, 0xff, 0x82, 0xcc,
    0x0, 0xff, 0xe0, 0x18, 0x80, 0x7f, 0xf0, 0xe,
    0xd8, 0x3, 0xc6, 0x60, 0x9, 0xd6, 0x0, 0x33,
    0x35, 0x68, 0x1, 0x3b, 0x0, 0x73, 0x35, 0x0,
    0x10,

    /* U+65E0 "无" */
    0x0, 0x11, 0x7f, 0xf0, 0x0, 0x33, 0xbf, 0x73,
    0xbf, 0x80, 0x32, 0xaf, 0x5a, 0xaf, 0x80, 0x3f,
    0xfa, 0xe8, 0x9e, 0xc4, 0x4f, 0x80, 0xe, 0xfc,
    0x3, 0xce, 0xfe, 0x0, 0x19, 0xf0, 0x4e, 0x99,
    0xf8, 0x3, 0xe3, 0x30, 0x7, 0xff, 0x4, 0x44,
    0x1, 0xff, 0xc2, 0x96, 0x0, 0xf8, 0x40, 0x39,
    0xac, 0x3, 0xf3, 0x0, 0x67, 0x23, 0x0, 0xff,
    0x92, 0x15, 0x0, 0x21, 0x77, 0xd0, 0x1, 0x3c,
    0x10, 0x6, 0x67, 0x7d, 0xe, 0x0,

    /* U+65F6 "时" */
    0x0, 0xff, 0x84, 0x3, 0xff, 0x84, 0xc0, 0x14,
    0x3b, 0xd4, 0x1, 0xfe, 0xf7, 0x7b, 0x40, 0x3f,
    0xf8, 0x62, 0xef, 0xd0, 0xee, 0x10, 0xe, 0x17,
    0x7e, 0x87, 0x70, 0x80, 0x7c, 0x80, 0x1f, 0x73,
    0xbd, 0x40, 0x2, 0x10, 0xf, 0x73, 0xbd, 0x40,
    0x6, 0x90, 0xf, 0xfe, 0x15, 0xa8, 0x7, 0xff,
    0x4, 0xd8, 0x3, 0xb9, 0xde, 0xc0, 0xc, 0x60,
    0x1d, 0xce, 0xf5, 0x80, 0x7f, 0x94, 0x3, 0xff,
    0x84, 0x40, 0x1f, 0x33, 0xbb, 0xc0, 0x20,

    /* U+6682 "暂" */
    0x0, 0xc2, 0x1, 0xff, 0xc2, 0x42, 0x0, 0xc4,
    0x6a, 0xee, 0x10, 0x3, 0xba, 0xd1, 0xde, 0x18,
    0x4, 0x77, 0x8, 0x1, 0xc3, 0x99, 0x1d, 0xc3,
    0xa6, 0x20, 0x1c, 0xf6, 0xd1, 0xce, 0xe1, 0xa7,
    0x75, 0x3b, 0x80, 0xd, 0x8f, 0x70, 0xee, 0x1a,
    0x77, 0x6b, 0xb8, 0x0, 0x20, 0x2f, 0xec, 0xe8,
    0x40, 0x1f, 0x3b, 0xc6, 0x4c, 0xe4, 0x80, 0x1f,
    0x3b, 0x99, 0x34, 0x2, 0x10, 0xf, 0xe8, 0x52,
    0x77, 0xb, 0xbd, 0xe0, 0x1e, 0xf7, 0x7f, 0xdc,
    0x1, 0xeb, 0x77, 0xfd, 0x40, 0x1e, 0xb7, 0x7f,
    0xd4, 0x1, 0xff, 0xca, 0xa7, 0x7f, 0xd4, 0x1,
    0xed, 0x77, 0xfd, 0x80, 0x10,

    /* U+672A "未" */
    0x0, 0xf8, 0x80, 0x3f, 0xf8, 0x6a, 0x1, 0xff,
    0xce, 0x77, 0xe8, 0x77, 0xe5, 0x0, 0xce, 0xfd,
    0xe, 0xfc, 0xa0, 0x1f, 0xfd, 0x77, 0x7f, 0x45,
    0x3b, 0xf2, 0x80, 0x1d, 0xf8, 0x97, 0x59, 0xdf,
    0x28, 0x7, 0x8c, 0xda, 0xf2, 0x1, 0xfe, 0x25,
    0x60, 0x4, 0xc0, 0x7, 0xe3, 0x46, 0x0, 0x86,
    0x60, 0x40, 0x39, 0x9d, 0x80, 0x38, 0x61, 0x94,
    0x0, 0x50, 0xe8, 0x1, 0xf9, 0xda, 0x0, 0xa0,
    0x40, 0x3f, 0xc7, 0x0,

    /* U+677E "松" */
    0x0, 0x88, 0x3, 0xff, 0x84, 0xa0, 0x18, 0x8c,
    0x8, 0xc0, 0x3f, 0xca, 0x40, 0x48, 0x1, 0xfe,
    0xf1, 0x0, 0xf3, 0xba, 0x1d, 0xc2, 0x5c, 0x1,
    0x33, 0x0, 0xe, 0xe0, 0x67, 0x1a, 0x60, 0x8,
    0x7c, 0x40, 0x2, 0x4c, 0x7, 0xc0, 0x2c, 0x0,
    0x89, 0x0, 0x3a, 0xa2, 0xbb, 0x3, 0xb8, 0x0,
    0x36, 0x0, 0x1f, 0x30, 0x40, 0x7, 0x8, 0x4,
    0x60, 0x88, 0x0, 0x28, 0x0, 0x78, 0x3, 0xd8,
    0x60, 0x1c, 0xcc, 0x0, 0x30, 0x0, 0xac, 0x3,
    0xfc, 0x46, 0x4, 0x60, 0x1c, 0xca, 0x1, 0x25,
    0x0, 0x7c, 0x36, 0xae, 0xf8, 0xc, 0x3, 0xee,
    0x77, 0xe9, 0x0,

    /* U+67E5 "查" */
    0x0, 0xfc, 0x20, 0x1f, 0xfc, 0x21, 0x70, 0xf,
    0xfe, 0x63, 0xbf, 0x47, 0xcd, 0xbb, 0xf0, 0x1,
    0xdf, 0x30, 0x7c, 0xf2, 0x3b, 0xe0, 0xe, 0x36,
    0x80, 0x2, 0xb2, 0x80, 0x7c, 0xec, 0xe0, 0x19,
    0x5e, 0x8, 0x2, 0x67, 0x65, 0x0, 0xb, 0x80,
    0xa, 0x12, 0x0, 0xc, 0xe3, 0x6e, 0xf3, 0x3b,
    0xe6, 0x80, 0xe, 0xc7, 0x7f, 0x80, 0x3f, 0x63,
    0xbf, 0xc0, 0x1f, 0xb1, 0xdf, 0xe0, 0xf, 0xda,
    0xef, 0xf0, 0x80, 0x7d, 0x4e, 0xff, 0x30, 0x6,
    0x37, 0x7f, 0xfe, 0x3, 0x0,

    /* U+6A21 "模" */
    0x0, 0x88, 0x3, 0x10, 0x4, 0x20, 0x1e, 0x50,
    0xc, 0xa0, 0x1, 0x40, 0xf, 0xc6, 0xee, 0x87,
    0x74, 0x41, 0xdc, 0x0, 0x11, 0x70, 0x9b, 0xba,
    0x1d, 0xd1, 0x7, 0x70, 0x1, 0x10, 0xc8, 0x48,
    0xfc, 0xee, 0x6d, 0x70, 0x9, 0x5c, 0x14, 0x8d,
    0xe5, 0xde, 0x82, 0x10, 0x9, 0x19, 0x81, 0xee,
    0xfe, 0xf0, 0xc, 0x3c, 0x22, 0xf7, 0x7f, 0x78,
    0x4, 0x22, 0x6, 0x50, 0x44, 0xf6, 0x80, 0x4e,
    0xe0, 0x14, 0x67, 0x71, 0x1b, 0xba, 0xc4, 0x1,
    0xc2, 0x1, 0x9, 0x98, 0x18, 0xce, 0x0, 0xd,
    0x0, 0x4a, 0xef, 0x4f, 0xbb, 0xe0, 0x12, 0x0,
    0x95, 0xdc, 0x77, 0xa4, 0xef, 0x0, 0x7e, 0x52,
    0x43, 0x16, 0x0, 0xfc, 0xce, 0xe6, 0x0, 0x23,
    0xbc, 0x1, 0x9c, 0x19, 0xc8, 0x3, 0xb, 0xb8,
    0x0,

    /* U+6B62 "止" */
    0x0, 0xfc, 0x20, 0x1f, 0xfc, 0x36, 0x0, 0xff,
    0xef, 0x18, 0x7, 0xff, 0xd, 0x0, 0x3f, 0xf9,
    0x1c, 0xef, 0xc6, 0x1, 0xfd, 0xce, 0xfc, 0x60,
    0x1f, 0xff, 0xf0, 0xf, 0x8c, 0xda, 0x67, 0xb4,
    0xcf, 0xc0, 0x7, 0x77, 0x3b, 0xee, 0x77, 0xf0,
    0x0,

    /* U+6B63 "正" */
    0x3, 0x77, 0xf7, 0x3b, 0xf1, 0x80, 0xd, 0xdf,
    0xd2, 0xef, 0xc6, 0x1, 0xff, 0xd8, 0x70, 0xf,
    0xfe, 0x45, 0xbb, 0xf0, 0x7, 0xfa, 0xdd, 0xf8,
    0x3, 0xff, 0xee, 0x66, 0xc3, 0x3d, 0x86, 0x7e,
    0x0, 0xd0, 0x1, 0xa0, 0x3, 0xe0,

    /* U+6CBB "治" */
    0x0, 0xfe, 0x20, 0xf, 0x9d, 0x40, 0x30, 0xa8,
    0x7, 0xce, 0xd0, 0x1, 0x4b, 0x80, 0x7e, 0x38,
    0x0, 0x26, 0x0, 0x1c, 0x3, 0xf8, 0x4d, 0x0,
    0xd, 0x0, 0x13, 0x0, 0x69, 0x70, 0x8, 0x69,
    0xc0, 0xf, 0xa, 0x15, 0xec, 0xef, 0x97, 0x10,
    0x6, 0x1c, 0x39, 0x5d, 0xfd, 0x62, 0x1, 0x10,
    0x21, 0x8, 0x7, 0x94, 0x3, 0x18, 0x5b, 0xbf,
    0xa8, 0x3, 0x20, 0x3, 0x1d, 0xfd, 0xa0, 0x1b,
    0xc, 0x3, 0xff, 0x80, 0xd2, 0x1, 0xff, 0xc0,
    0x20, 0x10, 0xf, 0xfe, 0x3, 0xb0, 0x5, 0x6e,
    0xfe, 0xa0, 0x2, 0x80, 0x6c, 0x77, 0xf6, 0x80,

    /* U+6CE2 "波" */
    0x0, 0xff, 0x10, 0x7, 0x86, 0x8, 0x3, 0xca,
    0x1, 0xe1, 0x85, 0x40, 0xf, 0xfe, 0x13, 0xa1,
    0x53, 0xbd, 0x2e, 0xf5, 0x88, 0x7, 0xc, 0xbb,
    0xd2, 0xef, 0x18, 0x83, 0x88, 0x7, 0xf8, 0xb4,
    0x0, 0xec, 0xa0, 0x1f, 0xe5, 0x0, 0x9d, 0x0,
    0x13, 0x6e, 0xee, 0x77, 0x70, 0x7, 0x8, 0x3c,
    0x6b, 0x3c, 0xbb, 0xac, 0x3, 0x88, 0x44, 0x6c,
    0xc0, 0x9, 0xd8, 0x3, 0xa8, 0x48, 0x40, 0x88,
    0x4, 0x22, 0x0, 0xc5, 0xc0, 0x19, 0x68, 0xe9,
    0x80, 0x3a, 0x98, 0x4, 0x2, 0xbc, 0xb0, 0xe,
    0x2e, 0x6, 0x70, 0x3, 0xaf, 0xab, 0x80, 0x64,
    0x61, 0x1, 0x77, 0x33, 0x1, 0x96, 0x20, 0x20,
    0xc0, 0x2c, 0xe, 0xe1, 0x0, 0x8a, 0x20, 0x20,

    /* U+6F14 "演" */
    0x0, 0xfe, 0x10, 0xf, 0xa1, 0x0, 0x3a, 0x40,
    0x3e, 0x80, 0x27, 0x7c, 0x90, 0xef, 0x28, 0x4,
    0x84, 0xe, 0xf6, 0x43, 0xbc, 0x40, 0x1c, 0x42,
    0x45, 0xe1, 0x20, 0x70, 0x9, 0x51, 0xdd, 0xce,
    0xf1, 0xa8, 0x34, 0x10, 0x1, 0x56, 0xb5, 0x58,
    0x80, 0x3, 0x4, 0xd, 0xe, 0xe8, 0x77, 0xac,
    0x3, 0xe9, 0x77, 0x43, 0xbd, 0x80, 0x19, 0x0,
    0x12, 0xee, 0x87, 0x7b, 0x0, 0x36, 0x0, 0x25,
    0xdd, 0xe, 0xf6, 0x0, 0x47, 0x80, 0x7, 0x66,
    0x5b, 0x35, 0xa0, 0x15, 0xa0, 0x33, 0xa2, 0xeb,
    0x9b, 0xd8, 0x0, 0xf4, 0x2, 0x54, 0x31, 0x13,
    0xc9, 0x0, 0x19, 0x40, 0xe1, 0xd8, 0x2, 0x28,
    0x65, 0x5, 0x0, 0x1c, 0x18, 0x7, 0x95, 0x40,

    /* U+7247 "片" */
    0x0, 0xfe, 0x10, 0xf, 0xca, 0x1, 0xcc, 0x1,
    0xf8, 0x80, 0x3f, 0xfc, 0x18, 0xef, 0xdc, 0xef,
    0x94, 0x2, 0xc7, 0x7e, 0x97, 0x7c, 0xa0, 0x1f,
    0xfc, 0x6b, 0x77, 0xf8, 0xc0, 0x3d, 0x6e, 0xff,
    0x20, 0x7, 0x11, 0x80, 0x7f, 0xf0, 0x51, 0x40,
    0x3f, 0xf8, 0x3c, 0x20, 0x1f, 0xfc, 0x5, 0xb0,
    0xf, 0xfe, 0x9, 0x18, 0x7, 0xff, 0x0,

    /* U+7387 "率" */
    0x0, 0xf8, 0x80, 0x3f, 0xf8, 0x8a, 0x1, 0xf9,
    0x9d, 0xfa, 0x79, 0xdf, 0xc0, 0x6, 0x77, 0xcd,
    0x96, 0xef, 0x99, 0xc0, 0x3, 0x4, 0x0, 0x97,
    0x8, 0x10, 0x54, 0x0, 0x86, 0x14, 0xf0, 0x5f,
    0xa4, 0x58, 0x54, 0x3, 0x9c, 0xf2, 0x43, 0x0,
    0xc, 0x80, 0x1e, 0x27, 0x17, 0x52, 0x91, 0x72,
    0x0, 0xc5, 0xe, 0xd9, 0xea, 0xe1, 0x4e, 0x8c,
    0x1, 0xc, 0x28, 0xfc, 0x2a, 0xa2, 0x45, 0x94,
    0xc0, 0x6, 0x1, 0x10, 0xb, 0x1, 0x8, 0x19,
    0x80, 0xe, 0xfe, 0x8f, 0x77, 0xf0, 0x1, 0xdf,
    0xd1, 0xee, 0xfe, 0x0, 0xff, 0xea, 0x80,

    /* U+7528 "用" */
    0x0, 0x88, 0x47, 0xf8, 0x80, 0x24, 0xb7, 0x7d,
    0x8e, 0xfa, 0x44, 0x2, 0xa6, 0x6d, 0x4c, 0xdb,
    0x40, 0x3f, 0xf8, 0xf0, 0xef, 0xa1, 0xdf, 0x50,
    0x6, 0x87, 0x7d, 0xe, 0xfa, 0x80, 0x3f, 0xf8,
    0xe2, 0x1, 0xff, 0xc1, 0x1b, 0x77, 0xd0, 0xef,
    0xa8, 0x2, 0x29, 0x77, 0xd0, 0xef, 0xa8, 0x3,
    0xff, 0xa8, 0xaa, 0x0, 0xff, 0xe0, 0xe9, 0x0,
    0x7c, 0x6e, 0xef, 0x10, 0x80, 0xf, 0x38, 0x1b,
    0xba, 0x40,

    /* U+7535 "电" */
    0x0, 0xe2, 0x0, 0xff, 0xe0, 0xa8, 0x7, 0xff,
    0x2a, 0xdd, 0xf4, 0xbb, 0xf4, 0x0, 0xd, 0xdf,
    0x4b, 0xbf, 0x78, 0x7, 0xff, 0x10, 0xdd, 0xf4,
    0x3b, 0xf7, 0x0, 0xd, 0xdf, 0x43, 0xbf, 0x70,
    0x7, 0xff, 0x49, 0x1d, 0xf4, 0x3b, 0xf1, 0x0,
    0x25, 0xdf, 0x43, 0xbf, 0x29, 0x82, 0x80, 0x7f,
    0xd6, 0x1, 0xff, 0xc1, 0xf0, 0xf, 0x2c, 0xbb,
    0xe8, 0x10,

    /* U+754C "界" */
    0x0, 0x2b, 0xbe, 0xb7, 0x7d, 0x40, 0x18, 0x9d,
    0xf6, 0x3b, 0xed, 0x0, 0xff, 0xe4, 0x3b, 0xe8,
    0x77, 0xd8, 0x1, 0xce, 0xfa, 0x1d, 0xf6, 0x0,
    0x72, 0xae, 0xb5, 0x5d, 0xa0, 0x19, 0x9d, 0xc3,
    0xfc, 0xfe, 0xee, 0x80, 0xc, 0x24, 0xc7, 0x44,
    0x4b, 0xa0, 0x20, 0xc, 0x30, 0xe8, 0x1, 0xd,
    0xbb, 0x84, 0x0, 0xe9, 0x6, 0x80, 0x19, 0x15,
    0xdc, 0xc0, 0xea, 0x0, 0x10, 0xf, 0x99, 0x80,
    0x19, 0x50, 0x3, 0xff, 0x80, 0x66, 0x20, 0xf,
    0xf9, 0xd9, 0x80, 0x1f, 0xfc, 0x7, 0x50, 0xf,
    0x38, 0x6,

    /* U+7597 "疗" */
    0x0, 0xff, 0xe6, 0x19, 0x80, 0x3f, 0xf8, 0x47,
    0x60, 0x1f, 0xd2, 0xef, 0xc2, 0xef, 0xc2, 0xe,
    0x1c, 0xef, 0xd2, 0xef, 0xc2, 0xc, 0xa0, 0x5,
    0x77, 0xfa, 0x4c, 0x0, 0x22, 0x0, 0x2b, 0xbf,
    0x90, 0x4c, 0x2, 0x40, 0xf, 0x85, 0xdd, 0x0,
    0x18, 0x6c, 0x3, 0x95, 0x9d, 0x0, 0x32, 0xbd,
    0x80, 0x71, 0xb0, 0x7, 0xb, 0xb0, 0x7, 0xff,
    0x4, 0x48, 0x44, 0x1, 0xff, 0xc2, 0x77, 0x0,
    0x7f, 0xf0, 0xb8, 0x40, 0x3f, 0xf8, 0x2f, 0x20,
    0x19, 0x9f, 0xc4, 0x3, 0xce, 0x20, 0x19, 0x9e,
    0x40, 0x3c,

    /* U+75DB "痛" */
    0x0, 0xfc, 0x20, 0x1f, 0xfc, 0x36, 0x0, 0xff,
    0x43, 0xbe, 0xfb, 0x77, 0xe0, 0xd, 0xee, 0xfa,
    0x2d, 0xdf, 0x80, 0x10, 0x1, 0x2b, 0xbf, 0xb5,
    0x0, 0x2e, 0x20, 0x2, 0xb0, 0xa3, 0x90, 0x62,
    0x0, 0x4c, 0xe0, 0x10, 0xb3, 0xe6, 0xb8, 0x80,
    0x72, 0x80, 0x19, 0xdc, 0x60, 0x38, 0xf4, 0x60,
    0x1b, 0x80, 0x9d, 0xeb, 0x9c, 0x7e, 0x70, 0x2,
    0xb7, 0x6, 0xbb, 0xd0, 0xef, 0x78, 0x0, 0x9d,
    0xc4, 0x1a, 0xef, 0x43, 0xbd, 0xe0, 0x2, 0x22,
    0x38, 0x7, 0xff, 0x8, 0x88, 0x1a, 0xef, 0x43,
    0xbd, 0xc0, 0x11, 0x90, 0x3, 0x5d, 0xe8, 0x77,
    0xb8, 0x2, 0x45, 0x0, 0xfc, 0x4f, 0x8c, 0x0,

    /* U+76F4 "直" */
    0x0, 0xf8, 0x40, 0x3f, 0xf8, 0x6e, 0x20, 0x1f,
    0x99, 0xdf, 0xa1, 0x9d, 0xf8, 0xc0, 0xc, 0xef,
    0xd2, 0xef, 0xe3, 0x0, 0xca, 0xef, 0x53, 0xbe,
    0x60, 0xf, 0x13, 0xbd, 0xae, 0xf8, 0x40, 0x3f,
    0xf9, 0x5a, 0xef, 0xfa, 0xc0, 0x3d, 0xae, 0xff,
    0xac, 0x3, 0xda, 0xef, 0xfa, 0xc0, 0x3d, 0xae,
    0xff, 0xac, 0x3, 0xda, 0xef, 0xfa, 0x80, 0x3d,
    0xae, 0xff, 0xa8, 0x3, 0xff, 0x8e, 0x2e, 0xed,
    0x77, 0xfd, 0xae, 0xe1,

    /* U+770B "看" */
    0x0, 0xff, 0xe0, 0x9, 0x0, 0x4a, 0xcc, 0x77,
    0x43, 0x36, 0x40, 0xc, 0x8c, 0xc7, 0x4d, 0x66,
    0xca, 0x40, 0x12, 0x3b, 0xd9, 0xae, 0xfe, 0x0,
    0x95, 0xdf, 0x43, 0xbf, 0x80, 0x3c, 0xd4, 0x1,
    0xfc, 0xef, 0x44, 0xab, 0xbf, 0xe0, 0x77, 0x83,
    0x9d, 0xff, 0x80, 0x26, 0x56, 0x77, 0xf4, 0x28,
    0x4, 0xa5, 0x4e, 0xff, 0x50, 0x5, 0xc, 0x9a,
    0xef, 0xf5, 0x98, 0x2, 0x4c, 0x35, 0xdf, 0xeb,
    0x30, 0x0, 0x80, 0x35, 0xdf, 0xeb, 0x30, 0xe,
    0xd7, 0x7f, 0xac, 0xc0, 0x3b, 0x5d, 0xfe, 0xb3,
    0x0,

    /* U+786E "确" */
    0x0, 0xfe, 0x20, 0xf, 0x22, 0x15, 0x10, 0x0,
    0x27, 0x0, 0xf3, 0x33, 0xd9, 0x80, 0x8, 0x27,
    0x76, 0x0, 0x44, 0x7e, 0x44, 0x3, 0xf7, 0x71,
    0x78, 0x6, 0x47, 0x0, 0xbc, 0x51, 0xbd, 0xd0,
    0xc0, 0x4, 0x40, 0x4, 0x33, 0xbb, 0x25, 0xdd,
    0x40, 0x8, 0x77, 0x25, 0x69, 0x9b, 0x4c, 0xee,
    0x5, 0x47, 0x71, 0x96, 0xbb, 0xa1, 0xde, 0xd0,
    0xc3, 0x0, 0xda, 0xee, 0x87, 0x7b, 0x42, 0xc0,
    0x3f, 0xf8, 0x44, 0x1, 0xd6, 0xee, 0x87, 0x7b,
    0x40, 0x3e, 0xa7, 0x74, 0x3b, 0xda, 0x0, 0x57,
    0x77, 0xa2, 0x80, 0x7f, 0x2b, 0xba, 0x30, 0xc0,
    0x3f, 0xac, 0x0, 0xb6, 0x1, 0xce, 0xe0, 0x8,
    0xc0, 0xa, 0x60, 0x13, 0x83, 0xbc,

    /* U+793A "示" */
    0x0, 0x13, 0xbf, 0xf9, 0x80, 0x22, 0x77, 0xff,
    0x30, 0x7, 0xff, 0x51, 0x9d, 0xfd, 0x8e, 0xfc,
    0xc0, 0xce, 0xfe, 0xb7, 0x7e, 0x60, 0xc, 0x80,
    0x1e, 0x30, 0xf, 0x9, 0x0, 0x78, 0x98, 0x3,
    0xa5, 0x80, 0x3c, 0x24, 0x40, 0x9, 0xac, 0x3,
    0xf2, 0x28, 0x1, 0x4c, 0xc0, 0x1f, 0xca, 0x80,
    0x2a, 0x1, 0xfe, 0x27, 0x4, 0x0, 0x99, 0xdc,
    0x60, 0x1c, 0x60,

    /* U+79BB "离" */
    0x0, 0xf1, 0x0, 0x7f, 0xf0, 0x5c, 0x80, 0x3c,
    0xce, 0xfc, 0x52, 0xef, 0xcc, 0xc7, 0x47, 0x27,
    0x75, 0xaa, 0x3a, 0x3b, 0x0, 0xa8, 0x2b, 0x31,
    0x50, 0xc1, 0x0, 0x3e, 0x4f, 0xf0, 0x7, 0xf1,
    0x43, 0xcd, 0x24, 0x0, 0x70, 0xed, 0x79, 0x44,
    0xaf, 0xbe, 0x0, 0x6b, 0x87, 0x77, 0x53, 0xbd,
    0x60, 0x14, 0x3b, 0xd1, 0x28, 0xef, 0xa8, 0x1,
    0xce, 0xf7, 0xf3, 0xa3, 0xbd, 0xa0, 0x1c, 0x86,
    0x20, 0x2e, 0x1, 0xf2, 0x49, 0xbb, 0x96, 0xcc,
    0x3, 0xcd, 0xee, 0xfb, 0x0, 0x3e, 0x22, 0x0,
    0x79, 0xf8, 0x0, 0xc0, 0x1f, 0x8d, 0xe4, 0x0,

    /* U+7CFB "系" */
    0x0, 0xf8, 0x4d, 0x5d, 0xc4, 0x0, 0x66, 0x9d,
    0xda, 0x80, 0x8e, 0xe2, 0x0, 0x33, 0x4f, 0xf8,
    0xa6, 0x20, 0x1f, 0xa2, 0x44, 0x0, 0xea, 0x1,
    0xc4, 0xf0, 0x22, 0x48, 0x55, 0x0, 0x77, 0x83,
    0xbb, 0x36, 0x8, 0x80, 0x1d, 0xae, 0x61, 0x92,
    0x0, 0x74, 0x0, 0xc6, 0xce, 0xc6, 0x64, 0x53,
    0xf7, 0x1, 0xe9, 0x15, 0x46, 0x86, 0x46, 0xb2,
    0x41, 0xea, 0x72, 0x54, 0xc2, 0x31, 0x5, 0x60,
    0xa, 0x14, 0x3, 0x13, 0x98, 0x10, 0x2, 0x24,
    0x40, 0x39, 0x98, 0x80, 0x33, 0x21, 0x0, 0xf9,
    0x41, 0x46, 0x44, 0x9, 0xdc, 0x40, 0x19, 0x10,

    /* U+7EBF "线" */
    0x0, 0xc2, 0x1, 0x88, 0x3, 0xf9, 0x4c, 0x3,
    0x28, 0x2a, 0x80, 0x3d, 0xa4, 0x1, 0xe5, 0x46,
    0x0, 0xc7, 0x80, 0x1f, 0x8c, 0xc2, 0x1, 0x5a,
    0x3, 0x3, 0x3c, 0xbb, 0x31, 0xc4, 0x0, 0xb6,
    0xa, 0xa0, 0x67, 0x86, 0x62, 0x10, 0x5, 0x69,
    0x1e, 0x60, 0x11, 0x18, 0x0, 0xd0, 0x1, 0xce,
    0x14, 0x0, 0x14, 0xe9, 0x76, 0x4, 0x0, 0x96,
    0xc0, 0x6, 0xed, 0x7a, 0xec, 0x68, 0x0, 0x32,
    0x76, 0x53, 0x62, 0x11, 0x0, 0x15, 0xc0, 0x1c,
    0x2e, 0xca, 0x1, 0xe5, 0x13, 0x0, 0x6b, 0x18,
    0x7, 0x86, 0x5, 0x0, 0x39, 0x1d, 0xc0, 0x11,
    0x78, 0x20, 0x8, 0x1, 0xd9, 0xde, 0x3, 0x87,
    0x9e, 0x10, 0x60, 0x3, 0xb1, 0x80, 0x19, 0xe1,
    0x41, 0x98, 0xe0, 0x0,

    /* U+7EDF "统" */
    0x0, 0xc2, 0x1, 0xc2, 0x1, 0xf8, 0x58, 0x3,
    0x98, 0x3, 0xf3, 0x30, 0x3, 0x84, 0x40, 0x1e,
    0x10, 0x10, 0x27, 0x74, 0x63, 0x3b, 0xc0, 0x14,
    0xb8, 0x31, 0x3b, 0x82, 0xdd, 0xf0, 0x1, 0x30,
    0xc, 0xc0, 0x5, 0xb1, 0x8, 0x0, 0x86, 0xcd,
    0xfd, 0x40, 0x88, 0x60, 0x9, 0x70, 0x0, 0xfb,
    0x86, 0x82, 0x68, 0x3b, 0xed, 0x40, 0x9, 0xc,
    0x41, 0x78, 0xdd, 0xc6, 0xd4, 0x20, 0x3, 0x25,
    0x45, 0x11, 0x18, 0x0, 0xc0, 0xa, 0x0, 0xce,
    0x76, 0x50, 0xf, 0xfb, 0xe1, 0x88, 0x3, 0xff,
    0x86, 0x6a, 0x6, 0x60, 0xe, 0x20, 0x17, 0x73,
    0x2, 0x85, 0xa0, 0x7, 0x20, 0x89, 0xdc, 0xc6,
    0xaf, 0x0, 0x10, 0xbb, 0xbc, 0x40, 0x39, 0x5c,
    0x3, 0x33, 0xba, 0x40,

    /* U+7EE7 "继" */
    0x0, 0xff, 0x84, 0x3, 0xe5, 0x20, 0x2, 0x88,
    0x1, 0x80, 0x2, 0x1, 0x88, 0x80, 0x2, 0x22,
    0x0, 0x46, 0xa0, 0x11, 0x18, 0x6, 0x33, 0x0,
    0x48, 0x80, 0x9, 0x50, 0x18, 0x3, 0xc2, 0x20,
    0x8, 0xcc, 0x6, 0x40, 0x13, 0x80, 0x5, 0x80,
    0x2d, 0x37, 0xf4, 0x0, 0x33, 0xba, 0x1d, 0xe0,
    0x7, 0x38, 0x68, 0x4, 0xce, 0x48, 0x2e, 0xe0,
    0x9, 0xc, 0x40, 0x38, 0xb1, 0x54, 0x1, 0x11,
    0xbb, 0x38, 0x4, 0xee, 0x3, 0x38, 0x1, 0xc0,
    0xef, 0x0, 0x15, 0x0, 0x26, 0x70, 0x6, 0x3a,
    0x8, 0x4, 0x86, 0x1, 0x90, 0x3, 0x1b, 0x39,
    0x0, 0x80, 0x8, 0x3, 0x9d, 0x81, 0x9c, 0xae,
    0x22, 0xd8, 0x88, 0x0,

    /* U+7EEA "绪" */
    0x0, 0xfe, 0x10, 0xf, 0x8d, 0x0, 0x39, 0x80,
    0x3e, 0x44, 0x0, 0x7e, 0x35, 0x0, 0x8, 0x80,
    0x27, 0x7a, 0x1d, 0xd6, 0xa0, 0x7, 0x60, 0x40,
    0x77, 0xa1, 0xc2, 0x40, 0x2, 0x0, 0x13, 0x0,
    0xe6, 0x41, 0x0, 0x60, 0xb5, 0x3b, 0x3b, 0xd1,
    0xa8, 0xee, 0x2c, 0x72, 0x80, 0x67, 0x77, 0xe5,
    0xbb, 0xc4, 0x22, 0x23, 0x0, 0x1f, 0x82, 0x3b,
    0xa0, 0x2, 0x94, 0x54, 0x86, 0x88, 0x3b, 0xdc,
    0x0, 0xc0, 0x64, 0x44, 0x28, 0x7, 0xec, 0x84,
    0x10, 0xb, 0x1d, 0xf5, 0x0, 0x61, 0x57, 0x0,
    0x63, 0xbe, 0xa0, 0x3, 0xb9, 0x10, 0xe0, 0x1f,
    0xe7, 0x72, 0x88, 0x5, 0x6e, 0xfa, 0x80, 0x3f,
    0xb1, 0xdf, 0x60, 0x0,

    /* U+7EED "续" */
    0x0, 0xc2, 0x1, 0xc4, 0x1, 0xf8, 0xd4, 0x3,
    0xa8, 0x3, 0xf5, 0xa0, 0x1, 0x9d, 0xfc, 0x1,
    0x8b, 0x40, 0x26, 0x77, 0xf0, 0x6, 0xa5, 0x5,
    0x24, 0x4f, 0x8c, 0x0, 0x98, 0xc, 0x86, 0xef,
    0x7b, 0xb8, 0x10, 0x1, 0x47, 0x3c, 0x22, 0x35,
    0x37, 0x13, 0x26, 0x0, 0x73, 0x8c, 0x0, 0x49,
    0x22, 0x0, 0x51, 0x0, 0x9a, 0x80, 0x27, 0x19,
    0x0, 0x8c, 0x2, 0x31, 0x77, 0x18, 0x3b, 0x1,
    0x90, 0x7, 0x68, 0xa3, 0x9b, 0x39, 0x3c, 0xbb,
    0xe0, 0x7, 0x30, 0x80, 0xb3, 0xb9, 0xa1, 0xdf,
    0x0, 0x44, 0xee, 0x30, 0xa, 0x1d, 0x58, 0x3,
    0x43, 0x3b, 0x88, 0x6, 0x20, 0xa, 0x90, 0x1,
    0x42, 0x0, 0x4e, 0xe8, 0x10, 0x1, 0x4c, 0x0,
    0x7c, 0xec, 0x1, 0xc3, 0x0,

    /* U+7F16 "编" */
    0x0, 0xff, 0x10, 0x7, 0xcc, 0x40, 0x1c, 0xa0,
    0x1f, 0x71, 0x0, 0xcb, 0xbb, 0x69, 0xdc, 0x80,
    0x4, 0xc0, 0x1, 0x6b, 0xba, 0xa8, 0xee, 0x30,
    0x6, 0x20, 0xa8, 0x7, 0xf9, 0x6c, 0x19, 0x3,
    0xdd, 0xfc, 0x0, 0xb4, 0x9f, 0x10, 0xf7, 0x7f,
    0x83, 0x9c, 0x60, 0x0, 0x6e, 0xe8, 0x78, 0x77,
    0x0, 0x1a, 0x80, 0xf, 0xce, 0xef, 0x7f, 0x70,
    0x1, 0x83, 0x39, 0x10, 0x40, 0x3f, 0x68, 0xbb,
    0x88, 0x7c, 0x3, 0xf7, 0x39, 0x80, 0x80, 0x21,
    0xe5, 0xe5, 0xf0, 0x0, 0x4e, 0xe3, 0x0, 0x43,
    0xcb, 0xcb, 0xe0, 0x43, 0xbe, 0x50, 0xf, 0xe8,
    0x50, 0x8, 0x84, 0x0, 0x60, 0x6a, 0x1, 0xe5,
    0x6, 0x0, 0x20, 0x22, 0xb8,

    /* U+7F6E "置" */
    0x8, 0x77, 0xa1, 0xdd, 0x10, 0x77, 0x40, 0x80,
    0x3d, 0xdc, 0xb8, 0xee, 0xbb, 0x3b, 0xb0, 0xc0,
    0x18, 0xee, 0xad, 0x87, 0xaa, 0x3b, 0xb4, 0x2,
    0xb7, 0x74, 0x4f, 0xbc, 0xc9, 0xdd, 0x24, 0xc,
    0xef, 0xd0, 0xef, 0xe5, 0x6, 0x77, 0xe8, 0x77,
    0xf2, 0x80, 0x4c, 0xef, 0x73, 0xbe, 0x60, 0xe,
    0x17, 0x7a, 0x5d, 0xf0, 0x80, 0x76, 0xbb, 0xfe,
    0xd0, 0xf, 0xfe, 0x11, 0x80, 0x76, 0xbb, 0xfe,
    0xe0, 0xe, 0xe7, 0x7f, 0xda, 0x1, 0xdc, 0xef,
    0xfb, 0x40, 0x27, 0x76, 0xbb, 0xfe, 0xd7, 0x70,
    0x0,

    /* U+80A9 "肩" */
    0x0, 0xf9, 0x0, 0x3f, 0xf8, 0x2e, 0xa0, 0x1f,
    0x34, 0x3b, 0xc9, 0xce, 0xf9, 0x80, 0x29, 0x77,
    0xd6, 0xef, 0x84, 0x3, 0xff, 0x89, 0xd2, 0xef,
    0xfc, 0x80, 0xe, 0x87, 0x7f, 0xe3, 0x0, 0x8,
    0x3b, 0xff, 0x50, 0x7, 0x3b, 0xfe, 0xd0, 0xd,
    0xce, 0xff, 0xb4, 0x3, 0x73, 0xbf, 0xed, 0x2,
    0x20, 0x7, 0xff, 0x1, 0x10, 0x1c, 0xef, 0xfb,
    0x40, 0x44, 0x1c, 0xef, 0xfb, 0x41, 0x80, 0x3f,
    0xb, 0xb8, 0x0,

    /* U+8109 "脉" */
    0x0, 0xfc, 0x20, 0x1f, 0x8e, 0x5d, 0xcc, 0x1,
    0x3b, 0x84, 0x3, 0x9a, 0xdd, 0xc2, 0x0, 0x17,
    0x69, 0x30, 0xf, 0xfe, 0x8, 0xc1, 0x80, 0x7f,
    0x95, 0xdd, 0xa4, 0x1, 0xe8, 0x77, 0x70, 0x2b,
    0xba, 0x9c, 0x0, 0xa0, 0x14, 0x3b, 0xb8, 0x3,
    0x11, 0x1, 0x58, 0x3, 0xe5, 0x77, 0x40, 0x79,
    0x81, 0x80, 0x7c, 0xae, 0x96, 0x1d, 0x6a, 0x1,
    0x1d, 0x3b, 0xb8, 0x0, 0x86, 0x9, 0xe0, 0x18,
    0x61, 0xdd, 0xc0, 0x22, 0x0, 0x88, 0xc0, 0x3f,
    0xa5, 0x80, 0x25, 0xb0, 0xf, 0xd1, 0x20, 0x1d,
    0x30, 0x2, 0x20, 0xd, 0x22, 0x1, 0xc3, 0x22,
    0x8e, 0xc, 0xc1, 0x10, 0x1b, 0x61, 0x80, 0x4,
    0x4a, 0x20, 0xcd, 0x0, 0xd, 0xa4, 0x40, 0x30,

    /* U+8170 "腰" */
    0x6, 0x87, 0xa1, 0x77, 0xa5, 0xe5, 0xdc, 0x80,
    0x30, 0xfe, 0x6e, 0xf7, 0x3f, 0x3b, 0x90, 0x3,
    0xc4, 0x66, 0xd3, 0xd3, 0x30, 0x7, 0xd4, 0x0,
    0x10, 0x10, 0xa0, 0x7, 0xc3, 0xf0, 0x79, 0x9b,
    0xf, 0xf, 0x80, 0x1f, 0xf, 0xc0, 0x1f, 0xfc,
    0x41, 0x77, 0x6b, 0xeb, 0xf8, 0x7, 0xcc, 0xee,
    0xd7, 0xa7, 0x80, 0x7, 0x3b, 0xa4, 0x1d, 0xdb,
    0xce, 0xea, 0x75, 0xe, 0x77, 0x48, 0x3a, 0xdc,
    0xbb, 0x89, 0xd4, 0x3, 0xc3, 0x2c, 0x0, 0x3d,
    0x0, 0xfc, 0x3e, 0xee, 0x5b, 0x50, 0x1, 0x18,
    0x7, 0x23, 0x8c, 0x82, 0x80, 0x11, 0x4, 0xf8,
    0x4a, 0xef, 0x64, 0x3c, 0x1b, 0x1, 0x3c, 0x82,
    0xbb, 0x84, 0x0, 0x50, 0x60,

    /* U+819D "膝" */
    0x0, 0xff, 0x10, 0x7, 0x86, 0x9d, 0xd0, 0x1,
    0x94, 0x3, 0xec, 0x77, 0x7a, 0x3b, 0xa2, 0x12,
    0xef, 0x0, 0x7c, 0x8e, 0xef, 0x7f, 0x47, 0x70,
    0x7, 0xf3, 0xaf, 0xb3, 0x10, 0x3, 0x53, 0xbb,
    0x4d, 0xd8, 0x88, 0xa, 0x2a, 0x1, 0x4b, 0xbb,
    0x5d, 0xc2, 0x2e, 0x10, 0x56, 0x0, 0xf9, 0x0,
    0x13, 0x6e, 0x40, 0x60, 0x3, 0x0, 0xe1, 0x88,
    0x13, 0x3b, 0x0, 0x43, 0xee, 0xed, 0x69, 0x80,
    0x50, 0x52, 0x81, 0x7, 0x87, 0x76, 0xb4, 0x38,
    0x4, 0xaf, 0x2, 0x4, 0x40, 0xe, 0x75, 0xc9,
    0x63, 0x0, 0x84, 0x3, 0xca, 0x66, 0x84, 0x30,
    0xf, 0xc8, 0xe8, 0xde, 0x2e, 0xe6, 0x3, 0x40,
    0x66, 0xa, 0x39, 0xb7, 0x80, 0x11, 0x80, 0xcc,
    0xc, 0xd0, 0x0, 0x9a, 0x0, 0x38,

    /* U+81EA "自" */
    0x0, 0xe1, 0x0, 0xff, 0x98, 0x3, 0xff, 0x8c,
    0x34, 0xef, 0x7b, 0xbf, 0x83, 0x1d, 0xe8, 0x77,
    0xe0, 0xf, 0xfe, 0x15, 0x3b, 0xff, 0x70, 0x53,
    0xbf, 0xf7, 0x0, 0x7f, 0xf3, 0x75, 0xdf, 0xfb,
    0x83, 0x5d, 0xff, 0xb8, 0x3, 0xff, 0x83, 0xae,
    0xff, 0xdc, 0x1a, 0xef, 0xfd, 0xc0,

    /* U+8282 "节" */
    0x0, 0xe3, 0x0, 0xc6, 0x1, 0xfe, 0x40, 0xc,
    0x80, 0x1e, 0x77, 0xd2, 0xef, 0xa5, 0xdf, 0x0,
    0x1d, 0xf4, 0xbb, 0xe9, 0x77, 0xc0, 0x1f, 0xfc,
    0xa6, 0x0, 0xcc, 0x1, 0xe2, 0x77, 0x9a, 0xdd,
    0xe6, 0x79, 0x20, 0x8, 0x9d, 0xf6, 0x3b, 0xf6,
    0x88, 0x7, 0xff, 0xfc, 0x9d, 0xc6, 0x60, 0xf,
    0xf8, 0x9d, 0xe0, 0xf, 0xfe, 0x38,

    /* U+884C "行" */
    0x0, 0xc8, 0x1, 0xff, 0xc2, 0x57, 0x0, 0x3b,
    0xfc, 0xc0, 0x12, 0x89, 0x80, 0x1d, 0xfe, 0x60,
    0x3, 0xb2, 0x0, 0x7f, 0xf0, 0x58, 0xc0, 0xd0,
    0x3, 0xfe, 0x10, 0x14, 0x40, 0x7, 0xff, 0x7,
    0x5c, 0x1d, 0xfd, 0x8e, 0xe1, 0x0, 0x42, 0x0,
    0x1d, 0xfd, 0x6e, 0xe1, 0x14, 0xcb, 0xc0, 0x3f,
    0xf8, 0x32, 0x20, 0x1f, 0xfc, 0x11, 0x0, 0xff,
    0xfe, 0x2b, 0x30, 0x40, 0x20,

    /* U+89D2 "角" */
    0x0, 0xe1, 0x0, 0xff, 0x98, 0xc0, 0x3f, 0xc7,
    0x8a, 0xef, 0x68, 0x80, 0x62, 0x4a, 0x77, 0x96,
    0x4, 0x2, 0x2d, 0x7, 0x7a, 0xb8, 0x9d, 0xe5,
    0x48, 0x77, 0xdb, 0x8e, 0xf0, 0x23, 0x0, 0x7f,
    0xc2, 0x16, 0xef, 0xa1, 0xdf, 0x68, 0x2, 0xdd,
    0xf4, 0x3b, 0xed, 0x0, 0xff, 0xe1, 0xd3, 0xbe,
    0x87, 0x7d, 0xa0, 0x50, 0xef, 0xa1, 0xdf, 0x68,
    0x22, 0x80, 0x7f, 0xdc, 0x1, 0xff, 0x3c, 0x80,
    0x7c, 0x4e, 0xe0, 0x71, 0x0, 0xe7, 0x2, 0x77,
    0x80,

    /* U+8BA4 "认" */
    0x0, 0xff, 0x8, 0x7, 0xc4, 0x60, 0x1e, 0x60,
    0xf, 0x89, 0x50, 0x3, 0xff, 0x84, 0xc4, 0x1,
    0xff, 0xc3, 0x60, 0xf, 0xfe, 0x78, 0xbb, 0xa9,
    0x40, 0x3a, 0x80, 0x38, 0x5d, 0xd0, 0x1, 0xc2,
    0x1, 0xff, 0xc3, 0x25, 0x10, 0xf, 0xfe, 0xa,
    0xcb, 0x80, 0x7f, 0xf0, 0x44, 0x60, 0xf, 0xf2,
    0x80, 0x88, 0x11, 0x0, 0x1f, 0x14, 0x20, 0x33,
    0x81, 0xe0, 0x7, 0xbf, 0xd0, 0x26, 0x42, 0x0,
    0x98, 0x0, 0xec, 0x80, 0x34, 0x50, 0x8, 0x6e,
    0x0, 0x30, 0x80, 0x5, 0xc0, 0x38, 0xe4, 0x0,

    /* U+8BBE "设" */
    0x0, 0x29, 0x0, 0x69, 0x77, 0xc0, 0x1c, 0xb4,
    0x40, 0x17, 0x3b, 0xc0, 0x1f, 0x42, 0x80, 0x7f,
    0xf0, 0xdc, 0x3, 0xff, 0x8c, 0xcc, 0x0, 0xf8,
    0x5d, 0xd8, 0x0, 0x63, 0x10, 0x8, 0xdd, 0xc0,
    0x2e, 0xeb, 0x1, 0x45, 0x0, 0xc8, 0xee, 0x0,
    0xf0, 0xbe, 0x3b, 0xf6, 0x88, 0x7, 0xcb, 0x6e,
    0xfc, 0xa2, 0x1, 0xf9, 0xe0, 0x2, 0x89, 0x0,
    0xff, 0x5b, 0x3, 0xe0, 0x80, 0x7c, 0xa2, 0x6,
    0x6e, 0x34, 0x0, 0xf5, 0xc3, 0x88, 0x1e, 0xde,
    0x10, 0x7, 0x12, 0xc1, 0x2b, 0xb4, 0x2c, 0x24,
    0x30, 0x4, 0x52, 0x0, 0x47, 0x50, 0x9, 0xa1,
    0x0,

    /* U+8C03 "调" */
    0x0, 0x30, 0x4, 0xce, 0xff, 0x28, 0x1, 0xa4,
    0x0, 0x2e, 0xf2, 0xbb, 0xc4, 0x1, 0x43, 0x0,
    0x72, 0x80, 0x7c, 0x2c, 0x1, 0x3b, 0xa1, 0xd8,
    0x2, 0x22, 0x80, 0x33, 0xba, 0x1d, 0x80, 0x27,
    0x74, 0x0, 0x7f, 0xf0, 0x15, 0x5a, 0x1, 0x13,
    0xbb, 0x9d, 0xc4, 0x1, 0xf8, 0x9d, 0xd2, 0xee,
    0x20, 0xf, 0xea, 0x77, 0x98, 0x3, 0xfd, 0xae,
    0xf0, 0x80, 0x7c, 0x22, 0x0, 0xff, 0xe0, 0x1c,
    0x38, 0x63, 0xbc, 0x60, 0x1d, 0xd, 0xc2, 0x12,
    0xef, 0x20, 0x6, 0x1d, 0x63, 0x0, 0x10, 0x4,
    0xee, 0x10, 0x0, 0x91, 0xa0, 0x7, 0x9d, 0xcc,

    /* U+8D34 "贴" */
    0x0, 0xff, 0x8, 0x7, 0x8d, 0xdf, 0x18, 0x4,
    0xc0, 0x1e, 0x47, 0x7c, 0x80, 0x1f, 0xfc, 0x4,
    0x0, 0xff, 0xe1, 0x98, 0x7, 0xb5, 0xdf, 0x0,
    0x7f, 0xda, 0xef, 0x80, 0x3f, 0xfb, 0x82, 0xcc,
    0xb6, 0x68, 0xc0, 0x3f, 0x11, 0x1b, 0x19, 0xa4,
    0x0, 0xff, 0xe3, 0x38, 0x0, 0xc1, 0xc0, 0x3f,
    0xe5, 0x53, 0x18, 0x7, 0xfc, 0x24, 0x45, 0xb0,
    0xf, 0xf1, 0x4b, 0x80, 0x28, 0x83, 0xdd, 0xfb,
    0x40, 0xa0, 0x2, 0x22, 0x1d, 0xbb, 0xf5, 0x0,

    /* U+8F7D "载" */
    0x0, 0xe2, 0x0, 0xc4, 0x1, 0xfe, 0x50, 0xc,
    0xa2, 0xa0, 0x18, 0x5d, 0xe8, 0x77, 0x28, 0x0,
    0x5d, 0x80, 0x21, 0x77, 0xa1, 0xdc, 0xa0, 0x11,
    0x20, 0x4, 0xef, 0xad, 0xdf, 0x4b, 0xb9, 0x5c,
    0x0, 0xef, 0xe, 0x3b, 0xe9, 0x77, 0xc0, 0x18,
    0x8c, 0x3, 0xf3, 0x0, 0x4a, 0xfb, 0xa8, 0x83,
    0xb8, 0xc0, 0x21, 0x0, 0x95, 0xa2, 0x19, 0x6e,
    0xe3, 0x0, 0x19, 0x80, 0x36, 0x7b, 0xfc, 0x3b,
    0x80, 0x89, 0x68, 0x1, 0xbe, 0x1f, 0xe1, 0xdc,
    0xf, 0x5a, 0x1, 0xc4, 0x1, 0xc2, 0x22, 0x75,
    0x2, 0x0, 0x1b, 0x3c, 0x44, 0xee, 0x37, 0x60,
    0x2, 0x80, 0x5, 0xdd, 0x11, 0x3b, 0x21, 0xdb,
    0x0, 0x62, 0x10, 0xe, 0x52, 0x42, 0x38, 0x0,
    0xf9, 0xc, 0x15, 0x0, 0xb, 0xe, 0x0,

    /* U+8F91 "辑" */
    0x0, 0x84, 0x3, 0xff, 0x87, 0x20, 0x1a, 0x5d,
    0xf4, 0x8, 0x0, 0xcf, 0x88, 0x39, 0xdf, 0x69,
    0x80, 0x1d, 0x45, 0xdc, 0x1, 0xff, 0x20, 0x5a,
    0x20, 0x80, 0xe, 0xf8, 0x8c, 0x2, 0x11, 0x38,
    0x1, 0xf4, 0x3, 0x74, 0x88, 0x8, 0x80, 0x33,
    0x93, 0xbe, 0xc9, 0x10, 0x80, 0x5a, 0x53, 0x0,
    0xff, 0x52, 0x3a, 0x39, 0x2, 0x3b, 0xe9, 0x0,
    0x8c, 0x89, 0xc4, 0x20, 0x8e, 0xfa, 0x40, 0x3d,
    0xea, 0xc0, 0x8e, 0xfa, 0x40, 0x27, 0x88, 0x33,
    0xb0, 0x23, 0xbe, 0x90, 0x9, 0xa2, 0x12, 0x40,
    0x1e, 0x1d, 0x41, 0x1, 0x0, 0xc6, 0xe4, 0xee,
    0x64, 0x21, 0x10, 0x7, 0x8d, 0xe9, 0xdc, 0xcb,
    0xea, 0x0,

    /* U+8FD0 "运" */
    0x0, 0xff, 0xe2, 0xa3, 0x0, 0x4e, 0xff, 0x80,
    0x24, 0x78, 0x20, 0x77, 0xfc, 0x1, 0x86, 0xc,
    0x3, 0xff, 0x86, 0x28, 0x9f, 0xe0, 0x17, 0x72,
    0x83, 0x35, 0xae, 0xcd, 0xc0, 0x2e, 0xe2, 0x2,
    0x2b, 0x8c, 0x9c, 0x8a, 0x0, 0xfc, 0xaa, 0x0,
    0x32, 0x0, 0x7f, 0xb4, 0x80, 0x6, 0x60, 0xf,
    0xe6, 0xa0, 0xc, 0xb2, 0x1, 0xf1, 0x45, 0x3b,
    0xcc, 0xe0, 0x40, 0x10, 0xd8, 0x17, 0x43, 0xbc,
    0xcb, 0x22, 0x0, 0x16, 0xd7, 0x30, 0xf, 0xc6,
    0x0, 0x97, 0x17, 0x79, 0x9b, 0x9d, 0xd0, 0x21,
    0x0, 0x12, 0x3b, 0x37, 0x3b, 0xa0, 0x40,

    /* U+8FD4 "返" */
    0x2, 0x10, 0xc, 0x24, 0x6a, 0xef, 0x8, 0x0,
    0xa4, 0x2, 0xb4, 0x60, 0x47, 0x78, 0x40, 0x28,
    0x80, 0x3, 0x15, 0xc, 0x40, 0x3f, 0x40, 0x7,
    0xff, 0x1a, 0xdd, 0xfd, 0x60, 0x1f, 0xad, 0xdf,
    0x9b, 0x40, 0x2, 0xee, 0x80, 0x8, 0x98, 0x2,
    0x66, 0x0, 0x5, 0xdd, 0xe0, 0x11, 0x3c, 0xb,
    0x20, 0x7, 0xe3, 0x40, 0x18, 0xc1, 0x30, 0xf,
    0xc8, 0x60, 0x6, 0x90, 0x40, 0xf, 0x88, 0x80,
    0x70, 0x88, 0x72, 0x50, 0xc, 0x5a, 0xa, 0x6f,
    0x4, 0x0, 0x60, 0xc, 0xad, 0x68, 0xa4, 0x80,
    0x1c, 0xa2, 0x2, 0xc8, 0x2c, 0x88, 0x66, 0xf9,
    0x0,

    /* U+9009 "选" */
    0x0, 0xff, 0x10, 0x7, 0x90, 0x40, 0x32, 0x80,
    0x28, 0x3, 0xc9, 0x22, 0x1, 0x68, 0x7, 0xfa,
    0x24, 0x0, 0x86, 0xef, 0xe3, 0x0, 0xd0, 0x0,
    0xdb, 0x77, 0xf1, 0x80, 0x7d, 0x0, 0x1f, 0xfc,
    0x26, 0x89, 0xa9, 0x7c, 0x99, 0x80, 0xe, 0xe9,
    0x7, 0x88, 0x1c, 0x72, 0xc4, 0x40, 0x7, 0x77,
    0x0, 0x8d, 0xc2, 0x2e, 0x11, 0x80, 0x3f, 0x19,
    0x80, 0x3f, 0xf8, 0x56, 0x80, 0x1c, 0xe0, 0x1e,
    0x28, 0x90, 0xb, 0xc8, 0x9e, 0x1, 0xb0, 0x5e,
    0x4, 0x2, 0xa7, 0x75, 0x0, 0x51, 0xec, 0x80,
    0x1c, 0x4a, 0xa2, 0x0, 0x4c, 0x23, 0xbe, 0x66,
    0x9d, 0xd1, 0x1, 0x9, 0x0, 0x99, 0xdc, 0xcd,
    0x3b, 0xa2, 0x2,

    /* U+901A "通" */
    0x3, 0x0, 0x85, 0xdf, 0xea, 0x30, 0x1, 0x40,
    0x0, 0x5d, 0xfc, 0x38, 0x60, 0x1, 0x98, 0x0,
    0x85, 0xdc, 0xd0, 0x8c, 0x1, 0x86, 0x44, 0x4,
    0x19, 0x78, 0x47, 0x0, 0x61, 0x11, 0x42, 0x21,
    0x4f, 0xd5, 0x20, 0x0, 0xaa, 0x40, 0x6, 0x2a,
    0xdc, 0xcc, 0x5e, 0x0, 0x22, 0xc, 0x1, 0xce,
    0xeb, 0x97, 0x7b, 0x80, 0x2, 0x20, 0xb, 0x9d,
    0xd7, 0x2e, 0xf7, 0x0, 0x7d, 0x2e, 0xeb, 0x87,
    0x7b, 0x40, 0x3e, 0x97, 0x75, 0xc3, 0xbd, 0xa0,
    0x1f, 0xfc, 0x72, 0xb2, 0x0, 0xc6, 0x2, 0xec,
    0x40, 0x2, 0x5c, 0x46, 0x50, 0x0, 0xa8, 0xbb,
    0x28, 0x2, 0x9c, 0x19, 0xde, 0x66, 0xce, 0xe8,
    0x20, 0x80, 0x8, 0xdd, 0xcc, 0xd9, 0xdd, 0x4,

    /* U+9053 "道" */
    0x0, 0xf8, 0x40, 0x30, 0x80, 0x64, 0x10, 0xd,
    0x20, 0x1a, 0x40, 0x32, 0x48, 0x6, 0x94, 0x0,
    0x34, 0x80, 0x74, 0x40, 0x1d, 0xcc, 0x79, 0x1e,
    0xce, 0xe0, 0xd, 0x0, 0xef, 0xae, 0x25, 0xde,
    0x0, 0xfa, 0x1d, 0xd8, 0xef, 0x30, 0x4, 0xef,
    0x0, 0x3d, 0xdd, 0x6e, 0xf0, 0x80, 0x4e, 0xe0,
    0xb, 0x9d, 0xfd, 0xe0, 0x1f, 0xb9, 0xdf, 0xde,
    0x1, 0xff, 0xcc, 0xe7, 0x7f, 0x78, 0x7, 0xee,
    0x77, 0xf7, 0x80, 0x62, 0xc2, 0x1, 0x77, 0xf1,
    0x80, 0x46, 0x96, 0xec, 0xef, 0xf2, 0x0, 0x4c,
    0xc0, 0x56, 0x47, 0x7f, 0xc0,

    /* U+90E8 "部" */
    0x0, 0xc6, 0x1, 0xff, 0xc2, 0x73, 0x0, 0xca,
    0xef, 0x80, 0xdd, 0xc7, 0xee, 0xe6, 0x2, 0x77,
    0x30, 0x0, 0xd5, 0x9f, 0x1c, 0x98, 0x3, 0x3b,
    0x0, 0x9, 0x80, 0x2d, 0x0, 0xee, 0x10, 0xb,
    0xc0, 0x9, 0x60, 0x19, 0x2c, 0x3, 0x60, 0x81,
    0x98, 0x3, 0x61, 0x80, 0x1d, 0xc6, 0xcf, 0xce,
    0xe1, 0x0, 0x5b, 0x0, 0x1d, 0xfa, 0x5d, 0xc2,
    0x0, 0x30, 0x20, 0x4, 0x3b, 0xf1, 0x80, 0x66,
    0x50, 0x7, 0xbb, 0xe5, 0x60, 0xf, 0xfe, 0xa1,
    0x3b, 0x98, 0x1, 0x6e, 0xfa, 0xcc, 0x0, 0x4e,
    0xe1, 0x0, 0x5b, 0xbe, 0xb3, 0x0, 0xf0,

    /* U+914D "配" */
    0x77, 0x53, 0xd3, 0xb8, 0x1d, 0xf9, 0x41, 0xdd,
    0xaf, 0xae, 0xe0, 0x77, 0xe2, 0x0, 0xff, 0xe2,
    0x2b, 0xc3, 0xc3, 0xb0, 0x7, 0xe2, 0x78, 0x78,
    0x71, 0x0, 0xff, 0xe2, 0x4b, 0xbe, 0xd0, 0xf,
    0xee, 0x77, 0xda, 0x0, 0x54, 0xf, 0x7d, 0x0,
    0xf3, 0x0, 0x1c, 0xc2, 0x1f, 0x40, 0x3c, 0x21,
    0xca, 0xef, 0xb4, 0x3, 0xf7, 0x3b, 0xf6, 0x80,
    0x78, 0x44, 0x1, 0xff, 0xc1, 0x52, 0xe7, 0x7e,
    0xd0, 0xf, 0x11, 0x39, 0xdf, 0xb4, 0x3d, 0xdf,
    0x78, 0x80,

    /* U+91CF "量" */
    0x0, 0xc, 0xbb, 0xfe, 0x91, 0x0, 0xef, 0x77,
    0xfd, 0x80, 0x1e, 0xc7, 0x7f, 0xde, 0x1, 0xe3,
    0x22, 0xfe, 0x0, 0xe1, 0xb7, 0x7f, 0xd4, 0x20,
    0x13, 0xb9, 0x57, 0xfc, 0xee, 0x0, 0x3a, 0x0,
    0x6e, 0xe0, 0x6, 0x17, 0x0, 0x95, 0x9d, 0xed,
    0xa7, 0x7c, 0x20, 0x1d, 0x2e, 0xf7, 0xcb, 0xbe,
    0xf0, 0xe, 0x97, 0x7b, 0xe5, 0xdf, 0x78, 0x6,
    0x46, 0x77, 0xbe, 0x5d, 0xf1, 0x80, 0x64, 0x0,
    0xff, 0x18, 0x6, 0x67, 0x7d, 0xf2, 0xef, 0xc0,
    0x2, 0xcc, 0xf5, 0x76, 0x67, 0x88,

    /* U+9501 "锁" */
    0x0, 0xff, 0x8, 0x7, 0xc6, 0x80, 0x11, 0x0,
    0x18, 0x0, 0x40, 0x1a, 0xd0, 0x2, 0x72, 0x0,
    0xca, 0x1, 0x20, 0xbb, 0xc6, 0xb4, 0x1, 0x2a,
    0x80, 0x2, 0x72, 0xef, 0x18, 0x50, 0x4, 0x24,
    0x0, 0x15, 0x78, 0x77, 0x3, 0x2b, 0xe3, 0x9b,
    0x80, 0x44, 0xfe, 0xee, 0x1, 0x77, 0x5b, 0xb8,
    0x3, 0xff, 0x82, 0xe0, 0x1f, 0xfc, 0xa5, 0x78,
    0x77, 0x18, 0x7, 0xf9, 0x5e, 0x1d, 0xc6, 0x1,
    0xff, 0xd2, 0x11, 0x20, 0x31, 0x90, 0x20, 0x7,
    0x73, 0x38, 0x9b, 0x92, 0x3b, 0x80, 0x38, 0x51,
    0xd9, 0x8e, 0xa8, 0xa, 0xec, 0xe0, 0x10, 0xe8,
    0x83, 0x39, 0x0, 0x65, 0x70,

    /* U+9547 "镇" */
    0x0, 0x84, 0x3, 0xc2, 0x1, 0xf1, 0xa0, 0x7,
    0x9c, 0x40, 0x3d, 0x2c, 0x66, 0x17, 0x7a, 0x59,
    0xdc, 0xc0, 0x3, 0x27, 0x78, 0x5d, 0xe8, 0x77,
    0x98, 0x1, 0x70, 0x89, 0x1, 0xc4, 0x31, 0xdd,
    0x22, 0x0, 0xa7, 0x87, 0x70, 0x3d, 0xc5, 0xbb,
    0xb0, 0xc0, 0x4, 0xfe, 0xee, 0x0, 0x4b, 0xbe,
    0x90, 0xf, 0xf4, 0xbb, 0xe9, 0x0, 0x88, 0x9a,
    0x44, 0x1, 0x97, 0x7d, 0x20, 0x10, 0x8f, 0x0,
    0x80, 0x7f, 0x19, 0xb0, 0xcc, 0x0, 0x97, 0x7d,
    0x20, 0x1f, 0x93, 0xa9, 0xdf, 0x7d, 0x8, 0x7,
    0x96, 0xa4, 0x5d, 0x8e, 0xa0, 0x40, 0x2f, 0x66,
    0x8, 0x42, 0x80, 0x83, 0x80, 0x73, 0x3b, 0xc,
    0x49, 0x80, 0x11, 0x60, 0x3, 0x70, 0x80, 0xc0,
    0x80, 0x62, 0x80,

    /* U+95ED "闭" */
    0x0, 0xff, 0xe0, 0xaa, 0x0, 0x19, 0xdf, 0xe5,
    0x51, 0x90, 0x33, 0xbf, 0xc4, 0xe, 0x1, 0xc2,
    0x1, 0xce, 0x4, 0x1, 0xa4, 0x3, 0xff, 0x90,
    0xef, 0xf9, 0x40, 0x33, 0xbe, 0x15, 0x77, 0x28,
    0x7, 0xc6, 0x44, 0x0, 0xfe, 0x46, 0x40, 0xf,
    0xe6, 0x75, 0x0, 0xfc, 0x6e, 0xe3, 0x0, 0xfe,
    0x37, 0x10, 0xf, 0xfe, 0x13, 0x3f, 0x0, 0x7f,
    0x99, 0xd8, 0x0, 0xee, 0x27, 0x0, 0xfe, 0x77,
    0x28,

    /* U+95F4 "间" */
    0x0, 0xff, 0xe0, 0xa2, 0x0, 0xc, 0xef, 0xf2,
    0xa0, 0x98, 0x33, 0xbf, 0xc4, 0xa, 0x40, 0x1f,
    0xe7, 0x1, 0x0, 0xff, 0xe0, 0xab, 0xbe, 0x80,
    0xf, 0x89, 0xdf, 0x78, 0x7, 0xff, 0x23, 0xdd,
    0xf6, 0x0, 0x7d, 0xee, 0xfb, 0x0, 0x3f, 0xfa,
    0xa6, 0xef, 0x84, 0x3, 0xe4, 0x77, 0xcc, 0x1,
    0xff, 0xc2, 0x77, 0x10,

    /* U+9762 "面" */
    0x77, 0xf6, 0x43, 0xbf, 0xff, 0x1, 0x21, 0xdf,
    0xc0, 0x1c, 0x3e, 0x1, 0xf1, 0x53, 0xbb, 0x5b,
    0xdd, 0xda, 0xee, 0xa2, 0xf, 0x77, 0x53, 0xc3,
    0xba, 0x9d, 0xde, 0x1, 0xff, 0xc7, 0xd7, 0x7d,
    0xc0, 0x1f, 0xb5, 0xdf, 0x70, 0x7, 0xed, 0x77,
    0xda, 0x1, 0xfb, 0x5d, 0xf6, 0x80, 0x7f, 0xf1,
    0xf4, 0xcd, 0x86, 0x7b, 0x4c, 0xda, 0x0, 0x17,
    0x77, 0xbb, 0xee, 0x77, 0x8, 0x0,

    /* U+9875 "页" */
    0x47, 0x7f, 0x43, 0xbf, 0x32, 0x3b, 0xf1, 0xdb,
    0xbf, 0x30, 0x7, 0xb0, 0xc0, 0x3f, 0x33, 0xba,
    0x11, 0xdf, 0x80, 0x30, 0xbb, 0xa3, 0x1d, 0xf0,
    0x80, 0x7e, 0x13, 0x0, 0xff, 0xe0, 0x1b, 0x0,
    0x7f, 0xf7, 0x19, 0x80, 0x1f, 0xfc, 0xd, 0x33,
    0x0, 0x7c, 0xe0, 0x7, 0xa0, 0x4, 0x1b, 0x0,
    0x72, 0xbb, 0x18, 0x1c, 0x34, 0x8, 0x2b, 0xb2,
    0x38, 0x80, 0x65, 0x86, 0x45, 0x76, 0x10, 0xf,
    0xce, 0x80,

    /* U+9888 "颈" */
    0x6, 0x77, 0xcc, 0x8e, 0xf5, 0x3b, 0xc0, 0xce,
    0xf1, 0x92, 0x3b, 0x9b, 0x1d, 0xe0, 0xc, 0x38,
    0x80, 0x13, 0xb8, 0x3, 0xc5, 0x50, 0x0, 0xa7,
    0xf6, 0x79, 0x30, 0x1, 0xac, 0x40, 0x83, 0x5e,
    0x59, 0xf4, 0x5, 0xd9, 0xce, 0x14, 0x40, 0x2,
    0xe0, 0x10, 0xba, 0x80, 0x4e, 0x20, 0x1f, 0x99,
    0xe2, 0xe, 0xe0, 0xf, 0xe6, 0x7a, 0xc7, 0x70,
    0x6, 0x30, 0xf, 0xfe, 0x9, 0x8, 0x7, 0xfc,
    0x60, 0xaa, 0x6, 0x10, 0xe, 0x25, 0x14, 0x1,
    0x38, 0x22, 0x2, 0xbd, 0x63, 0xa0, 0x8a, 0x1c,
    0xa6, 0x42, 0x8, 0xf1, 0x5, 0x16, 0x78, 0x0,
    0xc, 0xb0, 0x8, 0x7, 0x33, 0x0, 0x39, 0xc0,

    /* U+9891 "频" */
    0x0, 0xc4, 0x1, 0xff, 0xc3, 0x50, 0x9, 0x1d,
    0xfc, 0x1, 0x30, 0x0, 0x84, 0x48, 0xee, 0x16,
    0x77, 0x0, 0x42, 0x1e, 0x8e, 0x40, 0x17, 0x8,
    0x7, 0xde, 0xcc, 0x32, 0x98, 0x27, 0x73, 0x0,
    0x7, 0x87, 0xc4, 0x60, 0xc8, 0x97, 0x77, 0x0,
    0xbf, 0x3a, 0x3b, 0xc0, 0x12, 0x0, 0x61, 0x66,
    0xad, 0x9a, 0x0, 0xff, 0x30, 0x6, 0x60, 0xf,
    0xe2, 0x20, 0x4, 0xce, 0x1, 0xfd, 0x6a, 0x1,
    0x8, 0x80, 0x3f, 0xa0, 0x0, 0xae, 0xc0, 0x6c,
    0x22, 0x0, 0x70, 0x0, 0x40, 0xe, 0x62, 0x2,
    0x6c, 0x8e, 0xc, 0x1, 0x9c, 0x50, 0x2, 0x52,
    0x23, 0x48, 0x80, 0x16, 0x19, 0x0, 0x8, 0xec,
    0xa0, 0x33, 0x2, 0xb, 0x2, 0x1, 0x23, 0x98,
    0x6, 0x91,

    /* U+9ED8 "默" */
    0x0, 0xff, 0x88, 0x3, 0x95, 0xdd, 0x4e, 0xe5,
    0x0, 0x94, 0x40, 0x31, 0x2b, 0xeb, 0xa9, 0x0,
    0x65, 0x30, 0xc, 0x26, 0x4, 0xe0, 0x1c, 0x88,
    0x10, 0x8, 0xd0, 0x11, 0x0, 0x1e, 0x73, 0x0,
    0xcc, 0xa, 0x20, 0xae, 0xe8, 0x77, 0x28, 0x0,
    0xdd, 0xa1, 0x1c, 0xd5, 0xdc, 0xe, 0xf0, 0x1,
    0x1d, 0xd0, 0xee, 0x40, 0x1, 0x10, 0x3, 0x95,
    0xdd, 0xe, 0xe4, 0x0, 0x32, 0x90, 0x6, 0x57,
    0x74, 0x3b, 0x90, 0x0, 0x72, 0x80, 0x19, 0xde,
    0xc7, 0x73, 0x0, 0x3c, 0x44, 0x1, 0x99, 0x8f,
    0x6e, 0xe6, 0x2, 0xd0, 0x22, 0x0, 0x4e, 0x2e,
    0xc, 0x48, 0x14, 0xa0, 0xb4, 0x1, 0xf0, 0x91,
    0x9b, 0x80, 0x2c, 0x50, 0x36, 0x2, 0x3, 0x7,
    0xa6, 0x0, 0x90, 0xd0, 0xc0, 0xa, 0x8, 0x0,
    0x90, 0xe, 0x64
};


/*---------------------
 *  GLYPH DESCRIPTION
 *--------------------*/

static const lv_font_fmt_txt_glyph_dsc_t glyph_dsc[] = {
    {.bitmap_index = 0, .adv_w = 0, .box_w = 0, .box_h = 0, .ofs_x = 0, .ofs_y = 0} /* id = 0 reserved */,
    {.bitmap_index = 0, .adv_w = 56, .box_w = 0, .box_h = 0, .ofs_x = 0, .ofs_y = 0},
    {.bitmap_index = 0, .adv_w = 70, .box_w = 2, .box_h = 12, .ofs_x = 1, .ofs_y = 0},
    {.bitmap_index = 10, .adv_w = 96, .box_w = 4, .box_h = 4, .ofs_x = 1, .ofs_y = 9},
    {.bitmap_index = 18, .adv_w = 133, .box_w = 8, .box_h = 12, .ofs_x = 0, .ofs_y = 0},
    {.bitmap_index = 62, .adv_w = 133, .box_w = 7, .box_h = 16, .ofs_x = 1, .ofs_y = -2},
    {.bitmap_index = 106, .adv_w = 225, .box_w = 14, .box_h = 12, .ofs_x = 0, .ofs_y = 0},
    {.bitmap_index = 185, .adv_w = 159, .box_w = 10, .box_h = 12, .ofs_x = 0, .ofs_y = 0},
    {.bitmap_index = 238, .adv_w = 59, .box_w = 2, .box_h = 4, .ofs_x = 1, .ofs_y = 9},
    {.bitmap_index = 243, .adv_w = 77, .box_w = 4, .box_h = 18, .ofs_x = 1, .ofs_y = -4},
    {.bitmap_index = 274, .adv_w = 77, .box_w = 4, .box_h = 18, .ofs_x = 0, .ofs_y = -4},
    {.bitmap_index = 307, .adv_w = 109, .box_w = 5, .box_h = 5, .ofs_x = 1, .ofs_y = 8},
    {.bitmap_index = 321, .adv_w = 133, .box_w = 8, .box_h = 9, .ofs_x = 0, .ofs_y = 2},
    {.bitmap_index = 344, .adv_w = 59, .box_w = 3, .box_h = 5, .ofs_x = 0, .ofs_y = -3},
    {.bitmap_index = 352, .adv_w = 83, .box_w = 5, .box_h = 1, .ofs_x = 0, .ofs_y = 4},
    {.bitmap_index = 355, .adv_w = 59, .box_w = 2, .box_h = 2, .ofs_x = 1, .ofs_y = 0},
    {.bitmap_index = 357, .adv_w = 101, .box_w = 7, .box_h = 16, .ofs_x = 0, .ofs_y = -3},
    {.bitmap_index = 395, .adv_w = 133, .box_w = 8, .box_h = 12, .ofs_x = 0, .ofs_y = 0},
    {.bitmap_index = 436, .adv_w = 133, .box_w = 7, .box_h = 12, .ofs_x = 1, .ofs_y = 0},
    {.bitmap_index = 451, .adv_w = 133, .box_w = 8, .box_h = 12, .ofs_x = 0, .ofs_y = 0},
    {.bitmap_index = 486, .adv_w = 133, .box_w = 8, .box_h = 12, .ofs_x = 0, .ofs_y = 0},
    {.bitmap_index = 525, .adv_w = 133, .box_w = 8, .box_h = 12, .ofs_x = 0, .ofs_y = 0},
    {.bitmap_index = 558, .adv_w = 133, .box_w = 8, .box_h = 12, .ofs_x = 0, .ofs_y = 0},
    {.bitmap_index = 599, .adv_w = 133, .box_w = 8, .box_h = 12, .ofs_x = 0, .ofs_y = 0},
    {.bitmap_index = 643, .adv_w = 133, .box_w = 8, .box_h = 12, .ofs_x = 0, .ofs_y = 0},
    {.bitmap_index = 676, .adv_w = 133, .box_w = 8, .box_h = 12, .ofs_x = 0, .ofs_y = 0},
    {.bitmap_index = 722, .adv_w = 133, .box_w = 8, .box_h = 12, .ofs_x = 0, .ofs_y = 0},
    {.bitmap_index = 766, .adv_w = 59, .box_w = 2, .box_h = 9, .ofs_x = 1, .ofs_y = 0},
    {.bitmap_index = 773, .adv_w = 59, .box_w = 3, .box_h = 12, .ofs_x = 0, .ofs_y = -3},
    {.bitmap_index = 788, .adv_w = 133, .box_w = 8, .box_h = 8, .ofs_x = 0, .ofs_y = 2},
    {.bitmap_index = 816, .adv_w = 133, .box_w = 8, .box_h = 5, .ofs_x = 0, .ofs_y = 4},
    {.bitmap_index = 827, .adv_w = 133, .box_w = 8, .box_h = 8, .ofs_x = 0, .ofs_y = 2},
    {.bitmap_index = 855, .adv_w = 111, .box_w = 7, .box_h = 12, .ofs_x = 0, .ofs_y = 0},
    {.bitmap_index = 888, .adv_w = 227, .box_w = 14, .box_h = 15, .ofs_x = 0, .ofs_y = -3},
    {.bitmap_index = 979, .adv_w = 147, .box_w = 10, .box_h = 12, .ofs_x = 0, .ofs_y = 0},
    {.bitmap_index = 1023, .adv_w = 162, .box_w = 9, .box_h = 12, .ofs_x = 1, .ofs_y = 0},
    {.bitmap_index = 1067, .adv_w = 158, .box_w = 10, .box_h = 12, .ofs_x = 0, .ofs_y = 0},
    {.bitmap_index = 1102, .adv_w = 169, .box_w = 9, .box_h = 12, .ofs_x = 1, .ofs_y = 0},
    {.bitmap_index = 1141, .adv_w = 144, .box_w = 8, .box_h = 12, .ofs_x = 1, .ofs_y = 0},
    {.bitmap_index = 1161, .adv_w = 133, .box_w = 7, .box_h = 12, .ofs_x = 1, .ofs_y = 0},
    {.bitmap_index = 1178, .adv_w = 169, .box_w = 10, .box_h = 12, .ofs_x = 0, .ofs_y = 0},
    {.bitmap_index = 1222, .adv_w = 179, .box_w = 9, .box_h = 12, .ofs_x = 1, .ofs_y = 0},
    {.bitmap_index = 1238, .adv_w = 66, .box_w = 2, .box_h = 12, .ofs_x = 1, .ofs_y = 0},
    {.bitmap_index = 1243, .adv_w = 129, .box_w = 7, .box_h = 12, .ofs_x = 0, .ofs_y = 0},
    {.bitmap_index = 1257, .adv_w = 155, .box_w = 9, .box_h = 12, .ofs_x = 1, .ofs_y = 0},
    {.bitmap_index = 1297, .adv_w = 130, .box_w = 7, .box_h = 12, .ofs_x = 1, .ofs_y = 0},
    {.bitmap_index = 1304, .adv_w = 197, .box_w = 10, .box_h = 12, .ofs_x = 1, .ofs_y = 0},
    {.bitmap_index = 1347, .adv_w = 178, .box_w = 9, .box_h = 12, .ofs_x = 1, .ofs_y = 0},
    {.bitmap_index = 1383, .adv_w = 183, .box_w = 11, .box_h = 12, .ofs_x = 0, .ofs_y = 0},
    {.bitmap_index = 1434, .adv_w = 153, .box_w = 8, .box_h = 12, .ofs_x = 1, .ofs_y = 0},
    {.bitmap_index = 1464, .adv_w = 183, .box_w = 11, .box_h = 15, .ofs_x = 0, .ofs_y = -3},
    {.bitmap_index = 1528, .adv_w = 151, .box_w = 8, .box_h = 12, .ofs_x = 1, .ofs_y = 0},
    {.bitmap_index = 1566, .adv_w = 146, .box_w = 9, .box_h = 12, .ofs_x = 0, .ofs_y = 0},
    {.bitmap_index = 1609, .adv_w = 147, .box_w = 9, .box_h = 12, .ofs_x = 0, .ofs_y = 0},
    {.bitmap_index = 1624, .adv_w = 178, .box_w = 9, .box_h = 12, .ofs_x = 1, .ofs_y = 0},
    {.bitmap_index = 1647, .adv_w = 136, .box_w = 9, .box_h = 12, .ofs_x = 0, .ofs_y = 0},
    {.bitmap_index = 1691, .adv_w = 216, .box_w = 13, .box_h = 12, .ofs_x = 0, .ofs_y = 0},
    {.bitmap_index = 1758, .adv_w = 133, .box_w = 8, .box_h = 12, .ofs_x = 0, .ofs_y = 0},
    {.bitmap_index = 1802, .adv_w = 123, .box_w = 8, .box_h = 12, .ofs_x = 0, .ofs_y = 0},
    {.bitmap_index = 1832, .adv_w = 152, .box_w = 9, .box_h = 12, .ofs_x = 0, .ofs_y = 0},
    {.bitmap_index = 1869, .adv_w = 77, .box_w = 4, .box_h = 16, .ofs_x = 1, .ofs_y = -3},
    {.bitmap_index = 1879, .adv_w = 101, .box_w = 7, .box_h = 16, .ofs_x = 0, .ofs_y = -3},
    {.bitmap_index = 1915, .adv_w = 77, .box_w = 4, .box_h = 16, .ofs_x = 0, .ofs_y = -3},
    {.bitmap_index = 1924, .adv_w = 133, .box_w = 7, .box_h = 7, .ofs_x = 1, .ofs_y = 5},
    {.bitmap_index = 1946, .adv_w = 141, .box_w = 9, .box_h = 1, .ofs_x = 0, .ofs_y = -2},
    {.bitmap_index = 1949, .adv_w = 150, .box_w = 4, .box_h = 4, .ofs_x = 2, .ofs_y = 10},
    {.bitmap_index = 1957, .adv_w = 137, .box_w = 7, .box_h = 9, .ofs_x = 1, .ofs_y = 0},
    {.bitmap_index = 1988, .adv_w = 152, .box_w = 8, .box_h = 14, .ofs_x = 1, .ofs_y = 0},
    {.bitmap_index = 2027, .adv_w = 126, .box_w = 8, .box_h = 9, .ofs_x = 0, .ofs_y = 0},
    {.bitmap_index = 2052, .adv_w = 152, .box_w = 8, .box_h = 14, .ofs_x = 0, .ofs_y = 0},
    {.bitmap_index = 2087, .adv_w = 135, .box_w = 8, .box_h = 9, .ofs_x = 0, .ofs_y = 0},
    {.bitmap_index = 2116, .adv_w = 71, .box_w = 5, .box_h = 14, .ofs_x = 0, .ofs_y = 0},
    {.bitmap_index = 2134, .adv_w = 136, .box_w = 9, .box_h = 13, .ofs_x = 0, .ofs_y = -4},
    {.bitmap_index = 2188, .adv_w = 147, .box_w = 7, .box_h = 13, .ofs_x = 1, .ofs_y = 0},
    {.bitmap_index = 2206, .adv_w = 63, .box_w = 2, .box_h = 12, .ofs_x = 1, .ofs_y = 0},
    {.bitmap_index = 2214, .adv_w = 63, .box_w = 4, .box_h = 16, .ofs_x = -1, .ofs_y = -4},
    {.bitmap_index = 2231, .adv_w = 128, .box_w = 7, .box_h = 13, .ofs_x = 1, .ofs_y = 0},
    {.bitmap_index = 2261, .adv_w = 65, .box_w = 3, .box_h = 14, .ofs_x = 1, .ofs_y = 0},
    {.bitmap_index = 2270, .adv_w = 228, .box_w = 12, .box_h = 9, .ofs_x = 1, .ofs_y = 0},
    {.bitmap_index = 2296, .adv_w = 148, .box_w = 7, .box_h = 9, .ofs_x = 1, .ofs_y = 0},
    {.bitmap_index = 2311, .adv_w = 150, .box_w = 9, .box_h = 9, .ofs_x = 0, .ofs_y = 0},
    {.bitmap_index = 2345, .adv_w = 152, .box_w = 8, .box_h = 13, .ofs_x = 1, .ofs_y = -4},
    {.bitmap_index = 2382, .adv_w = 152, .box_w = 8, .box_h = 13, .ofs_x = 0, .ofs_y = -4},
    {.bitmap_index = 2418, .adv_w = 87, .box_w = 5, .box_h = 9, .ofs_x = 1, .ofs_y = 0},
    {.bitmap_index = 2430, .adv_w = 113, .box_w = 7, .box_h = 9, .ofs_x = 0, .ofs_y = 0},
    {.bitmap_index = 2460, .adv_w = 86, .box_w = 6, .box_h = 12, .ofs_x = 0, .ofs_y = 0},
    {.bitmap_index = 2482, .adv_w = 148, .box_w = 7, .box_h = 9, .ofs_x = 1, .ofs_y = 0},
    {.bitmap_index = 2499, .adv_w = 119, .box_w = 8, .box_h = 9, .ofs_x = 0, .ofs_y = 0},
    {.bitmap_index = 2530, .adv_w = 190, .box_w = 12, .box_h = 9, .ofs_x = 0, .ofs_y = 0},
    {.bitmap_index = 2579, .adv_w = 111, .box_w = 7, .box_h = 9, .ofs_x = 0, .ofs_y = 0},
    {.bitmap_index = 2609, .adv_w = 120, .box_w = 8, .box_h = 13, .ofs_x = 0, .ofs_y = -4},
    {.bitmap_index = 2653, .adv_w = 112, .box_w = 7, .box_h = 9, .ofs_x = 0, .ofs_y = 0},
    {.bitmap_index = 2679, .adv_w = 77, .box_w = 5, .box_h = 16, .ofs_x = 0, .ofs_y = -3},
    {.bitmap_index = 2706, .adv_w = 62, .box_w = 2, .box_h = 19, .ofs_x = 1, .ofs_y = -5},
    {.bitmap_index = 2712, .adv_w = 77, .box_w = 5, .box_h = 16, .ofs_x = 0, .ofs_y = -3},
    {.bitmap_index = 2740, .adv_w = 133, .box_w = 8, .box_h = 3, .ofs_x = 0, .ofs_y = 5},
    {.bitmap_index = 2752, .adv_w = 256, .box_w = 14, .box_h = 12, .ofs_x = 1, .ofs_y = 0},
    {.bitmap_index = 2777, .adv_w = 256, .box_w = 16, .box_h = 13, .ofs_x = 0, .ofs_y = -1},
    {.bitmap_index = 2832, .adv_w = 256, .box_w = 14, .box_h = 15, .ofs_x = 1, .ofs_y = -1},
    {.bitmap_index = 2872, .adv_w = 256, .box_w = 15, .box_h = 15, .ofs_x = 0, .ofs_y = -1},
    {.bitmap_index = 2919, .adv_w = 256, .box_w = 16, .box_h = 16, .ofs_x = 0, .ofs_y = -2},
    {.bitmap_index = 3011, .adv_w = 256, .box_w = 15, .box_h = 14, .ofs_x = 1, .ofs_y = -1},
    {.bitmap_index = 3044, .adv_w = 256, .box_w = 15, .box_h = 16, .ofs_x = 1, .ofs_y = -2},
    {.bitmap_index = 3119, .adv_w = 256, .box_w = 16, .box_h = 16, .ofs_x = 0, .ofs_y = -2},
    {.bitmap_index = 3210, .adv_w = 256, .box_w = 16, .box_h = 15, .ofs_x = 0, .ofs_y = -1},
    {.bitmap_index = 3286, .adv_w = 256, .box_w = 16, .box_h = 16, .ofs_x = 0, .ofs_y = -2},
    {.bitmap_index = 3376, .adv_w = 256, .box_w = 16, .box_h = 15, .ofs_x = 0, .ofs_y = -1},
    {.bitmap_index = 3458, .adv_w = 256, .box_w = 16, .box_h = 15, .ofs_x = 0, .ofs_y = -1},
    {.bitmap_index = 3547, .adv_w = 256, .box_w = 16, .box_h = 15, .ofs_x = 0, .ofs_y = -1},
    {.bitmap_index = 3626, .adv_w = 256, .box_w = 16, .box_h = 16, .ofs_x = 0, .ofs_y = -2},
    {.bitmap_index = 3710, .adv_w = 256, .box_w = 15, .box_h = 14, .ofs_x = 1, .ofs_y = -2},
    {.bitmap_index = 3772, .adv_w = 256, .box_w = 16, .box_h = 15, .ofs_x = 0, .ofs_y = -1},
    {.bitmap_index = 3844, .adv_w = 256, .box_w = 15, .box_h = 16, .ofs_x = 1, .ofs_y = -2},
    {.bitmap_index = 3923, .adv_w = 256, .box_w = 14, .box_h = 15, .ofs_x = 0, .ofs_y = -2},
    {.bitmap_index = 4001, .adv_w = 256, .box_w = 15, .box_h = 16, .ofs_x = 0, .ofs_y = -2},
    {.bitmap_index = 4077, .adv_w = 256, .box_w = 16, .box_h = 16, .ofs_x = 0, .ofs_y = -2},
    {.bitmap_index = 4163, .adv_w = 256, .box_w = 15, .box_h = 16, .ofs_x = 0, .ofs_y = -2},
    {.bitmap_index = 4259, .adv_w = 256, .box_w = 15, .box_h = 16, .ofs_x = 0, .ofs_y = -2},
    {.bitmap_index = 4334, .adv_w = 256, .box_w = 15, .box_h = 15, .ofs_x = 0, .ofs_y = -1},
    {.bitmap_index = 4402, .adv_w = 256, .box_w = 16, .box_h = 16, .ofs_x = 0, .ofs_y = -2},
    {.bitmap_index = 4506, .adv_w = 256, .box_w = 15, .box_h = 14, .ofs_x = 1, .ofs_y = -1},
    {.bitmap_index = 4552, .adv_w = 256, .box_w = 14, .box_h = 16, .ofs_x = 1, .ofs_y = -2},
    {.bitmap_index = 4614, .adv_w = 256, .box_w = 14, .box_h = 15, .ofs_x = 1, .ofs_y = -2},
    {.bitmap_index = 4675, .adv_w = 256, .box_w = 16, .box_h = 14, .ofs_x = 0, .ofs_y = -1},
    {.bitmap_index = 4755, .adv_w = 256, .box_w = 14, .box_h = 14, .ofs_x = 1, .ofs_y = -1},
    {.bitmap_index = 4793, .adv_w = 256, .box_w = 15, .box_h = 15, .ofs_x = 0, .ofs_y = -1},
    {.bitmap_index = 4853, .adv_w = 256, .box_w = 16, .box_h = 16, .ofs_x = 0, .ofs_y = -2},
    {.bitmap_index = 4944, .adv_w = 256, .box_w = 16, .box_h = 16, .ofs_x = 0, .ofs_y = -2},
    {.bitmap_index = 5029, .adv_w = 256, .box_w = 16, .box_h = 16, .ofs_x = 0, .ofs_y = -2},
    {.bitmap_index = 5125, .adv_w = 256, .box_w = 14, .box_h = 16, .ofs_x = 1, .ofs_y = -2},
    {.bitmap_index = 5213, .adv_w = 256, .box_w = 16, .box_h = 16, .ofs_x = 0, .ofs_y = -2},
    {.bitmap_index = 5296, .adv_w = 256, .box_w = 16, .box_h = 16, .ofs_x = 0, .ofs_y = -2},
    {.bitmap_index = 5386, .adv_w = 256, .box_w = 15, .box_h = 15, .ofs_x = 1, .ofs_y = -2},
    {.bitmap_index = 5453, .adv_w = 256, .box_w = 16, .box_h = 16, .ofs_x = 0, .ofs_y = -2},
    {.bitmap_index = 5555, .adv_w = 256, .box_w = 14, .box_h = 13, .ofs_x = 1, .ofs_y = -1},
    {.bitmap_index = 5598, .adv_w = 256, .box_w = 16, .box_h = 16, .ofs_x = 0, .ofs_y = -2},
    {.bitmap_index = 5686, .adv_w = 256, .box_w = 16, .box_h = 16, .ofs_x = 0, .ofs_y = -2},
    {.bitmap_index = 5776, .adv_w = 256, .box_w = 16, .box_h = 16, .ofs_x = 0, .ofs_y = -2},
    {.bitmap_index = 5874, .adv_w = 256, .box_w = 15, .box_h = 15, .ofs_x = 0, .ofs_y = -2},
    {.bitmap_index = 5938, .adv_w = 256, .box_w = 13, .box_h = 16, .ofs_x = 1, .ofs_y = -2},
    {.bitmap_index = 5993, .adv_w = 256, .box_w = 16, .box_h = 16, .ofs_x = 0, .ofs_y = -2},
    {.bitmap_index = 6096, .adv_w = 256, .box_w = 16, .box_h = 15, .ofs_x = 0, .ofs_y = -2},
    {.bitmap_index = 6186, .adv_w = 256, .box_w = 13, .box_h = 15, .ofs_x = 1, .ofs_y = -1},
    {.bitmap_index = 6241, .adv_w = 256, .box_w = 16, .box_h = 15, .ofs_x = 0, .ofs_y = -2},
    {.bitmap_index = 6334, .adv_w = 256, .box_w = 16, .box_h = 16, .ofs_x = 0, .ofs_y = -2},
    {.bitmap_index = 6426, .adv_w = 256, .box_w = 16, .box_h = 16, .ofs_x = 0, .ofs_y = -2},
    {.bitmap_index = 6520, .adv_w = 256, .box_w = 16, .box_h = 16, .ofs_x = 0, .ofs_y = -2},
    {.bitmap_index = 6604, .adv_w = 256, .box_w = 16, .box_h = 16, .ofs_x = 0, .ofs_y = -2},
    {.bitmap_index = 6679, .adv_w = 256, .box_w = 16, .box_h = 16, .ofs_x = 0, .ofs_y = -2},
    {.bitmap_index = 6782, .adv_w = 256, .box_w = 16, .box_h = 16, .ofs_x = 0, .ofs_y = -2},
    {.bitmap_index = 6875, .adv_w = 256, .box_w = 16, .box_h = 16, .ofs_x = 0, .ofs_y = -2},
    {.bitmap_index = 6980, .adv_w = 256, .box_w = 16, .box_h = 16, .ofs_x = 0, .ofs_y = -2},
    {.bitmap_index = 7083, .adv_w = 256, .box_w = 16, .box_h = 16, .ofs_x = 0, .ofs_y = -2},
    {.bitmap_index = 7198, .adv_w = 256, .box_w = 16, .box_h = 16, .ofs_x = 0, .ofs_y = -2},
    {.bitmap_index = 7319, .adv_w = 256, .box_w = 15, .box_h = 16, .ofs_x = 0, .ofs_y = -2},
    {.bitmap_index = 7392, .adv_w = 256, .box_w = 16, .box_h = 15, .ofs_x = 0, .ofs_y = -2},
    {.bitmap_index = 7462, .adv_w = 256, .box_w = 15, .box_h = 15, .ofs_x = 1, .ofs_y = -1},
    {.bitmap_index = 7533, .adv_w = 256, .box_w = 16, .box_h = 16, .ofs_x = 0, .ofs_y = -2},
    {.bitmap_index = 7626, .adv_w = 256, .box_w = 16, .box_h = 15, .ofs_x = 0, .ofs_y = -1},
    {.bitmap_index = 7694, .adv_w = 256, .box_w = 15, .box_h = 15, .ofs_x = 0, .ofs_y = -1},
    {.bitmap_index = 7785, .adv_w = 256, .box_w = 16, .box_h = 15, .ofs_x = 0, .ofs_y = -1},
    {.bitmap_index = 7862, .adv_w = 256, .box_w = 16, .box_h = 16, .ofs_x = 0, .ofs_y = -2},
    {.bitmap_index = 7975, .adv_w = 256, .box_w = 16, .box_h = 15, .ofs_x = 0, .ofs_y = -1},
    {.bitmap_index = 8016, .adv_w = 256, .box_w = 16, .box_h = 13, .ofs_x = 0, .ofs_y = -1},
    {.bitmap_index = 8054, .adv_w = 256, .box_w = 15, .box_h = 16, .ofs_x = 0, .ofs_y = -2},
    {.bitmap_index = 8142, .adv_w = 256, .box_w = 16, .box_h = 16, .ofs_x = 0, .ofs_y = -2},
    {.bitmap_index = 8246, .adv_w = 256, .box_w = 15, .box_h = 16, .ofs_x = 0, .ofs_y = -2},
    {.bitmap_index = 8350, .adv_w = 256, .box_w = 15, .box_h = 15, .ofs_x = 0, .ofs_y = -1},
    {.bitmap_index = 8405, .adv_w = 256, .box_w = 16, .box_h = 15, .ofs_x = 0, .ofs_y = -1},
    {.bitmap_index = 8492, .adv_w = 256, .box_w = 15, .box_h = 15, .ofs_x = 0, .ofs_y = -2},
    {.bitmap_index = 8558, .adv_w = 256, .box_w = 14, .box_h = 15, .ofs_x = 2, .ofs_y = -1},
    {.bitmap_index = 8616, .adv_w = 256, .box_w = 15, .box_h = 15, .ofs_x = 0, .ofs_y = -2},
    {.bitmap_index = 8698, .adv_w = 256, .box_w = 16, .box_h = 16, .ofs_x = 0, .ofs_y = -2},
    {.bitmap_index = 8780, .adv_w = 256, .box_w = 16, .box_h = 15, .ofs_x = 0, .ofs_y = -1},
    {.bitmap_index = 8876, .adv_w = 256, .box_w = 16, .box_h = 15, .ofs_x = 0, .ofs_y = -1},
    {.bitmap_index = 8944, .adv_w = 256, .box_w = 15, .box_h = 15, .ofs_x = 0, .ofs_y = -1},
    {.bitmap_index = 9025, .adv_w = 256, .box_w = 15, .box_h = 16, .ofs_x = 0, .ofs_y = -2},
    {.bitmap_index = 9127, .adv_w = 256, .box_w = 15, .box_h = 13, .ofs_x = 0, .ofs_y = -1},
    {.bitmap_index = 9186, .adv_w = 256, .box_w = 14, .box_h = 16, .ofs_x = 1, .ofs_y = -2},
    {.bitmap_index = 9274, .adv_w = 256, .box_w = 14, .box_h = 14, .ofs_x = 1, .ofs_y = -1},
    {.bitmap_index = 9362, .adv_w = 256, .box_w = 16, .box_h = 15, .ofs_x = 0, .ofs_y = -1},
    {.bitmap_index = 9470, .adv_w = 256, .box_w = 16, .box_h = 16, .ofs_x = 0, .ofs_y = -2},
    {.bitmap_index = 9578, .adv_w = 256, .box_w = 16, .box_h = 14, .ofs_x = 0, .ofs_y = 0},
    {.bitmap_index = 9678, .adv_w = 256, .box_w = 15, .box_h = 16, .ofs_x = 1, .ofs_y = -2},
    {.bitmap_index = 9778, .adv_w = 256, .box_w = 16, .box_h = 16, .ofs_x = 0, .ofs_y = -2},
    {.bitmap_index = 9887, .adv_w = 256, .box_w = 15, .box_h = 16, .ofs_x = 0, .ofs_y = -2},
    {.bitmap_index = 9988, .adv_w = 256, .box_w = 15, .box_h = 14, .ofs_x = 1, .ofs_y = -1},
    {.bitmap_index = 10069, .adv_w = 256, .box_w = 14, .box_h = 15, .ofs_x = 0, .ofs_y = -1},
    {.bitmap_index = 10136, .adv_w = 256, .box_w = 16, .box_h = 16, .ofs_x = 0, .ofs_y = -2},
    {.bitmap_index = 10240, .adv_w = 256, .box_w = 15, .box_h = 15, .ofs_x = 0, .ofs_y = -2},
    {.bitmap_index = 10341, .adv_w = 256, .box_w = 16, .box_h = 16, .ofs_x = 0, .ofs_y = -2},
    {.bitmap_index = 10451, .adv_w = 256, .box_w = 12, .box_h = 15, .ofs_x = 2, .ofs_y = -1},
    {.bitmap_index = 10497, .adv_w = 256, .box_w = 16, .box_h = 15, .ofs_x = 0, .ofs_y = -1},
    {.bitmap_index = 10551, .adv_w = 256, .box_w = 16, .box_h = 15, .ofs_x = 0, .ofs_y = -1},
    {.bitmap_index = 10612, .adv_w = 256, .box_w = 13, .box_h = 16, .ofs_x = 1, .ofs_y = -2},
    {.bitmap_index = 10685, .adv_w = 256, .box_w = 16, .box_h = 16, .ofs_x = 0, .ofs_y = -2},
    {.bitmap_index = 10765, .adv_w = 256, .box_w = 16, .box_h = 15, .ofs_x = 0, .ofs_y = -2},
    {.bitmap_index = 10854, .adv_w = 256, .box_w = 15, .box_h = 15, .ofs_x = 0, .ofs_y = -2},
    {.bitmap_index = 10942, .adv_w = 256, .box_w = 16, .box_h = 16, .ofs_x = 0, .ofs_y = -2},
    {.bitmap_index = 11014, .adv_w = 256, .box_w = 16, .box_h = 16, .ofs_x = 0, .ofs_y = -2},
    {.bitmap_index = 11125, .adv_w = 256, .box_w = 16, .box_h = 15, .ofs_x = 0, .ofs_y = -1},
    {.bitmap_index = 11223, .adv_w = 256, .box_w = 16, .box_h = 15, .ofs_x = 0, .ofs_y = -2},
    {.bitmap_index = 11310, .adv_w = 256, .box_w = 16, .box_h = 14, .ofs_x = 0, .ofs_y = -1},
    {.bitmap_index = 11399, .adv_w = 256, .box_w = 16, .box_h = 16, .ofs_x = 0, .ofs_y = -2},
    {.bitmap_index = 11498, .adv_w = 256, .box_w = 16, .box_h = 15, .ofs_x = 0, .ofs_y = -2},
    {.bitmap_index = 11602, .adv_w = 256, .box_w = 16, .box_h = 15, .ofs_x = 0, .ofs_y = -1},
    {.bitmap_index = 11687, .adv_w = 256, .box_w = 15, .box_h = 15, .ofs_x = 0, .ofs_y = -1},
    {.bitmap_index = 11774, .adv_w = 256, .box_w = 15, .box_h = 14, .ofs_x = 1, .ofs_y = -1},
    {.bitmap_index = 11848, .adv_w = 256, .box_w = 16, .box_h = 14, .ofs_x = 0, .ofs_y = -1},
    {.bitmap_index = 11926, .adv_w = 256, .box_w = 16, .box_h = 16, .ofs_x = 0, .ofs_y = -2},
    {.bitmap_index = 12019, .adv_w = 256, .box_w = 16, .box_h = 16, .ofs_x = 0, .ofs_y = -2},
    {.bitmap_index = 12126, .adv_w = 256, .box_w = 13, .box_h = 16, .ofs_x = 2, .ofs_y = -2},
    {.bitmap_index = 12191, .adv_w = 256, .box_w = 13, .box_h = 15, .ofs_x = 2, .ofs_y = -1},
    {.bitmap_index = 12243, .adv_w = 256, .box_w = 14, .box_h = 13, .ofs_x = 1, .ofs_y = -1},
    {.bitmap_index = 12305, .adv_w = 256, .box_w = 14, .box_h = 15, .ofs_x = 1, .ofs_y = -2},
    {.bitmap_index = 12371, .adv_w = 256, .box_w = 15, .box_h = 15, .ofs_x = 0, .ofs_y = -2},
    {.bitmap_index = 12467, .adv_w = 256, .box_w = 16, .box_h = 16, .ofs_x = 0, .ofs_y = -2},
    {.bitmap_index = 12573, .adv_w = 256, .box_w = 16, .box_h = 16, .ofs_x = 0, .ofs_y = -2}
};

/*---------------------
 *  CHARACTER MAPPING
 *--------------------*/

static const uint16_t unicode_list_1[] = {
    0x0, 0x4, 0x24, 0x32, 0x40, 0x85, 0xb1, 0xbc,
    0x144, 0x145, 0x14a, 0x150, 0x233, 0x253, 0x33a, 0x35f,
    0x36a, 0x427, 0x42d, 0x444, 0x460, 0x496, 0x54c, 0x5b9,
    0x5e6, 0x5e7, 0x5ee, 0x85f, 0x8d5, 0x91f, 0xafb, 0xb04,
    0xbc2, 0xd80, 0xd91, 0xdb4, 0xdf3, 0xe28, 0xfe9, 0x108b,
    0x109d, 0x10ae, 0x10f7, 0x110c, 0x111d, 0x1131, 0x114a, 0x1159,
    0x117c, 0x1407, 0x1437, 0x1470, 0x14d6, 0x14e0, 0x159c, 0x1735,
    0x1767, 0x176e, 0x17b0, 0x17d7, 0x17ed, 0x1879, 0x1921, 0x1975,
    0x19dc, 0x1c18, 0x1d59, 0x1d5a, 0x1eb2, 0x1ed9, 0x210b, 0x243e,
    0x257e, 0x271f, 0x272c, 0x2743, 0x278e, 0x27d2, 0x28eb, 0x2902,
    0x2a65, 0x2b31, 0x2bb2, 0x2ef2, 0x30b6, 0x30d6, 0x30de, 0x30e1,
    0x30e4, 0x310d, 0x3165, 0x32a0, 0x3300, 0x3367, 0x3394, 0x33e1,
    0x3479, 0x3a43, 0x3bc9, 0x3d9b, 0x3db5, 0x3dfa, 0x3f2b, 0x4174,
    0x4188, 0x41c7, 0x41cb, 0x4200, 0x4211, 0x424a, 0x42df, 0x4344,
    0x43c6, 0x46f8, 0x473e, 0x47e4, 0x47eb, 0x4959, 0x4a6c, 0x4a7f,
    0x4a88, 0x50cf
};

/*Collect the unicode lists and glyph_id offsets*/
static const lv_font_fmt_txt_cmap_t cmaps[] =
{
    {
        .range_start = 32, .range_length = 95, .glyph_id_start = 1,
        .unicode_list = NULL, .glyph_id_ofs_list = NULL, .list_length = 0, .type = LV_FONT_FMT_TXT_CMAP_FORMAT0_TINY
    },
    {
        .range_start = 19977, .range_length = 20688, .glyph_id_start = 96,
        .unicode_list = unicode_list_1, .glyph_id_ofs_list = NULL, .list_length = 122, .type = LV_FONT_FMT_TXT_CMAP_SPARSE_TINY
    }
};



/*--------------------
 *  ALL CUSTOM DATA
 *--------------------*/

#if LVGL_VERSION_MAJOR == 8
/*Store all the custom data of the font*/
static  lv_font_fmt_txt_glyph_cache_t cache;
#endif

#if LVGL_VERSION_MAJOR >= 8
static const lv_font_fmt_txt_dsc_t font_dsc = {
#else
static lv_font_fmt_txt_dsc_t font_dsc = {
#endif
    .glyph_bitmap = glyph_bitmap,
    .glyph_dsc = glyph_dsc,
    .cmaps = cmaps,
    .kern_dsc = NULL,
    .kern_scale = 0,
    .cmap_num = 2,
    .bpp = 4,
    .kern_classes = 0,
    .bitmap_format = 1,
#if LVGL_VERSION_MAJOR == 8
    .cache = &cache
#endif
};



/*-----------------
 *  PUBLIC FONT
 *----------------*/

/*Initialize a public general font descriptor*/
#if LVGL_VERSION_MAJOR >= 8
const lv_font_t stim_font_16 = {
#else
lv_font_t stim_font_16 = {
#endif
    .get_glyph_dsc = lv_font_get_glyph_dsc_fmt_txt,    /*Function pointer to get glyph's data*/
    .get_glyph_bitmap = lv_font_get_bitmap_fmt_txt,    /*Function pointer to get glyph's bitmap*/
    .line_height = 19,          /*The maximum line height required by the font*/
    .base_line = 5,             /*Baseline measured from the bottom of the line*/
#if !(LVGL_VERSION_MAJOR == 6 && LVGL_VERSION_MINOR == 0)
    .subpx = LV_FONT_SUBPX_NONE,
#endif
#if LV_VERSION_CHECK(7, 4, 0) || LVGL_VERSION_MAJOR >= 8
    .underline_position = -2,
    .underline_thickness = 1,
#endif
    .dsc = &font_dsc,          /*The custom font data. Will be accessed by `get_glyph_bitmap/dsc` */
#if LV_VERSION_CHECK(8, 2, 0) || LVGL_VERSION_MAJOR >= 9
    .fallback = NULL,
#endif
    .user_data = NULL,
};



#endif /*#if STIM_FONT_16*/

