/*******************************************************************************
 * Size: 24 px
 * Bpp: 4
 * Opts: --format lvgl --font /Users/jackie/Proj/Personal/STIM/stim-simulator/out/build/macos-debug/_deps/lvgl-src/tests/src/test_files/fonts/noto/NotoSansSC-Regular.ttf --bpp 4 --range 0x20-0x7e --symbols 中频治疗低设置通道就绪未配置处方肩颈放松腰部镇痛膝关节康复自定义剩余时间强度开始暂停继续停止编辑参数波形正弦方三角载波率调制脉宽应用到所选单元在线全已待离批量数量查看贴敷位置确认关闭锁定电量无线系统模拟器演示当前仅用于界面安全默认值不可直接人体运行台号成功选择贴片引导主页返回连 --no-kerning --lv-include lvgl.h --size 24 --lv-font-name stim_font_24 --output assets/fonts/stim_font_24.c
 ******************************************************************************/

#ifdef LV_LVGL_H_INCLUDE_SIMPLE
#include "lvgl.h"
#else
#include "lvgl.h"
#endif

#ifndef STIM_FONT_24
#define STIM_FONT_24 1
#endif

#if STIM_FONT_24

/*-----------------
 *    BITMAPS
 *----------------*/

/*Store the image of the glyphs*/
static LV_ATTRIBUTE_LARGE_CONST const uint8_t glyph_bitmap[] = {
    /* U+0020 " " */

    /* U+0021 "!" */
    0x3f, 0xf0, 0x7, 0xc2, 0x2, 0x1, 0xc6, 0x6,
    0x1, 0xf0, 0x80, 0x80, 0x7c, 0xe0, 0x1e, 0x11,
    0x0, 0x7b, 0x60, 0x0, 0xae, 0x11, 0x34, 0x84,
    0x0, 0x2e, 0x12, 0x70,

    /* U+0022 "\"" */
    0xdf, 0x70, 0x2f, 0xf1, 0x0, 0x63, 0x0, 0x84,
    0x4, 0x3, 0x9c, 0xc, 0x4, 0x0, 0x44, 0x1,
    0x0, 0x8, 0x0, 0x41, 0x80, 0x4, 0x40, 0xe0,
    0x30, 0x3, 0x88, 0x3e, 0x8, 0x2, 0x78, 0x0,

    /* U+0023 "#" */
    0x0, 0xd1, 0xc0, 0x14, 0x70, 0x7, 0x88, 0x80,
    0x11, 0x10, 0x3, 0xcc, 0xc0, 0x9, 0x98, 0x1,
    0xe2, 0x20, 0x4, 0x46, 0x1, 0xe1, 0xe0, 0x8,
    0x78, 0x2, 0x8f, 0xf0, 0x4f, 0xfc, 0x11, 0xf0,
    0x18, 0xc8, 0xa, 0xcc, 0x40, 0x56, 0xd0, 0x49,
    0xe0, 0xb9, 0x97, 0x5, 0xca, 0x80, 0x44, 0x2,
    0x0, 0x20, 0x10, 0xe, 0xe2, 0x0, 0xb4, 0x80,
    0x34, 0xc9, 0xce, 0x66, 0x43, 0x99, 0x0, 0x19,
    0x82, 0x26, 0x68, 0x44, 0xcc, 0x0, 0x7f, 0x82,
    0x3f, 0xe0, 0x8f, 0xf0, 0x4, 0x20, 0x40, 0x1,
    0x2, 0x0, 0xe2, 0x6, 0x0, 0x10, 0x30, 0x7,
    0x38, 0x8, 0x1, 0x80, 0x40, 0x38, 0x80, 0x80,
    0x6, 0x4, 0x1, 0xdc, 0x20, 0x17, 0x8, 0x6,

    /* U+0024 "$" */
    0x0, 0xe8, 0x40, 0xf, 0xe7, 0xd0, 0xf, 0xfe,
    0x8b, 0xe8, 0x36, 0x28, 0x6, 0xc8, 0x20, 0x1,
    0xd5, 0x0, 0xe, 0x63, 0x7f, 0xec, 0x34, 0x10,
    0xb0, 0x84, 0x0, 0x1e, 0x60, 0x40, 0x81, 0x40,
    0x38, 0x80, 0x6, 0xa, 0x1, 0xfa, 0x82, 0x4c,
    0x3, 0xe7, 0x40, 0xc9, 0x10, 0xf, 0x5c, 0x3,
    0x74, 0x0, 0x79, 0xf9, 0x81, 0xf4, 0x80, 0x38,
    0x67, 0x48, 0x98, 0x1, 0xf1, 0x60, 0x89, 0xc0,
    0x3e, 0x16, 0xd, 0x0, 0xfd, 0xe0, 0x20, 0xc0,
    0x1e, 0xd0, 0x35, 0x9d, 0x50, 0x9, 0xd4, 0x2d,
    0x10, 0x55, 0xfd, 0xf0, 0x10, 0x63, 0x78, 0xa2,
    0x20, 0x4b, 0x70, 0x8, 0xeb, 0x81, 0xad, 0x0,
    0x3f, 0xf9, 0x80,

    /* U+0025 "%" */
    0x0, 0x1d, 0xff, 0xa8, 0x80, 0x3c, 0x5e, 0xa0,
    0x1e, 0x2c, 0x58, 0x75, 0xc1, 0x0, 0xe8, 0x35,
    0x0, 0xf4, 0x6, 0x3c, 0x58, 0xb0, 0x6, 0x35,
    0x80, 0xf, 0x90, 0xc8, 0x0, 0x83, 0x60, 0x1b,
    0xd1, 0x0, 0x1f, 0xb, 0x0, 0x62, 0x20, 0x4,
    0x87, 0x0, 0x1f, 0xc6, 0x1, 0xfd, 0x2a, 0x60,
    0x1, 0x0, 0xf1, 0x0, 0x62, 0x20, 0x1, 0x4a,
    0x2, 0xbf, 0xb4, 0xc0, 0x24, 0x40, 0x80, 0x8,
    0x54, 0x1, 0x6c, 0x56, 0xb1, 0x41, 0x84, 0x0,
    0xf0, 0xa3, 0x37, 0x85, 0x83, 0x8c, 0x1a, 0x43,
    0xaf, 0x85, 0x80, 0x12, 0x53, 0x30, 0x76, 0x43,
    0x30, 0x36, 0xc, 0x0, 0x24, 0x70, 0x9, 0xbe,
    0xf3, 0x90, 0x24, 0x1c, 0xc, 0x44, 0x1, 0x18,
    0x88, 0x3, 0x21, 0x80, 0x5, 0xe0, 0x0, 0xe6,
    0x1, 0xbc, 0xc, 0x3, 0xf4, 0x13, 0x0, 0x7f,
    0xf1, 0x89, 0xa0, 0x2, 0x73, 0x0, 0xdc, 0x6,
    0x1, 0xf4, 0x9a, 0x80, 0x46, 0x24, 0x1, 0x28,
    0x88, 0x3, 0xc6, 0x90, 0x1, 0xac, 0x2c, 0x0,
    0x66, 0x60, 0xf, 0xbd, 0x10, 0x1, 0x8d, 0x5a,
    0x5f, 0x46, 0x40, 0x3c, 0x87, 0x20, 0x1e, 0xa7,
    0x74, 0x2e, 0x8, 0x0,

    /* U+0026 "&" */
    0x0, 0xc3, 0x5d, 0xf8, 0x80, 0x1f, 0xc3, 0x8a,
    0x4a, 0x76, 0x60, 0x1f, 0xa4, 0x9b, 0x2a, 0x81,
    0x40, 0x1f, 0x90, 0x2c, 0x0, 0x80, 0x60, 0x1f,
    0xe3, 0x0, 0x28, 0x10, 0x7, 0xe6, 0x5, 0x1,
    0x91, 0x90, 0xf, 0xde, 0x1a, 0x7e, 0x54, 0x20,
    0x1f, 0x94, 0x5b, 0x3, 0x10, 0x3, 0xf8, 0xc0,
    0x3, 0xe6, 0x1, 0x92, 0x98, 0x0, 0xb8, 0x23,
    0x20, 0x7, 0x7a, 0x98, 0x25, 0x5, 0xe8, 0x51,
    0x0, 0x44, 0x82, 0xa1, 0x1, 0x28, 0x72, 0x18,
    0x40, 0xb, 0x9, 0x1, 0x30, 0x60, 0x3, 0x30,
    0x70, 0x8d, 0x85, 0xc0, 0x3f, 0x4b, 0xe, 0x70,
    0x58, 0x0, 0x40, 0xc, 0x1, 0xa5, 0x84, 0x88,
    0xa0, 0x13, 0x84, 0xa8, 0x4, 0xae, 0x0, 0x2d,
    0x50, 0x4, 0x20, 0x57, 0xef, 0xd0, 0xb6, 0x19,
    0x56, 0x0, 0x2e, 0x4c, 0x8, 0x57, 0x24, 0xf2,
    0xd2, 0xc0,

    /* U+0027 "'" */
    0xdf, 0x70, 0x8, 0x40, 0x5c, 0xc, 0x80, 0x44,
    0xd, 0xc0, 0x6f, 0x82,

    /* U+0028 "(" */
    0x0, 0x8c, 0x80, 0x37, 0x78, 0x4, 0xa5, 0x0,
    0x14, 0x8a, 0x80, 0xc, 0xcc, 0x1, 0x50, 0x50,
    0x4, 0xe2, 0x40, 0x2, 0x14, 0x0, 0x9c, 0x34,
    0x2, 0xd0, 0x30, 0x8, 0x81, 0x80, 0x21, 0x3,
    0x0, 0x9c, 0x4, 0x3, 0xfe, 0x10, 0x9, 0xc0,
    0xc0, 0x22, 0x1, 0x0, 0xbc, 0x14, 0x2, 0x50,
    0xf0, 0x8, 0xc1, 0x40, 0x32, 0x18, 0x80, 0x5c,
    0xe, 0x1, 0x28, 0xd0, 0x6, 0x63, 0x20, 0xa,
    0x42, 0x0, 0x21, 0x83, 0x0,

    /* U+0029 ")" */
    0x24, 0x0, 0xba, 0x80, 0x28, 0x17, 0x0, 0x21,
    0xc8, 0x5, 0x42, 0xa0, 0x7, 0xe, 0x0, 0x9,
    0xa0, 0x4, 0x80, 0x80, 0xd, 0x3, 0x0, 0x38,
    0x68, 0x0, 0x81, 0x80, 0x30, 0x80, 0x42, 0x60,
    0x1f, 0xc6, 0x1, 0x8, 0x80, 0x2, 0xe, 0x0,
    0x50, 0x30, 0x1, 0x86, 0x80, 0x34, 0x10, 0x0,
    0x84, 0x20, 0x83, 0x40, 0xe, 0x6, 0x1, 0x55,
    0x8, 0x48, 0x40, 0x3, 0xdc, 0x80, 0x0,

    /* U+002A "*" */
    0x0, 0x87, 0xd0, 0x3, 0xc6, 0x2, 0x1, 0xc,
    0x23, 0x1, 0x24, 0x1a, 0xbd, 0xd8, 0x22, 0xdd,
    0x53, 0xa0, 0x2, 0x7e, 0x60, 0x13, 0x0, 0xbc,
    0x40, 0x29, 0x1d, 0x38, 0x10, 0x1, 0x1d, 0x16,
    0x8a, 0x80, 0xb, 0x90, 0x7, 0x90, 0x0,

    /* U+002B "+" */
    0x0, 0xe2, 0xb6, 0x0, 0xff, 0xa, 0x70, 0x7,
    0xff, 0xb4, 0x7f, 0xf6, 0x3, 0xff, 0xe7, 0x4,
    0x4c, 0x60, 0x48, 0x98, 0xc6, 0xef, 0x78, 0x2d,
    0xde, 0x40, 0xf, 0xff, 0x40,

    /* U+002C "," */
    0x0, 0x18, 0x5, 0xb9, 0x60, 0x44, 0x4, 0x32,
    0x40, 0x3, 0x85, 0xc8, 0x38, 0x3, 0x44, 0xc1,
    0xd2, 0x2, 0x20, 0xcc, 0xb, 0xa9, 0x0, 0x0,

    /* U+002D "-" */
    0xac, 0xce, 0x34, 0x33, 0xe7,

    /* U+002E "." */
    0x3, 0x71, 0x16, 0x46, 0x90, 0x0, 0x8d, 0x2,
    0x0,

    /* U+002F "/" */
    0x0, 0xfa, 0xb8, 0x3, 0xf2, 0xb8, 0x7, 0xc8,
    0x18, 0x1, 0xf6, 0x82, 0x80, 0x7c, 0x88, 0x0,
    0xf8, 0x89, 0x80, 0x1f, 0x28, 0x28, 0x7, 0xd8,
    0x44, 0x0, 0xf9, 0x10, 0x1, 0xf2, 0x86, 0x80,
    0x7d, 0x80, 0x80, 0x1f, 0x3a, 0x80, 0x7c, 0x63,
    0x80, 0x1f, 0x58, 0x38, 0x7, 0xc8, 0x62, 0x1,
    0xe1, 0x34, 0x0, 0xf9, 0xc2, 0xc0, 0x3e, 0xc1,
    0x30, 0xf, 0x95, 0x0, 0x3e, 0x40, 0xf0, 0xf,
    0xb0, 0x10, 0x3, 0xe5, 0x31, 0x0, 0xf1, 0x12,
    0xc0, 0x3e, 0x50, 0x50, 0xf, 0x8a, 0x8, 0x3,
    0xe0,

    /* U+0030 "0" */
    0x0, 0x9f, 0x7f, 0xa8, 0x80, 0x3a, 0xe0, 0x88,
    0xb, 0x84, 0x1, 0x3a, 0x16, 0xeb, 0x94, 0x78,
    0x2, 0x90, 0x92, 0x0, 0x50, 0x9a, 0x2, 0x9,
    0x20, 0x6, 0x60, 0xe0, 0xc0, 0x40, 0xe, 0xc0,
    0x70, 0x20, 0xe0, 0xe, 0x50, 0x20, 0x60, 0x20,
    0xe, 0x10, 0x0, 0x80, 0x7f, 0xc6, 0x1, 0xff,
    0xc0, 0x70, 0xf, 0xf1, 0x88, 0x10, 0x7, 0x8,
    0x0, 0x48, 0x38, 0x3, 0x94, 0x8, 0x30, 0x1c,
    0x3, 0xb0, 0x10, 0x10, 0x44, 0x80, 0x19, 0x83,
    0x40, 0x12, 0x14, 0x60, 0x36, 0x26, 0x80, 0x7,
    0x41, 0xce, 0xe2, 0xf, 0x0, 0x6b, 0x82, 0x11,
    0x2f, 0x90, 0x0,

    /* U+0031 "1" */
    0x0, 0x14, 0x77, 0x98, 0x4, 0x3b, 0xa7, 0x10,
    0xf, 0x32, 0x20, 0x3, 0xc3, 0x77, 0x0, 0x7f,
    0xff, 0xc0, 0x3f, 0xfc, 0xf9, 0xdd, 0x0, 0x37,
    0xb9, 0x64, 0x23, 0x0, 0x4, 0x67,

    /* U+0032 "2" */
    0x0, 0x9b, 0x3f, 0xdb, 0x2, 0x1, 0x87, 0x24,
    0xc4, 0x44, 0xf8, 0x20, 0x16, 0x9a, 0x6f, 0x73,
    0x4, 0xac, 0x2, 0xf7, 0xb2, 0x0, 0x1d, 0x2,
    0x88, 0x0, 0xe0, 0x3, 0x90, 0x0, 0x40, 0x1f,
    0xe1, 0x7, 0x0, 0xff, 0x8, 0x30, 0x7, 0xf2,
    0x0, 0x90, 0x7, 0xf7, 0x84, 0x80, 0x7f, 0x22,
    0x5, 0x80, 0x3f, 0xd, 0x5, 0x88, 0x7, 0xea,
    0x15, 0x50, 0x7, 0xea, 0x42, 0xa0, 0xf, 0xd2,
    0xa3, 0x80, 0x1f, 0xa5, 0x87, 0x4, 0x3, 0xea,
    0x61, 0xc2, 0x0, 0xfa, 0xd4, 0x1, 0xfb, 0xbe,
    0x10, 0x40, 0x0, 0x91, 0x7c, 0x60,

    /* U+0033 "3" */
    0x0, 0x97, 0x3f, 0xdd, 0x46, 0x1, 0xe, 0x51,
    0x88, 0xcb, 0x8c, 0x0, 0x53, 0x5d, 0xee, 0x90,
    0x24, 0x41, 0x36, 0x88, 0x0, 0x36, 0x0, 0x40,
    0x1, 0x0, 0x78, 0x40, 0x3f, 0xc6, 0x20, 0x80,
    0x1f, 0x2e, 0x84, 0x8, 0x6, 0x9d, 0xfa, 0x3a,
    0x70, 0xe, 0x22, 0x0, 0x46, 0x1, 0xeb, 0xfc,
    0x83, 0x9a, 0x0, 0xf8, 0xdf, 0xc5, 0x58, 0x3,
    0xf0, 0xc8, 0x50, 0x7, 0xf1, 0x81, 0x80, 0x7f,
    0x8, 0x8, 0x43, 0x0, 0x7b, 0x81, 0x45, 0xe6,
    0x88, 0x0, 0x54, 0x81, 0x3, 0x62, 0xbb, 0xfd,
    0xaa, 0x12, 0x60, 0x9f, 0x6, 0x2, 0x25, 0xc6,
    0x0,

    /* U+0034 "4" */
    0x0, 0xfa, 0x3f, 0xc6, 0x1, 0xf8, 0x9c, 0x3,
    0xfe, 0xe0, 0x10, 0xf, 0xe6, 0x35, 0x20, 0xf,
    0xc3, 0x21, 0x62, 0x1, 0xfa, 0x82, 0x4, 0x3,
    0xf2, 0xa1, 0x38, 0x7, 0xe1, 0xb0, 0xe0, 0xf,
    0xe8, 0x17, 0x30, 0xf, 0xc8, 0xc5, 0x0, 0x1f,
    0xd2, 0x1c, 0x1, 0xfc, 0xc4, 0x1d, 0xbb, 0x88,
    0x3b, 0x5f, 0x80, 0x4, 0x5c, 0x0, 0x22, 0x74,
    0x7f, 0xfc, 0x41, 0x9f, 0x20, 0x1f, 0xfe, 0x80,

    /* U+0035 "5" */
    0x0, 0x37, 0xff, 0xe3, 0x0, 0x84, 0x3, 0xf0,
    0x80, 0x5e, 0xf, 0xff, 0xe2, 0x0, 0x84, 0x38,
    0x3, 0xfc, 0x60, 0x60, 0x1f, 0xe6, 0x6, 0x0,
    0xff, 0x8, 0x56, 0xff, 0xad, 0x40, 0x38, 0xc1,
    0x84, 0xc5, 0x2a, 0x40, 0x35, 0xb7, 0x66, 0x39,
    0xc1, 0x90, 0x2, 0x59, 0x10, 0xa, 0x10, 0x3c,
    0x3, 0xfd, 0xc0, 0x80, 0x1f, 0xe6, 0x0, 0xff,
    0xe6, 0xa0, 0x10, 0x1, 0xcc, 0x3, 0x86, 0x41,
    0x40, 0xa3, 0x20, 0x80, 0x7, 0xa2, 0x29, 0x2,
    0xa0, 0x7d, 0xff, 0x61, 0x8e, 0x88, 0x1, 0x79,
    0xc8, 0x0, 0x4f, 0xe6, 0x0,

    /* U+0036 "6" */
    0x0, 0x86, 0x37, 0xfd, 0x8a, 0x1, 0x8b, 0xdc,
    0x84, 0x47, 0x50, 0x1, 0x60, 0xa6, 0xf7, 0x30,
    0xf4, 0x1, 0x2, 0x76, 0x40, 0x3, 0xc5, 0x0,
    0x30, 0x78, 0x7, 0xe3, 0x12, 0x30, 0xf, 0xc8,
    0x8, 0x7, 0x37, 0x28, 0x1, 0x70, 0xc, 0xe3,
    0x23, 0x5d, 0x0, 0xc, 0x19, 0x93, 0xdf, 0x42,
    0xae, 0x1, 0xe, 0xb0, 0x82, 0xd8, 0x48, 0x18,
    0x39, 0x0, 0x65, 0x1, 0x21, 0x0, 0xfc, 0x40,
    0xda, 0x6, 0x1, 0xfc, 0x80, 0x80, 0x1e, 0x20,
    0x61, 0x40, 0x70, 0xc, 0xa0, 0x44, 0x8, 0x8,
    0x50, 0x1, 0xd8, 0x40, 0x0, 0xe4, 0x2b, 0xb7,
    0x5, 0x94, 0x2, 0x6c, 0x41, 0x23, 0x99, 0x0,
    0x0,

    /* U+0037 "7" */
    0xdf, 0xff, 0xf1, 0x88, 0x7, 0xf8, 0xb3, 0xff,
    0xe5, 0x9, 0x10, 0xf, 0x91, 0x51, 0x80, 0x3f,
    0x48, 0x48, 0x7, 0xe7, 0x26, 0x20, 0xf, 0xd2,
    0x10, 0x1, 0xf9, 0x45, 0x4, 0x3, 0xf7, 0x7,
    0x0, 0x7f, 0x20, 0x20, 0x7, 0xe4, 0x2, 0x10,
    0xf, 0xd8, 0xe, 0x1, 0xfc, 0x61, 0xa0, 0x1f,
    0xcc, 0x4, 0x1, 0xfc, 0x40, 0xc0, 0x1f, 0x84,
    0x0, 0x20, 0x1f, 0x8c, 0x0, 0x60, 0x1f, 0x84,
    0x0, 0x20, 0x1c,

    /* U+0038 "8" */
    0x0, 0xa3, 0x7f, 0xd8, 0x80, 0x18, 0x75, 0xcd,
    0xc, 0xd6, 0xe0, 0x15, 0x92, 0x75, 0xe5, 0x84,
    0x10, 0x1, 0x42, 0x40, 0x24, 0x60, 0x50, 0xc,
    0x40, 0x1b, 0x3, 0x80, 0x2, 0x2, 0x1, 0xee,
    0x0, 0x30, 0x48, 0x6, 0xc0, 0x50, 0x4, 0x23,
    0xc8, 0x0, 0x9a, 0x8, 0x2, 0xa1, 0x6e, 0x8f,
    0x67, 0x0, 0x8b, 0x2, 0x9d, 0xc4, 0xe6, 0x0,
    0x1c, 0x3f, 0x59, 0xe5, 0x1c, 0x30, 0x91, 0x81,
    0x0, 0xd, 0x30, 0x78, 0x20, 0x38, 0x7, 0x48,
    0x19, 0x10, 0x3, 0xf0, 0x80, 0xa8, 0x38, 0x7,
    0x10, 0x81, 0x70, 0x4a, 0x80, 0x43, 0xc0, 0xa2,
    0xae, 0x15, 0xd7, 0x9c, 0x66, 0xb0, 0x4, 0x62,
    0x82, 0x19, 0xa3, 0x4, 0x0,

    /* U+0039 "9" */
    0x0, 0x25, 0xff, 0xb5, 0xc0, 0x39, 0xad, 0x8,
    0xa8, 0xc0, 0x8, 0xe4, 0x2b, 0x75, 0xc6, 0x69,
    0x0, 0x48, 0x3a, 0x80, 0x7, 0x45, 0x88, 0x1c,
    0x2c, 0x3, 0xb, 0x5, 0x1, 0x80, 0x80, 0x76,
    0x2, 0x1, 0x80, 0x80, 0x73, 0x1, 0x3, 0x85,
    0x0, 0x74, 0x0, 0x84, 0x83, 0x38, 0x82, 0x62,
    0x0, 0x47, 0x1, 0x1d, 0xf6, 0x3a, 0x1, 0x9f,
    0x5d, 0x55, 0x5a, 0x20, 0x20, 0x11, 0x45, 0x51,
    0x41, 0x80, 0x80, 0x3f, 0xb0, 0x10, 0x3, 0xf9,
    0x83, 0x0, 0x2, 0x1, 0xce, 0x24, 0x80, 0x5f,
    0x22, 0x0, 0x78, 0x9, 0x0, 0x30, 0xb7, 0x73,
    0xe0, 0x25, 0x0, 0x9, 0xcc, 0x23, 0x2e, 0x30,
    0x4,

    /* U+003A ":" */
    0xb, 0xf6, 0x34, 0x8, 0x20, 0x1, 0xe, 0x46,
    0x81, 0xb8, 0x80, 0x7f, 0xf2, 0x4d, 0xc4, 0x59,
    0x1a, 0x40, 0x2, 0x34, 0x8,

    /* U+003B ";" */
    0xb, 0xf6, 0x3, 0x40, 0x80, 0x20, 0x1, 0x0,
    0xe4, 0x68, 0x0, 0xdc, 0x40, 0x3f, 0xfa, 0x6,
    0x1, 0x6e, 0x58, 0x11, 0x1, 0xc, 0x90, 0x0,
    0xe1, 0x72, 0xe, 0x0, 0xd1, 0x30, 0x74, 0x80,
    0x88, 0x33, 0x2, 0xea, 0x40, 0x0,

    /* U+003C "<" */
    0x0, 0xff, 0x14, 0xb0, 0x7, 0xe5, 0xcd, 0x61,
    0x0, 0xe1, 0x8e, 0xa3, 0x34, 0xb8, 0x4, 0x97,
    0xce, 0xf, 0xb8, 0xc0, 0x7, 0xdb, 0x44, 0x57,
    0x41, 0x0, 0x43, 0x4, 0xbd, 0x6a, 0x1, 0xe1,
    0x20, 0x5a, 0x50, 0xf, 0xdb, 0x8a, 0x95, 0xd2,
    0x60, 0x1e, 0x3a, 0xe8, 0x36, 0xcc, 0x30, 0x80,
    0x70, 0xbe, 0xda, 0x1c, 0xf2, 0x80, 0x7c, 0x97,
    0xae, 0x24, 0x1, 0xfc, 0x51, 0xcc,

    /* U+003D "=" */
    0x1b, 0xbf, 0xf9, 0x1, 0x13, 0xfe, 0x31, 0xff,
    0xff, 0x9c, 0x3, 0xff, 0xb6, 0x37, 0x7f, 0xf2,
    0x2, 0x27, 0xfc, 0x60,

    /* U+003E ">" */
    0x1b, 0x40, 0xf, 0xf9, 0x2f, 0x9c, 0x40, 0x3e,
    0x1c, 0x51, 0x8e, 0xa4, 0x0, 0xf1, 0xd7, 0x49,
    0xad, 0xeb, 0x0, 0x78, 0x5b, 0x30, 0xc5, 0x3f,
    0x24, 0x1, 0xe3, 0x9f, 0x90, 0x65, 0x0, 0xf8,
    0xe6, 0x40, 0x26, 0x1, 0x85, 0xf7, 0x18, 0xe7,
    0x90, 0x0, 0x95, 0xd0, 0x4d, 0x98, 0x60, 0x0,
    0xf5, 0xa9, 0x47, 0x49, 0x80, 0x70, 0xad, 0xeb,
    0x88, 0x7, 0x87, 0xa9, 0x0, 0x3f, 0x80,

    /* U+003F "?" */
    0x1, 0x9e, 0xfe, 0xb3, 0x0, 0x27, 0xb0, 0x8c,
    0x98, 0x81, 0xc3, 0x3f, 0xdc, 0x30, 0x90, 0xad,
    0x60, 0x0, 0xf0, 0x10, 0x81, 0x0, 0x62, 0x0,
    0xfe, 0x40, 0x21, 0x0, 0xe1, 0x90, 0x90, 0xf,
    0x51, 0x3a, 0x0, 0x74, 0xa2, 0x20, 0x3, 0x8d,
    0x86, 0xc0, 0x3d, 0x41, 0x0, 0x1f, 0x28, 0x28,
    0x7, 0xd1, 0x24, 0x1, 0xf2, 0x30, 0x80, 0x7c,
    0x6e, 0x20, 0x1e, 0x1c, 0x8a, 0x0, 0xf1, 0x0,
    0x18, 0x3, 0xc6, 0x81, 0x60, 0x18,

    /* U+0040 "@" */
    0x0, 0xf8, 0xe3, 0x3f, 0xed, 0x93, 0x0, 0xff,
    0x15, 0xe3, 0x83, 0x3b, 0xb, 0x65, 0x8, 0x7,
    0xcb, 0xa9, 0x1d, 0x93, 0x13, 0x9c, 0xcb, 0x82,
    0x1, 0xcb, 0x45, 0xae, 0x20, 0x1c, 0x33, 0x45,
    0x40, 0x18, 0xe8, 0xb0, 0x80, 0x3f, 0x95, 0xd1,
    0x40, 0x2e, 0xc, 0x10, 0xf, 0xfa, 0x7, 0x80,
    0xc, 0x52, 0x20, 0x12, 0x67, 0xf2, 0x65, 0x0,
    0x4e, 0x80, 0xb, 0x16, 0x0, 0x9a, 0xcd, 0x4a,
    0xcf, 0x40, 0x2c, 0x3, 0x22, 0x30, 0x4, 0x52,
    0x5d, 0x58, 0xa0, 0x60, 0x13, 0x3, 0xa0, 0x60,
    0x5, 0x1, 0xc2, 0x0, 0x30, 0x50, 0xe, 0x1e,
    0x5, 0x0, 0xa, 0x99, 0x80, 0x22, 0x11, 0x0,
    0x4e, 0x2, 0x20, 0x10, 0x2, 0x82, 0x0, 0x65,
    0x50, 0x6, 0x30, 0x53, 0x0, 0xc2, 0x1c, 0x1,
    0x84, 0x80, 0x35, 0x18, 0x98, 0x6, 0x10, 0xe0,
    0x9, 0x80, 0x40, 0x26, 0x29, 0x1, 0x2, 0x0,
    0x20, 0x31, 0x83, 0x41, 0x31, 0x3, 0xca, 0x28,
    0x68, 0x20, 0x5, 0x23, 0x9f, 0x1b, 0x3, 0xbf,
    0xb, 0x60, 0x5, 0xa, 0x0, 0x9b, 0x1e, 0x3c,
    0xd7, 0x1d, 0xd9, 0x40, 0x19, 0x8d, 0x0, 0x23,
    0x87, 0x10, 0x1, 0xc4, 0xc, 0x3, 0xa0, 0x28,
    0x80, 0x3f, 0xf8, 0xa3, 0x63, 0x86, 0x1, 0xf8,
    0x40, 0x3f, 0x25, 0xe, 0x5a, 0x88, 0x0, 0x9f,
    0xac, 0x3, 0xf9, 0x79, 0x92, 0xbb, 0xfd, 0xb0,
    0x7c, 0x1, 0xfe, 0x19, 0xfb, 0x87, 0x74, 0xee,
    0x90, 0x3, 0xc0,

    /* U+0041 "A" */
    0x0, 0xe1, 0xff, 0x50, 0x7, 0xfc, 0xc0, 0x5,
    0x0, 0xff, 0xac, 0x1c, 0x14, 0x3, 0xf8, 0x4d,
    0x2c, 0x3c, 0x3, 0xf9, 0x83, 0xc, 0x54, 0x3,
    0xfa, 0xc1, 0x41, 0x1, 0x40, 0x3e, 0x13, 0x22,
    0x7, 0x87, 0x80, 0x7c, 0xe0, 0x80, 0x5, 0x5,
    0x0, 0xfa, 0x83, 0x40, 0x24, 0x5, 0x0, 0xe1,
    0x31, 0x40, 0xb, 0x43, 0xc0, 0x39, 0xc0, 0x77,
    0x74, 0x2, 0x80, 0x75, 0x0, 0x8, 0xb0, 0x80,
    0x14, 0x2, 0x13, 0xf, 0xff, 0x38, 0x78, 0x4,
    0xe0, 0x80, 0x1e, 0xb0, 0x50, 0xa, 0x83, 0x40,
    0x3c, 0x62, 0xa, 0x2, 0x60, 0xe0, 0x1f, 0x38,
    0x78, 0x38, 0x18, 0x80, 0x7d, 0x80, 0xa1, 0xa1,
    0x60, 0x1f, 0x94, 0x0, 0xa0,

    /* U+0042 "B" */
    0x9f, 0xff, 0x6d, 0x20, 0x7, 0x88, 0xa1, 0x25,
    0xba, 0x0, 0xcb, 0xbb, 0x77, 0x20, 0x15, 0x40,
    0x1f, 0x85, 0xd4, 0x3c, 0x3, 0xfc, 0x40, 0x1f,
    0xfc, 0x3, 0xd, 0x0, 0xfc, 0x30, 0x82, 0xc0,
    0x12, 0x66, 0x5b, 0xce, 0x98, 0x20, 0x10, 0x99,
    0xc4, 0x0, 0x55, 0x0, 0x65, 0xff, 0xdb, 0x1,
    0x16, 0x1, 0xf8, 0x9f, 0x1, 0x14, 0x3, 0xf8,
    0x98, 0x30, 0x3, 0xfc, 0x20, 0x60, 0x1f, 0xe2,
    0x3, 0x0, 0xfe, 0x25, 0xc, 0x0, 0xf8, 0x5b,
    0x0, 0x94, 0x0, 0xbb, 0xb7, 0x72, 0x44, 0xf0,
    0x3, 0x11, 0x42, 0x24, 0xac, 0x10,

    /* U+0043 "C" */
    0x0, 0xc3, 0x1b, 0xfe, 0xd8, 0x10, 0xe, 0x6e,
    0x72, 0x0, 0x13, 0xfa, 0x0, 0x4f, 0x20, 0x75,
    0xdf, 0x8a, 0x3e, 0x0, 0x38, 0x6, 0xc5, 0x10,
    0x3a, 0xa8, 0x1, 0x0, 0x72, 0x1, 0xe5, 0x10,
    0x14, 0x8, 0x0, 0xff, 0x20, 0x1, 0x0, 0x3f,
    0xda, 0x6, 0x1, 0xff, 0x8, 0x38, 0x7, 0xff,
    0x34, 0x41, 0xc0, 0x3f, 0xed, 0x3, 0x0, 0xff,
    0x90, 0x0, 0x80, 0x1f, 0xe1, 0x40, 0x80, 0xf,
    0xfa, 0x0, 0xe0, 0x3, 0xc9, 0x20, 0x3, 0x70,
    0x7b, 0x41, 0x3, 0xab, 0x63, 0x0, 0x44, 0x1,
    0x2f, 0xbf, 0x14, 0x28, 0xc0, 0x27, 0xd6, 0x20,
    0x1, 0x37, 0x28, 0x0,

    /* U+0044 "D" */
    0x9f, 0xfe, 0xeb, 0x50, 0xf, 0xc2, 0x39, 0x2b,
    0x4c, 0x3, 0x97, 0xbb, 0x48, 0x96, 0x10, 0x7,
    0xe1, 0x6f, 0x20, 0xf0, 0xf, 0xf0, 0xf0, 0x12,
    0x80, 0x7f, 0x8d, 0x3, 0xc0, 0x3f, 0xec, 0x4,
    0x0, 0xff, 0x8c, 0x4, 0x3, 0xfe, 0x70, 0x0,
    0x80, 0x7f, 0xf3, 0x1c, 0x0, 0x20, 0x1f, 0xe3,
    0x2, 0x0, 0xff, 0xac, 0x10, 0x3, 0xfc, 0x66,
    0xd, 0x0, 0xfe, 0x2d, 0x3, 0x40, 0xf, 0x89,
    0xf4, 0x45, 0xc0, 0x19, 0x7b, 0x9f, 0xb0, 0x5,
    0x84, 0x1, 0xc2, 0x20, 0x14, 0xad, 0x20, 0x8,

    /* U+0045 "E" */
    0x9f, 0xff, 0xe8, 0x0, 0xff, 0xe0, 0xaf, 0xff,
    0xd0, 0x1, 0xff, 0xe2, 0x5f, 0xff, 0x20, 0x7,
    0xff, 0x9, 0x7f, 0xfc, 0x80, 0x1f, 0xff, 0x95,
    0xff, 0xfb, 0x0, 0x3f, 0xc2,

    /* U+0046 "F" */
    0x9f, 0xff, 0xe8, 0x0, 0xff, 0xe0, 0xaf, 0xff,
    0xd0, 0x1, 0xff, 0xed, 0x5f, 0xff, 0x28, 0x7,
    0xff, 0x9, 0x7f, 0xfc, 0xa0, 0x1f, 0xff, 0xf0,
    0x8,

    /* U+0047 "G" */
    0x0, 0xc2, 0xf9, 0xfe, 0xeb, 0x40, 0xe, 0x5e,
    0x83, 0x0, 0xa, 0x5d, 0x0, 0x4d, 0x40, 0x55,
    0xbf, 0xd4, 0x4a, 0x60, 0x52, 0xb, 0xaa, 0x40,
    0x2b, 0xb8, 0x61, 0x20, 0x54, 0x1, 0xf1, 0x80,
    0xa0, 0x48, 0x7, 0xf9, 0x0, 0x8, 0x1, 0xfe,
    0xd0, 0x30, 0xf, 0xf8, 0x41, 0xc0, 0x3b, 0xff,
    0xac, 0x3, 0xff, 0x82, 0xe2, 0xe, 0x1, 0xdf,
    0xf5, 0x80, 0x38, 0xc, 0x3, 0xfe, 0x70, 0x2,
    0x0, 0x7f, 0x85, 0x2, 0x0, 0x3f, 0xe8, 0x3,
    0x90, 0xf, 0xf1, 0xc0, 0x36, 0xa9, 0x0, 0xb5,
    0x0, 0x67, 0x90, 0x2a, 0xdf, 0xe9, 0x12, 0xe0,
    0x9, 0xb9, 0xcc, 0x0, 0x29, 0x3a, 0x40,

    /* U+0048 "H" */
    0x9f, 0xa0, 0xf, 0x8b, 0xfc, 0x20, 0x1f, 0xff,
    0xf0, 0xf, 0xf9, 0x7f, 0xfe, 0xd0, 0xf, 0xfe,
    0x3a, 0xff, 0xfd, 0xa0, 0x1f, 0xff, 0xf0, 0xf,
    0xfe, 0xe0,

    /* U+0049 "I" */
    0x9f, 0xa0, 0xf, 0xff, 0x38,

    /* U+004A "J" */
    0x0, 0xfd, 0x7f, 0x0, 0x1f, 0xff, 0xf0, 0xf,
    0xff, 0xab, 0x87, 0x82, 0xd8, 0x6, 0x13, 0x3,
    0xb, 0x4b, 0x30, 0x3d, 0x1, 0x40, 0xd1, 0x4c,
    0xfc, 0x30, 0xa0, 0x1, 0xfb, 0x8, 0x1, 0x31,
    0x0,

    /* U+004B "K" */
    0x9f, 0xa0, 0xf, 0x2f, 0xf8, 0xc0, 0x3f, 0x8e,
    0x82, 0x8c, 0x3, 0xf0, 0xe8, 0x3a, 0x80, 0x7f,
    0x68, 0xa4, 0x0, 0x7f, 0x49, 0x95, 0x0, 0x7f,
    0x33, 0x3, 0xc4, 0x3, 0xf2, 0x48, 0x51, 0x0,
    0x7e, 0x2a, 0x0, 0x18, 0x7, 0xf7, 0x88, 0x82,
    0x4, 0x3, 0xe5, 0x22, 0x79, 0xc, 0x0, 0x7f,
    0x78, 0xc8, 0x31, 0x0, 0x7d, 0x64, 0x8, 0x80,
    0x90, 0xf, 0x2a, 0x0, 0x52, 0x8, 0x80, 0xf,
    0xf1, 0x30, 0x48, 0x7, 0xfd, 0x0, 0x4c, 0x1,
    0xfe, 0x18, 0x8, 0x10, 0xf, 0xf3, 0x88, 0xa4,
    0x3, 0xfe, 0xb0, 0x72,

    /* U+004C "L" */
    0x9f, 0xa0, 0xf, 0xff, 0xf8, 0x7, 0xff, 0xfc,
    0x3, 0xff, 0x9a, 0xbf, 0xff, 0x28, 0x7, 0xfc,

    /* U+004D "M" */
    0x9f, 0xf2, 0x0, 0x7e, 0xcf, 0xf0, 0x80, 0x5a,
    0x1, 0xf0, 0x98, 0x7, 0x98, 0x3, 0xe6, 0x0,
    0xf2, 0x2, 0x80, 0x7a, 0x84, 0xc0, 0x36, 0x7,
    0x80, 0x71, 0x11, 0xc4, 0x3, 0x11, 0x14, 0x3,
    0xa8, 0x28, 0xc0, 0x31, 0xd0, 0x28, 0x6, 0x51,
    0x31, 0x0, 0xe6, 0xe, 0x0, 0x8c, 0x98, 0x3,
    0xe1, 0x34, 0x10, 0x5, 0x5, 0x0, 0x7e, 0xa0,
    0x70, 0x3, 0x91, 0x0, 0x3f, 0x38, 0x50, 0x18,
    0xd0, 0x7, 0xf0, 0xa1, 0x8d, 0x82, 0x80, 0x7f,
    0xb8, 0x1d, 0x8c, 0x80, 0x3f, 0xca, 0x10, 0x34,
    0x1, 0xff, 0xc0, 0x51, 0x7, 0x0, 0xff, 0xe0,
    0x70, 0x20, 0x80, 0x7f, 0xf0, 0x13, 0x28, 0x3,
    0xff, 0x84, 0x62, 0x1, 0xf0,

    /* U+004E "N" */
    0x9f, 0xe0, 0xf, 0x8f, 0xf8, 0x0, 0x30, 0x1,
    0xff, 0xc0, 0x72, 0x0, 0xff, 0x28, 0x40, 0x7,
    0xfb, 0xc9, 0x4c, 0x3, 0xf8, 0xe0, 0x3c, 0x3,
    0xf8, 0x54, 0x8d, 0x40, 0x3f, 0xd2, 0x16, 0x1,
    0xfb, 0xc1, 0x10, 0x30, 0x1, 0xfe, 0x90, 0x71,
    0x1, 0x0, 0xf8, 0x98, 0x2c, 0x3, 0xfd, 0x0,
    0xa6, 0x1, 0xfc, 0x30, 0x10, 0x60, 0x1f, 0xce,
    0x48, 0x40, 0x1f, 0xe8, 0x8, 0x10, 0xf, 0xe5,
    0x34, 0x10, 0xf, 0xf7, 0x80, 0x7f, 0xf0, 0xd,
    0x40, 0x0,

    /* U+004F "O" */
    0x0, 0xc7, 0x5d, 0xfe, 0xd8, 0x20, 0xf, 0xa3,
    0x14, 0x40, 0x4, 0xfa, 0xc0, 0x1d, 0x2e, 0xb,
    0x9f, 0xd6, 0x61, 0x2c, 0x1, 0x23, 0x4, 0x51,
    0x80, 0xa6, 0x28, 0x49, 0x0, 0x20, 0x11, 0xc0,
    0x3d, 0x44, 0x16, 0x4, 0x61, 0x0, 0x1f, 0xac,
    0x18, 0x10, 0x4, 0xc0, 0x3f, 0x38, 0x0, 0xf8,
    0x8, 0x3, 0xf8, 0x40, 0xc, 0x20, 0xe0, 0x1f,
    0xe1, 0x3, 0x0, 0xff, 0xe2, 0x8, 0x38, 0x7,
    0xf8, 0x40, 0xf4, 0xc, 0x3, 0xf8, 0x80, 0xe,
    0x80, 0x4, 0x0, 0xfc, 0xa0, 0x24, 0x28, 0x10,
    0x1, 0xfa, 0x41, 0x80, 0x10, 0x7, 0x0, 0x1e,
    0xa1, 0x9, 0x0, 0x1b, 0x83, 0xda, 0x0, 0xa6,
    0x28, 0x50, 0x80, 0x51, 0x0, 0x4b, 0xfe, 0xb3,
    0xa, 0x50, 0xe, 0x7d, 0x62, 0x0, 0x13, 0xf2,
    0x80, 0x40,

    /* U+0050 "P" */
    0x9f, 0xff, 0x6c, 0x98, 0x7, 0x84, 0x60, 0x26,
    0xc9, 0x0, 0xcb, 0xdd, 0x7e, 0xb8, 0x33, 0x0,
    0x3f, 0x14, 0x30, 0x50, 0x7, 0xfb, 0x40, 0xc0,
    0x3f, 0xce, 0x1, 0xff, 0xc0, 0x60, 0x10, 0xf,
    0xf4, 0x82, 0x0, 0x7c, 0x29, 0x86, 0x10, 0x1,
    0x2f, 0xfd, 0xd6, 0x63, 0x64, 0x1, 0x84, 0x62,
    0x49, 0xf4, 0x0, 0xcb, 0xdd, 0x6d, 0xb0, 0x80,
    0x7f, 0xff, 0xc0, 0x3c,

    /* U+0051 "Q" */
    0x0, 0xc7, 0x5d, 0xfe, 0xd8, 0x20, 0xf, 0xa3,
    0x14, 0x40, 0x4, 0xfa, 0xc0, 0x1d, 0x2e, 0xb,
    0x9f, 0xd6, 0x61, 0x2c, 0x1, 0x23, 0x4, 0x51,
    0x80, 0xa6, 0x28, 0x49, 0x0, 0x20, 0x11, 0xc0,
    0x3d, 0x44, 0x16, 0x4, 0x61, 0x0, 0x1f, 0xac,
    0x18, 0x10, 0x4, 0xc0, 0x3f, 0x38, 0x0, 0xf8,
    0x8, 0x3, 0xf8, 0x40, 0xc, 0x20, 0xe0, 0x1f,
    0xe1, 0x3, 0x0, 0xff, 0xe2, 0x8, 0x38, 0x7,
    0xf8, 0x40, 0xf4, 0xc, 0x3, 0xf8, 0x80, 0xe,
    0x80, 0x4, 0x0, 0xfc, 0xa0, 0x24, 0x28, 0x1e,
    0x1, 0xfa, 0x81, 0x80, 0x10, 0x8, 0xc0, 0x1e,
    0x92, 0x9, 0x0, 0x1b, 0x84, 0xc8, 0x80, 0x7,
    0x6c, 0x14, 0x20, 0x14, 0x40, 0x1b, 0x7f, 0xd8,
    0x81, 0x4a, 0x1, 0xcf, 0xac, 0x20, 0x2, 0x7e,
    0x50, 0xf, 0x8a, 0x78, 0x81, 0xe0, 0x40, 0x3f,
    0xee, 0x5, 0xc4, 0x0, 0xff, 0x8e, 0xc4, 0xef,
    0xfe, 0x80, 0xf, 0xc9, 0xee, 0x60, 0x1, 0x0,

    /* U+0052 "R" */
    0x9f, 0xff, 0x75, 0xa8, 0x7, 0x84, 0x79, 0x2b,
    0x0, 0x32, 0xf7, 0x74, 0x81, 0xc0, 0x7, 0xe1,
    0x69, 0x6, 0x0, 0xff, 0x20, 0x8, 0x7, 0xf8,
    0x40, 0x3f, 0xf8, 0x16, 0x4, 0x1, 0xf8, 0x61,
    0xc2, 0xc0, 0x25, 0xdd, 0xbb, 0x8e, 0xc, 0xc0,
    0xc, 0x45, 0x8, 0x2e, 0x48, 0x6, 0x5f, 0xf8,
    0x43, 0x4c, 0x3, 0xfa, 0x2, 0x4, 0x3, 0xf9,
    0x88, 0x20, 0x3, 0xfd, 0x0, 0xc4, 0x1, 0xfc,
    0xa6, 0x10, 0x1, 0xfe, 0x80, 0x53, 0x0, 0xfe,
    0x44, 0x4, 0x0, 0x7f, 0xa0, 0x11, 0x0,

    /* U+0053 "S" */
    0x0, 0x96, 0xfb, 0xfa, 0xd4, 0x3, 0xaa, 0x88,
    0x20, 0x29, 0x58, 0x20, 0x7, 0x50, 0x8d, 0xfe,
    0x92, 0x37, 0x0, 0x48, 0x43, 0x90, 0xb, 0x6c,
    0xb0, 0x0, 0x41, 0x0, 0x3c, 0xc0, 0x10, 0x82,
    0x0, 0x7f, 0x98, 0x21, 0x80, 0x3f, 0xa0, 0xc2,
    0x75, 0x80, 0x3f, 0x64, 0x9, 0x4f, 0xc8, 0x80,
    0x79, 0xfa, 0x48, 0x1b, 0x9c, 0x3, 0xe6, 0xdb,
    0x30, 0x87, 0x0, 0xfc, 0x98, 0xc1, 0x0, 0x1f,
    0xe8, 0x0, 0x18, 0x7, 0xf0, 0x80, 0x45, 0xc8,
    0x1, 0xe6, 0x0, 0x15, 0x8d, 0xd9, 0x44, 0x9,
    0xe4, 0x18, 0x65, 0xc1, 0x2b, 0xbf, 0x60, 0x12,
    0x40, 0x11, 0xae, 0x60, 0x1, 0x4a, 0xb0, 0x0,

    /* U+0054 "T" */
    0x4f, 0xff, 0xfe, 0x5, 0x38, 0x7, 0xff, 0x0,
    0xcd, 0xff, 0xc2, 0x17, 0xff, 0xa4, 0x3, 0xff,
    0xfe, 0x1, 0xff, 0xff, 0x0, 0xff, 0xf8, 0x0,

    /* U+0055 "U" */
    0xaf, 0x90, 0xf, 0x8b, 0xfc, 0x1, 0xff, 0xff,
    0x0, 0xff, 0xf5, 0x98, 0x7, 0xf0, 0x80, 0xf0,
    0x28, 0x7, 0xcc, 0x6, 0x60, 0x31, 0x0, 0xf7,
    0x83, 0xa0, 0x84, 0x0, 0x71, 0xa8, 0x70, 0x48,
    0x35, 0x18, 0xb, 0x60, 0x1a, 0x3, 0xa8, 0x2e,
    0x7f, 0x48, 0x16, 0x80, 0x55, 0x44, 0x10, 0x1,
    0xc6, 0x88, 0x0,

    /* U+0056 "V" */
    0xdf, 0x80, 0xf, 0xd3, 0xf4, 0xa0, 0x80, 0x1f,
    0x9c, 0x3e, 0xc0, 0xc4, 0x3, 0xc4, 0x20, 0xa6,
    0x20, 0xe0, 0x1e, 0x50, 0x40, 0x3, 0x86, 0x0,
    0x7a, 0xc3, 0x40, 0x1a, 0xa, 0x1, 0xc2, 0x60,
    0xe0, 0x4, 0x10, 0x40, 0xc, 0x80, 0x62, 0x1,
    0x20, 0x60, 0x6, 0xf0, 0xb0, 0xd, 0xe0, 0xa0,
    0x19, 0x1, 0x40, 0x32, 0x81, 0x10, 0x0, 0x62,
    0x44, 0x0, 0xe4, 0x4, 0x0, 0x58, 0x28, 0x7,
    0xb4, 0x34, 0x0, 0x81, 0x60, 0x1e, 0x70, 0x40,
    0x13, 0x13, 0x0, 0xf0, 0x98, 0x22, 0x1, 0xc0,
    0x3f, 0x58, 0x67, 0x86, 0x80, 0x7e, 0x50, 0x54,
    0x4, 0x0, 0xfc, 0x45, 0xa, 0x80, 0x7f, 0x94,
    0x1, 0xe0, 0x1c,

    /* U+0057 "W" */
    0x4f, 0xf0, 0x7, 0xa3, 0xec, 0x3, 0xd9, 0xea,
    0xa0, 0x1, 0x80, 0x72, 0x2, 0x0, 0x78, 0xc1,
    0x4, 0x81, 0x40, 0x38, 0xc0, 0x6, 0x1, 0x88,
    0x4, 0x40, 0xe1, 0xe0, 0x19, 0x1, 0x1, 0x0,
    0x33, 0x82, 0x80, 0x34, 0x14, 0x3, 0x60, 0x78,
    0x60, 0x6, 0xd0, 0x30, 0x2, 0x1, 0x80, 0x64,
    0x4, 0x14, 0x0, 0xc6, 0x1a, 0x0, 0x30, 0x1,
    0x0, 0x46, 0x80, 0xa0, 0x60, 0x12, 0x2, 0x0,
    0x44, 0xe, 0x0, 0x40, 0x30, 0xc0, 0x40, 0x1,
    0x0, 0x88, 0x2, 0x40, 0xd0, 0x6, 0x6, 0x2,
    0x6, 0x0, 0x1c, 0x14, 0x3, 0x78, 0x18, 0x1,
    0x1, 0x0, 0xc1, 0x0, 0x1a, 0x6, 0x1, 0x94,
    0x14, 0x0, 0x66, 0x0, 0x90, 0xc, 0xc, 0x30,
    0x3, 0x18, 0x8, 0x18, 0x20, 0x5, 0x80, 0xa0,
    0xc0, 0xa0, 0x1c, 0x60, 0x6a, 0x18, 0x1, 0x20,
    0x60, 0x10, 0x88, 0x3, 0x94, 0x17, 0x1, 0x40,
    0x23, 0x7, 0x30, 0x50, 0xf, 0x78, 0x7b, 0x90,
    0x80, 0x63, 0x24, 0x3, 0x0, 0xf2, 0x2, 0x12,
    0x0, 0x72, 0x5, 0x6, 0x0, 0x78, 0x80, 0x83,
    0x0, 0x3b, 0x0, 0x81, 0x40, 0x3e, 0x30, 0x2,
    0x0, 0x72, 0x0, 0x4, 0x40, 0x10,

    /* U+0058 "X" */
    0xe, 0xf7, 0x0, 0xf4, 0xfd, 0x80, 0x20, 0x24,
    0x3, 0x85, 0x82, 0x0, 0xc, 0x42, 0xe0, 0x1a,
    0x1, 0x4c, 0x2, 0x80, 0x81, 0x0, 0x13, 0x4,
    0x0, 0x65, 0x30, 0x90, 0x4, 0x3, 0x10, 0x7,
    0x78, 0x38, 0x92, 0x84, 0x0, 0x78, 0xd4, 0x22,
    0xc2, 0x4, 0x3, 0xe8, 0x6, 0x60, 0xb8, 0x7,
    0xe2, 0x60, 0x4, 0x0, 0x7f, 0x90, 0x1, 0xe0,
    0x1f, 0xce, 0x4a, 0xc, 0x40, 0x1f, 0xc, 0x85,
    0xb8, 0x48, 0x7, 0xd2, 0x2c, 0x32, 0x8, 0x80,
    0xe, 0x27, 0x8, 0x1, 0x80, 0x90, 0xe, 0x80,
    0x61, 0x0, 0x38, 0x93, 0x0, 0x46, 0xa1, 0x0,
    0x1a, 0x2, 0x0, 0x2f, 0x7, 0x10, 0xc, 0xc4,
    0x30, 0xa, 0x61, 0x20, 0x1e, 0x80, 0x72,

    /* U+0059 "Y" */
    0xc, 0xf8, 0x0, 0xfb, 0x3e, 0x2, 0x41, 0xc0,
    0x3c, 0x66, 0x9, 0x5, 0x20, 0x70, 0xe, 0x90,
    0x61, 0x0, 0x40, 0x48, 0x6, 0x15, 0x8, 0x0,
    0x94, 0x85, 0x40, 0x29, 0x6, 0x10, 0xd, 0x61,
    0x20, 0x13, 0x5, 0x80, 0x73, 0x9, 0x98, 0x18,
    0x54, 0x80, 0x3d, 0x21, 0x21, 0x61, 0x0, 0x1f,
    0x38, 0xab, 0x92, 0x90, 0x7, 0xe9, 0x8, 0x9,
    0x0, 0xfe, 0x60, 0x2, 0x18, 0x7, 0xf0, 0x98,
    0x60, 0x7, 0xff, 0xfc, 0x3, 0xff, 0x84,

    /* U+005A "Z" */
    0xf, 0xff, 0xf8, 0xc0, 0x40, 0x3f, 0xc4, 0x1d,
    0xff, 0xf1, 0x3, 0x88, 0x7, 0xe8, 0x22, 0x40,
    0x7, 0xe2, 0x70, 0xe0, 0xf, 0xee, 0x6, 0x30,
    0xf, 0xcc, 0x63, 0x0, 0x1f, 0x86, 0x42, 0xc4,
    0x3, 0xf5, 0x82, 0x28, 0x7, 0xe4, 0x50, 0xa0,
    0xf, 0xea, 0x9, 0x10, 0xf, 0xd2, 0x26, 0xc0,
    0x1f, 0x8d, 0x83, 0xc0, 0x3f, 0xb8, 0x1c, 0xc0,
    0x3f, 0x39, 0x12, 0x0, 0x3f, 0x14, 0x4, 0x80,
    0x7f, 0x40, 0x2, 0xff, 0xff, 0x2b, 0x0, 0x7f,
    0xf0, 0x0,

    /* U+005B "[" */
    0x7f, 0xfc, 0x80, 0x8, 0xaa, 0x28, 0x1, 0x56,
    0x10, 0xf, 0xff, 0xf8, 0x7, 0xff, 0x74, 0x40,
    0x3b, 0x3f, 0xc8, 0xd9, 0x99, 0x40,

    /* U+005C "\\" */
    0x7f, 0x10, 0xf, 0x90, 0x1c, 0x3, 0xe3, 0x1c,
    0x0, 0xfc, 0xea, 0x1, 0xfb, 0x1, 0x0, 0x3e,
    0x50, 0xc0, 0xf, 0xc8, 0xa0, 0x1f, 0xb0, 0x88,
    0x1, 0xf2, 0x82, 0x0, 0x7c, 0x44, 0xd0, 0xf,
    0xc8, 0x80, 0xf, 0xda, 0xa, 0x1, 0xf2, 0x6,
    0x0, 0x7e, 0x47, 0x0, 0xfd, 0xa2, 0x60, 0x1f,
    0x38, 0x20, 0x7, 0xc2, 0x56, 0x1, 0xf9, 0x4c,
    0x40, 0x3e, 0xb0, 0x40, 0xf, 0x8c, 0x7c, 0x3,
    0xf2, 0x28, 0x7, 0xef, 0x3, 0x0, 0xf9, 0x2,
    0xc0, 0x3e, 0x13, 0x50, 0xf, 0xd0, 0xa0,

    /* U+005D "]" */
    0x3f, 0xfd, 0x25, 0x55, 0x0, 0x5, 0x54, 0x80,
    0x1f, 0xff, 0xf0, 0xf, 0xff, 0x19, 0xff, 0xb8,
    0x0, 0x79, 0x9a, 0xc0,

    /* U+005E "^" */
    0x0, 0xd1, 0xfa, 0x1, 0xf9, 0x40, 0x88, 0x1,
    0xe3, 0x25, 0xa, 0x0, 0xf5, 0x4, 0x13, 0x0,
    0x79, 0x8c, 0xa8, 0x50, 0x3, 0x28, 0x58, 0x28,
    0x70, 0x6, 0xe0, 0x60, 0x23, 0x51, 0x0, 0xa,
    0x18, 0x80, 0x28, 0x1c, 0x0, 0xc1, 0x40, 0x13,
    0x85, 0x0, 0x28, 0x1c, 0x2, 0x14, 0x32, 0x32,
    0x41, 0x0, 0xda, 0x14,

    /* U+005F "_" */
    0x58, 0x8f, 0xfe, 0x0, 0x73, 0xbf, 0xff, 0x0,
    0x40,

    /* U+0060 "`" */
    0x6, 0x50, 0x9, 0x26, 0x88, 0x0, 0x8a, 0x1e,
    0x20, 0xa, 0x52, 0xa0, 0xa, 0x91, 0x10, 0x1,
    0x5a, 0xd0,

    /* U+0061 "a" */
    0x0, 0xc, 0x6f, 0xfb, 0x14, 0x2, 0x8e, 0x72,
    0x0, 0x1d, 0x38, 0x0, 0x86, 0x7b, 0xfc, 0xe1,
    0x2, 0x17, 0xcc, 0x20, 0x8, 0x10, 0x40, 0x10,
    0xf, 0x20, 0x68, 0x7, 0x23, 0xd2, 0x0, 0x80,
    0xe, 0xbe, 0xe1, 0xc0, 0x33, 0xe2, 0xb5, 0xfe,
    0xb8, 0x0, 0xe0, 0x32, 0x50, 0x3, 0xac, 0x18,
    0xc0, 0x3e, 0x10, 0xf, 0x94, 0x1, 0xe0, 0xe6,
    0x0, 0x4d, 0x30, 0x3, 0x10, 0xe7, 0x72, 0xc1,
    0xc0, 0x2c, 0x50, 0x13, 0x9d, 0xc0, 0x0,

    /* U+0062 "b" */
    0xcf, 0x60, 0xf, 0xff, 0xe0, 0xc7, 0x7f, 0x48,
    0x80, 0x6f, 0xf3, 0x88, 0xb, 0x60, 0x80, 0x4c,
    0x77, 0xfe, 0xa0, 0x2b, 0x0, 0x93, 0x50, 0x0,
    0xb4, 0xa, 0x20, 0xd, 0x0, 0xe5, 0x0, 0x38,
    0x7, 0xf1, 0x87, 0x0, 0x7f, 0x30, 0x8, 0x7,
    0xf0, 0x80, 0x7f, 0xcc, 0x1c, 0x1, 0xf8, 0x48,
    0x10, 0x0, 0x20, 0x1d, 0x0, 0x46, 0x0, 0x88,
    0x8, 0xc, 0xb0, 0x40, 0x4, 0xcf, 0xdf, 0xcc,
    0x10, 0xa0, 0x14, 0xe2, 0x0, 0x12, 0xdc, 0x0,

    /* U+0063 "c" */
    0x0, 0x8e, 0xbb, 0xfa, 0x44, 0x2, 0x7c, 0x51,
    0x1, 0x6f, 0x10, 0x68, 0x6, 0xef, 0xe7, 0x41,
    0x14, 0x83, 0x48, 0x80, 0xc5, 0x3, 0x80, 0x24,
    0x3, 0xec, 0x5, 0x0, 0xfc, 0x20, 0x40, 0x1f,
    0xfc, 0x71, 0x2, 0x0, 0xfd, 0x80, 0x80, 0x1f,
    0x9c, 0x6, 0x0, 0x3e, 0x17, 0x7, 0x81, 0x0,
    0x3f, 0x8, 0x43, 0x3, 0xf7, 0x3e, 0x5, 0x40,
    0x13, 0x68, 0x23, 0x37, 0x20,

    /* U+0064 "d" */
    0x0, 0xfe, 0x8f, 0xa0, 0xf, 0xff, 0x9a, 0xe7,
    0xfa, 0xcf, 0xc0, 0x34, 0xd1, 0x80, 0x13, 0x2c,
    0x2, 0x76, 0x7, 0xef, 0xd6, 0x30, 0x0, 0xc0,
    0x3c, 0x8, 0x14, 0xb0, 0x1, 0xc0, 0x10, 0x1,
    0xc2, 0x0, 0xf0, 0x40, 0xf, 0xe2, 0x3, 0x0,
    0xff, 0xe4, 0x88, 0x10, 0x7, 0xf6, 0x82, 0x0,
    0x7f, 0x28, 0xa, 0x80, 0x72, 0x0, 0x9, 0x2,
    0x94, 0x0, 0x78, 0x60, 0x15, 0x10, 0x57, 0xfb,
    0xa, 0x0, 0x21, 0xc7, 0x10, 0x16, 0xf5, 0x0,
    0x0,

    /* U+0065 "e" */
    0x0, 0x92, 0xff, 0xda, 0xe0, 0x1d, 0x16, 0x82,
    0x22, 0x8b, 0x0, 0x99, 0xc6, 0xfb, 0x9a, 0x48,
    0xc0, 0x32, 0x1a, 0x80, 0x2, 0xf0, 0xb0, 0x70,
    0x43, 0x0, 0xc4, 0x64, 0x38, 0x18, 0x1, 0xe6,
    0x2, 0x10, 0x8f, 0xff, 0x28, 0x38, 0x0, 0xd5,
    0x7f, 0x30, 0x82, 0x55, 0x7e, 0x2c, 0x5, 0x0,
    0xfe, 0x70, 0x25, 0x0, 0xfc, 0x30, 0x14, 0xe0,
    0x11, 0x49, 0x0, 0x1d, 0xc1, 0x1f, 0xbd, 0xad,
    0x40, 0x14, 0x62, 0x89, 0x2, 0x54, 0x0,

    /* U+0066 "f" */
    0x0, 0xd3, 0xdf, 0xca, 0x1, 0x5b, 0x9, 0xb,
    0x0, 0x9, 0x2, 0xf7, 0xcc, 0x0, 0x80, 0x48,
    0x1, 0xf0, 0x80, 0x78, 0x40, 0x3c, 0x7f, 0x0,
    0x7f, 0xe8, 0x1, 0x31, 0x0, 0x19, 0xb8, 0xb,
    0x24, 0xf, 0x30, 0xc0, 0x1f, 0xff, 0xf0, 0xf,
    0xfe, 0x68,

    /* U+0067 "g" */
    0x0, 0xc, 0x77, 0xff, 0xc0, 0x2, 0xf7, 0x4,
    0x20, 0x1, 0x1a, 0x0, 0x24, 0x57, 0xaf, 0x5c,
    0x1, 0x96, 0x4, 0x81, 0x60, 0x14, 0x11, 0xc,
    0x0, 0xc0, 0x42, 0x1, 0x9c, 0x18, 0x0, 0xe0,
    0x60, 0x1c, 0x20, 0x20, 0x3, 0x11, 0x18, 0x4,
    0x28, 0xa, 0x1, 0x40, 0x6a, 0x1, 0xe8, 0x38,
    0x80, 0x4c, 0x63, 0x7f, 0x86, 0xd0, 0x1, 0xa0,
    0xea, 0x5e, 0x36, 0x40, 0x39, 0xc9, 0x5a, 0x1c,
    0x80, 0x3e, 0x23, 0x0, 0xff, 0x38, 0x67, 0x76,
    0xdb, 0x60, 0xa, 0xc0, 0x47, 0x89, 0x26, 0x80,
    0xb1, 0x3b, 0xff, 0x73, 0x82, 0x8c, 0x4, 0x0,
    0x70, 0xc0, 0x0, 0xd8, 0x3, 0xf1, 0x0, 0x9,
    0x43, 0xc4, 0x3, 0x1f, 0x84, 0x4, 0x11, 0xf5,
    0xcc, 0xb3, 0x5, 0xe, 0x3, 0xb0, 0x6a, 0xcc,
    0x16, 0xd7, 0x0, 0x0,

    /* U+0068 "h" */
    0xcf, 0x60, 0xf, 0xff, 0xbb, 0xef, 0xf4, 0x80,
    0x76, 0x41, 0x0, 0xb5, 0x80, 0x52, 0x55, 0xdc,
    0x70, 0x43, 0x0, 0xe, 0x28, 0x8a, 0x8, 0x10,
    0x1, 0x4, 0x1, 0x9c, 0x38, 0x3, 0xf1, 0x81,
    0x80, 0x7f, 0xff, 0xc0, 0x3f, 0xf8, 0x20,

    /* U+0069 "i" */
    0xb, 0xf6, 0x14, 0xa, 0x14, 0xa, 0xb, 0xf6,
    0x0, 0xfe, 0xcf, 0x60, 0xf, 0xff, 0x40,

    /* U+006A "j" */
    0x0, 0xd7, 0xec, 0x1, 0x12, 0x5, 0x0, 0x44,
    0x81, 0x40, 0x1a, 0xfd, 0x80, 0x3f, 0xf8, 0xd9,
    0xec, 0x1, 0xff, 0xff, 0x0, 0xff, 0xeb, 0x8,
    0x18, 0x4, 0x44, 0x7, 0xb, 0xdd, 0x1, 0x90,
    0x39, 0x2, 0xe8, 0x0,

    /* U+006B "k" */
    0xcf, 0x60, 0xf, 0xff, 0xf8, 0x37, 0xf0, 0x80,
    0x7c, 0x52, 0x14, 0x20, 0x1f, 0x78, 0x3a, 0x0,
    0x7d, 0x44, 0x90, 0x1, 0xf3, 0x28, 0xd0, 0x7,
    0xc5, 0x21, 0x42, 0x1, 0xf7, 0x80, 0x34, 0x3,
    0xe8, 0x25, 0x6, 0x30, 0xf, 0x9, 0xd4, 0x7,
    0x80, 0x78, 0x74, 0x1c, 0x4d, 0x40, 0x3a, 0x4,
    0x1, 0x61, 0x60, 0x1f, 0xca, 0x63, 0x0, 0x1f,
    0xde, 0xe, 0x40, 0x1f, 0x8d, 0x42, 0x40,

    /* U+006C "l" */
    0xcf, 0x60, 0xf, 0xff, 0xb8, 0x82, 0x84, 0x44,
    0x60, 0x40,

    /* U+006D "m" */
    0xcf, 0x0, 0x47, 0x7e, 0xb0, 0x5, 0x1d, 0xfa,
    0xa0, 0x18, 0xf1, 0xc4, 0xa, 0x54, 0x75, 0xc4,
    0xa, 0x90, 0x2, 0xd2, 0xaf, 0xd3, 0xb, 0xc0,
    0xbf, 0xc2, 0x8, 0x0, 0x8f, 0xd4, 0xb, 0xc0,
    0x45, 0x88, 0x7, 0x20, 0x60, 0x15, 0x88, 0x4,
    0x60, 0x8, 0x10, 0x9, 0x40, 0x4, 0x1, 0xf8,
    0x40, 0x3c, 0x20, 0x1, 0x0, 0xff, 0xff, 0x80,
    0x7f, 0xff, 0xc0, 0x0,

    /* U+006E "n" */
    0xcf, 0x0, 0x3e, 0xff, 0x48, 0x6, 0x3c, 0x82,
    0x1, 0x6b, 0x0, 0xb4, 0xab, 0xb8, 0xe0, 0x86,
    0x1, 0x62, 0x88, 0xa0, 0x81, 0x0, 0x10, 0x40,
    0x19, 0xc3, 0x80, 0x3f, 0x18, 0x18, 0x7, 0xff,
    0xfc, 0x3, 0xff, 0x82,

    /* U+006F "o" */
    0x0, 0x92, 0xfb, 0xf6, 0x4, 0x3, 0xa2, 0xd0,
    0x40, 0x9f, 0xcc, 0x2, 0x77, 0x4, 0x7f, 0xb4,
    0xc7, 0x44, 0x6, 0x2, 0x1c, 0x0, 0x58, 0x43,
    0x0, 0xe0, 0x2e, 0x1, 0xd0, 0xc, 0x18, 0x8,
    0x1, 0xe4, 0x0, 0x10, 0x81, 0x0, 0x78, 0x40,
    0xc, 0x1, 0xff, 0xc1, 0x10, 0x20, 0xf, 0x8,
    0x1, 0xb0, 0x10, 0x3, 0xc8, 0x0, 0x27, 0x1,
    0x60, 0xe, 0x80, 0x60, 0x18, 0x9, 0x60, 0x1,
    0x59, 0xc, 0x0, 0x1d, 0x82, 0x7f, 0xb5, 0x7,
    0x44, 0x2, 0x9b, 0x41, 0x11, 0x3f, 0x98, 0x0,

    /* U+0070 "p" */
    0xcf, 0x11, 0x47, 0x7f, 0x48, 0x80, 0x67, 0xf7,
    0x10, 0x16, 0xc1, 0x0, 0xa4, 0xef, 0xfd, 0x40,
    0x56, 0x1, 0x26, 0xa0, 0x1, 0x68, 0x14, 0x40,
    0x1a, 0x1, 0xca, 0x0, 0x70, 0xf, 0xe3, 0xe,
    0x0, 0xfe, 0x60, 0x10, 0xf, 0xe1, 0x0, 0xff,
    0x98, 0x38, 0x3, 0xf0, 0x90, 0x20, 0x0, 0x40,
    0x3a, 0x0, 0x8c, 0x1, 0x10, 0x20, 0x19, 0x60,
    0x80, 0x8, 0xdf, 0x7f, 0x98, 0x21, 0x40, 0x2a,
    0xc4, 0x0, 0x25, 0xb8, 0x7, 0x1d, 0xff, 0xad,
    0x0, 0x3f, 0xfe, 0x60,

    /* U+0071 "q" */
    0x0, 0x97, 0x3f, 0xd8, 0x85, 0xf4, 0x0, 0x9a,
    0x30, 0x1, 0xdf, 0x0, 0x4e, 0xc0, 0xfd, 0xfa,
    0xc6, 0x0, 0x18, 0x7, 0x81, 0x2, 0x96, 0x0,
    0x38, 0x2, 0x0, 0x38, 0x40, 0x1e, 0x8, 0x1,
    0xfc, 0x40, 0x60, 0x1f, 0xfc, 0x91, 0x2, 0x0,
    0xfe, 0xd0, 0x40, 0xf, 0xe5, 0x1, 0x50, 0xe,
    0x40, 0x1, 0x20, 0x52, 0x80, 0xf, 0xc, 0x2,
    0xa2, 0xa, 0xff, 0x61, 0x28, 0x4, 0x38, 0xe2,
    0x2, 0xdf, 0xa0, 0x18, 0x63, 0xbf, 0xa4, 0x7c,
    0x3, 0xff, 0xe4,

    /* U+0072 "r" */
    0xcf, 0x0, 0x4f, 0xf9, 0x0, 0x5, 0x8c, 0x0,
    0x50, 0x4, 0x9c, 0x76, 0x88, 0x1, 0x29, 0xc4,
    0x80, 0x24, 0x50, 0xf, 0x68, 0x7, 0xff, 0xe4,

    /* U+0073 "s" */
    0x0, 0x9f, 0x7f, 0xd8, 0xc0, 0x1a, 0xe0, 0x8a,
    0x39, 0xb0, 0x2, 0x20, 0x77, 0x72, 0xf0, 0x0,
    0xc1, 0xc8, 0x0, 0x54, 0xa0, 0x1, 0x5, 0x0,
    0xfc, 0xe2, 0x7a, 0xa0, 0x1e, 0x1c, 0x32, 0xae,
    0x81, 0x0, 0xc5, 0x96, 0x82, 0xfe, 0x80, 0x1c,
    0x97, 0xa8, 0x34, 0x1, 0xf1, 0x58, 0x89, 0x0,
    0x40, 0x3c, 0x40, 0x16, 0xe9, 0x0, 0x25, 0x30,
    0x50, 0x62, 0xbe, 0xce, 0xa0, 0x81, 0xa, 0xc5,
    0x3, 0x14, 0xb7, 0x0,

    /* U+0074 "t" */
    0x0, 0xf, 0xe0, 0x7, 0x8c, 0x3, 0xf0, 0x80,
    0x7e, 0x70, 0xf, 0x2f, 0xd8, 0x1f, 0xfc, 0xa2,
    0x64, 0x0, 0x33, 0x85, 0x32, 0xc0, 0xf3, 0x24,
    0x0, 0xff, 0xfa, 0x98, 0x10, 0x7, 0x9c, 0x5,
    0x40, 0x38, 0x90, 0x2b, 0xbd, 0xc0, 0x2a, 0x51,
    0x11, 0x8,

    /* U+0075 "u" */
    0xff, 0x18, 0x7, 0x67, 0xb0, 0x7, 0xff, 0xfc,
    0x3, 0xff, 0x86, 0xe0, 0x1c, 0x20, 0x2, 0xc,
    0x0, 0xce, 0x40, 0x4, 0x7, 0x40, 0x19, 0x82,
    0x0, 0x58, 0x2, 0xff, 0x9a, 0x54, 0x0, 0x58,
    0x60, 0x4, 0xc6, 0xf0, 0x0,

    /* U+0076 "v" */
    0x8f, 0xb0, 0xf, 0xf, 0xf8, 0x28, 0x10, 0x40,
    0x39, 0xc1, 0x0, 0x88, 0x8, 0x1, 0xda, 0x1c,
    0x0, 0x50, 0xf0, 0xc, 0x28, 0xa, 0x0, 0xa0,
    0x50, 0xc, 0x80, 0x80, 0x11, 0x10, 0x10, 0x2,
    0xf0, 0xd0, 0xc, 0xa1, 0xa0, 0x12, 0x83, 0x80,
    0x6a, 0x7, 0x0, 0x20, 0x20, 0x80, 0x62, 0x20,
    0x98, 0x68, 0x68, 0x7, 0xa8, 0x10, 0x1c, 0x1c,
    0x3, 0xca, 0x16, 0x42, 0x82, 0x1, 0xe2, 0x21,
    0xd0, 0x68, 0x7, 0xea, 0x7, 0x7, 0x0, 0xfc,
    0xa0, 0x4, 0x10, 0xc,

    /* U+0077 "w" */
    0x3f, 0xf0, 0x7, 0x47, 0xf0, 0x7, 0x4f, 0xc1,
    0x80, 0xc, 0x3, 0x20, 0x9, 0x0, 0x64, 0xc,
    0x4, 0x4, 0x0, 0xc6, 0x40, 0x80, 0x10, 0x90,
    0x20, 0x60, 0x60, 0x4, 0x81, 0x41, 0x80, 0x12,
    0x82, 0x0, 0x10, 0x10, 0x2, 0xc0, 0x51, 0x40,
    0xb, 0x3, 0x0, 0x6, 0x20, 0x60, 0x4, 0x12,
    0x41, 0x20, 0x2, 0x2, 0x0, 0x48, 0x8, 0x0,
    0x34, 0xc, 0x4, 0x0, 0x18, 0x18, 0x5, 0x81,
    0x80, 0x81, 0x80, 0x81, 0x80, 0x80, 0x80, 0x19,
    0x1, 0x43, 0x1, 0x0, 0x85, 0x0, 0xc3, 0x0,
    0x31, 0x8, 0xc6, 0x24, 0x0, 0x51, 0x2d, 0x4,
    0x0, 0xe4, 0x4, 0x48, 0x2, 0xc0, 0x74, 0x3,
    0x0, 0xec, 0xe, 0xc, 0x0, 0x90, 0x3c, 0x50,
    0x3, 0xc8, 0x8, 0xa, 0x1, 0x18, 0xa8, 0x60,
    0x7, 0x88, 0x80, 0x26, 0x1, 0x94, 0x0, 0x80,
    0x10,

    /* U+0078 "x" */
    0x1e, 0xf5, 0x0, 0xc9, 0xfc, 0x3, 0x1, 0x60,
    0x1a, 0x2, 0x0, 0xc, 0x43, 0x0, 0x5, 0x32,
    0x60, 0xb, 0x81, 0xc4, 0x20, 0x24, 0x3, 0x1a,
    0x84, 0x29, 0x2a, 0x0, 0x75, 0x83, 0x40, 0x40,
    0x7, 0x85, 0xc0, 0x9c, 0x80, 0x3e, 0x40, 0x1,
    0x0, 0x7c, 0xc6, 0xa2, 0xa8, 0x1, 0xc3, 0x1,
    0x70, 0x12, 0x1, 0xd0, 0x2e, 0x2c, 0x44, 0x70,
    0x8, 0x98, 0x64, 0x1, 0x21, 0x2, 0x0, 0xe0,
    0x91, 0x0, 0x22, 0x2, 0xc1, 0x4c, 0x5c, 0x3,
    0x48, 0x2a, 0x0,

    /* U+0079 "y" */
    0x8f, 0xc0, 0xf, 0xf, 0xf8, 0x28, 0xc, 0x40,
    0x39, 0xc1, 0x0, 0x8c, 0x18, 0x3, 0xb4, 0x34,
    0x1, 0x41, 0x60, 0x1c, 0x80, 0xe0, 0x6, 0x3,
    0x20, 0x9, 0x1, 0x4, 0x2, 0x50, 0x50, 0xb,
    0x43, 0x40, 0x37, 0x5, 0x80, 0x4e, 0xe, 0x1,
    0x90, 0x4c, 0x80, 0xc4, 0xc4, 0x3, 0x98, 0x14,
    0x10, 0x2c, 0x3, 0xd4, 0x16, 0x16, 0xa, 0x1,
    0xe2, 0x33, 0x11, 0x98, 0x80, 0x3e, 0xa0, 0xe0,
    0xb0, 0xf, 0xce, 0x6, 0xa, 0x1, 0xf8, 0x54,
    0x8, 0x80, 0x1f, 0xc6, 0xa, 0x1, 0xfe, 0x70,
    0xa0, 0xf, 0xe5, 0x13, 0x20, 0xf, 0xc7, 0x61,
    0x0, 0x1f, 0x67, 0x60, 0xba, 0x0, 0x7c, 0x42,
    0x53, 0x0, 0x1f, 0x0,

    /* U+007A "z" */
    0x6, 0xff, 0xfc, 0xe0, 0x64, 0x5c, 0x20, 0x3,
    0x5, 0xdd, 0xe5, 0x4, 0x40, 0x7, 0x95, 0x2,
    0x80, 0x3e, 0xb0, 0x91, 0x0, 0xf4, 0x89, 0xb0,
    0x7, 0x8d, 0x83, 0x80, 0x3e, 0xe0, 0x72, 0x0,
    0xf3, 0x91, 0x20, 0x3, 0xc5, 0x1, 0x20, 0x1f,
    0x48, 0x2a, 0x0, 0x79, 0x50, 0x6c, 0x3, 0xeb,
    0x1, 0xcd, 0xde, 0x92, 0x10, 0x1, 0x17, 0xc0,

    /* U+007B "{" */
    0x0, 0x86, 0xff, 0xc8, 0x1, 0x52, 0x2d, 0x28,
    0x4, 0x83, 0x4a, 0x20, 0x18, 0x80, 0x3f, 0xf8,
    0x62, 0x1, 0xe1, 0x0, 0xf8, 0xcc, 0x1, 0xe1,
    0x0, 0xf8, 0x8c, 0x3, 0x1c, 0x8a, 0x0, 0x43,
    0x8c, 0x92, 0x1, 0xc, 0x9a, 0x30, 0x6, 0x6d,
    0xa, 0x0, 0xe1, 0x32, 0x0, 0xff, 0xe1, 0x8,
    0x7, 0xc6, 0x60, 0xf, 0x8, 0x7, 0xe1, 0x0,
    0xff, 0xe1, 0x90, 0x7, 0x90, 0x58, 0x40, 0x34,
    0xc, 0xf2, 0x0, 0x47, 0xd9, 0x85,

    /* U+007C "|" */
    0x8f, 0x0, 0xff, 0xff, 0x80, 0x7c,

    /* U+007D "}" */
    0x3f, 0xf5, 0x90, 0x4, 0x54, 0xe9, 0xe0, 0x10,
    0xac, 0x19, 0x8, 0x7, 0x30, 0x18, 0x7, 0xff,
    0x4, 0x40, 0xc0, 0x3e, 0x10, 0xe, 0x70, 0xf,
    0xc2, 0x1, 0xe7, 0x10, 0xf, 0x60, 0x59, 0x80,
    0x67, 0x64, 0xc3, 0x0, 0x91, 0x8a, 0x48, 0x2,
    0xe0, 0xf6, 0x10, 0x9, 0x80, 0x80, 0x3f, 0xf9,
    0x2e, 0x1, 0xfc, 0x20, 0x1c, 0x20, 0x60, 0x1f,
    0xfc, 0x16, 0x3, 0x0, 0xc8, 0x64, 0x20, 0x3,
    0xfb, 0x19, 0x0, 0x8f, 0x31, 0xc8, 0x1, 0x0,

    /* U+007E "~" */
    0x0, 0x2e, 0xfd, 0x98, 0x6, 0x10, 0x3, 0x51,
    0x99, 0x31, 0x80, 0xf, 0xe4, 0x1a, 0x7d, 0x98,
    0x29, 0xdd, 0x42, 0x90, 0x5e, 0x80, 0xf, 0x58,
    0x88, 0xf6, 0x0,

    /* U+4E09 "三" */
    0x3, 0xdd, 0xff, 0xe2, 0xd8, 0x4, 0xe4, 0x5f,
    0xfc, 0x55, 0x0, 0x93, 0xff, 0xff, 0x8b, 0xc0,
    0x1f, 0xff, 0xf0, 0xf, 0xfe, 0xe5, 0xff, 0xff,
    0xf0, 0x80, 0x3e, 0x22, 0xff, 0xe1, 0x80, 0x7d,
    0x3b, 0xbf, 0xfc, 0x20, 0xf, 0xff, 0xf8, 0x7,
    0xff, 0x6e, 0x33, 0x3f, 0xf9, 0x4, 0x43, 0x3f,
    0xfe, 0x40, 0xd7, 0xff, 0xff, 0x20, 0xc0,

    /* U+4E0D "不" */
    0x1b, 0xbf, 0xfe, 0x43, 0x1, 0xa2, 0x7f, 0xf2,
    0x3c, 0xb, 0x77, 0xfc, 0x80, 0x9b, 0xbf, 0x40,
    0x0, 0x8b, 0xf9, 0x90, 0x28, 0x8b, 0xe1, 0x0,
    0xff, 0xd, 0x4, 0x8, 0x7, 0xff, 0x1a, 0x84,
    0x14, 0x3, 0xff, 0x8d, 0x28, 0x1, 0x2b, 0x0,
    0x7f, 0xf0, 0xe1, 0x80, 0x41, 0xae, 0x6c, 0x40,
    0x3f, 0xf8, 0x10, 0xe1, 0x84, 0xd, 0xe8, 0x8f,
    0x40, 0xf, 0xf5, 0x38, 0x59, 0x80, 0x43, 0x6e,
    0x37, 0x0, 0x1f, 0x16, 0x28, 0xe2, 0x0, 0x7a,
    0x2c, 0x5e, 0xc4, 0x3, 0x36, 0x99, 0x61, 0x80,
    0x7e, 0x4c, 0x24, 0xc2, 0x3, 0xd9, 0x6, 0xd2,
    0x0, 0xff, 0x16, 0x19, 0x60, 0x81, 0x12, 0xe4,
    0x3, 0xff, 0x82, 0x38, 0x72, 0x27, 0x9a, 0x80,
    0x1f, 0xfc, 0x4c, 0x70, 0x1, 0x80, 0x7f, 0xff,
    0xc0, 0x3f, 0xfe, 0x20,

    /* U+4E2D "中" */
    0x0, 0xfe, 0x11, 0x0, 0x7f, 0xf1, 0x47, 0xb0,
    0x3, 0xff, 0xf3, 0x59, 0x9f, 0x80, 0xb3, 0x3f,
    0x43, 0x99, 0xfc, 0x40, 0x3, 0x3f, 0xe0, 0x7,
    0xff, 0xb8, 0xb, 0xff, 0xda, 0x1, 0xff, 0xff,
    0x0, 0xff, 0xe8, 0xdd, 0xfb, 0x40, 0xae, 0xfd,
    0xc0, 0x19, 0x13, 0xc6, 0x0, 0x44, 0xf1, 0x80,
    0x6f, 0xff, 0x68, 0x17, 0xff, 0xb0, 0x1, 0x6e,
    0x1, 0xe3, 0x0, 0xfc, 0x53, 0xed, 0x0, 0x1f,
    0xfc, 0x31, 0x64, 0x0, 0xff, 0xff, 0x80, 0x7f,
    0xf3, 0x40,

    /* U+4E3B "主" */
    0x0, 0xff, 0xe9, 0x37, 0x20, 0x7, 0xff, 0x1c,
    0xc6, 0xdc, 0x3, 0xff, 0x8c, 0xb8, 0x31, 0x20,
    0x1f, 0xfc, 0x63, 0xc1, 0x69, 0x0, 0xfe, 0x35,
    0x5f, 0xce, 0xc1, 0xca, 0xbe, 0x30, 0x5, 0xd5,
    0x7f, 0x38, 0x45, 0x57, 0xac, 0x1, 0x73, 0x3f,
    0x80, 0x13, 0x3f, 0xac, 0x0, 0x6c, 0xdf, 0x80,
    0xc, 0xdf, 0x8c, 0x3, 0xff, 0xf4, 0x23, 0xf0,
    0x0, 0x47, 0xe0, 0xe, 0x6e, 0xef, 0x80, 0x1d,
    0xdf, 0x40, 0x6, 0x25, 0x5f, 0x80, 0xa, 0xbf,
    0x68, 0x6, 0x4a, 0xaf, 0x80, 0x15, 0x5f, 0x28,
    0x7, 0xff, 0xfc, 0x3, 0xff, 0x87, 0x3b, 0xbf,
    0xc0, 0xd, 0xdf, 0xea, 0x3, 0x3f, 0xe1, 0x11,
    0x9f, 0xf0, 0x0,

    /* U+4E49 "义" */
    0x0, 0xff, 0x84, 0x3, 0xff, 0x95, 0xb8, 0x1,
    0xff, 0xca, 0x52, 0x50, 0xf, 0x20, 0x7, 0xe3,
    0x10, 0xd, 0x21, 0x20, 0x1c, 0x97, 0x40, 0x1e,
    0x5c, 0x90, 0xc, 0x28, 0x66, 0x0, 0xdc, 0x1e,
    0x1, 0xe5, 0x16, 0x0, 0xef, 0xa, 0x0, 0x85,
    0x45, 0x40, 0x3e, 0x91, 0x60, 0xc, 0x82, 0x1,
    0xa4, 0x18, 0x3, 0xf3, 0x4, 0x0, 0x77, 0x48,
    0x4, 0xc1, 0x20, 0x1f, 0x85, 0xc5, 0xc0, 0x3f,
    0x40, 0xb0, 0x80, 0x7f, 0x40, 0xc0, 0x80, 0x78,
    0x5c, 0x20, 0x3, 0xfe, 0xb0, 0xa0, 0xf, 0x58,
    0x40, 0x80, 0x7f, 0xca, 0x88, 0x70, 0xc, 0xaa,
    0x37, 0x0, 0xff, 0xe0, 0xd0, 0xc1, 0x80, 0xa,
    0x83, 0x80, 0x3f, 0xf8, 0x43, 0x41, 0xa4, 0x3e,
    0x12, 0x40, 0x1f, 0xfc, 0x34, 0x81, 0xcd, 0x26,
    0x60, 0x7, 0xff, 0x15, 0xd8, 0x4d, 0x24, 0x3,
    0xff, 0x8c, 0x48, 0x0, 0x54, 0x0, 0xff, 0xe2,
    0xb6, 0x93, 0xb8, 0x6e, 0x0, 0x3f, 0xf8, 0x45,
    0x72, 0x15, 0x10, 0xa0, 0x7c, 0x30, 0xf, 0xf0,
    0xce, 0xa2, 0x35, 0x40, 0xb, 0xa4, 0x79, 0x44,
    0x1, 0xe3, 0xae, 0x62, 0xab, 0x20, 0xc, 0x5b,
    0x0, 0xbb, 0x48, 0x1, 0x66, 0x14, 0xa7, 0x54,
    0x3, 0xf3, 0xf3, 0x82, 0xdd, 0x80, 0x12, 0xb7,
    0xac, 0x1, 0xff, 0xc, 0x7c, 0xa4, 0x80,

    /* U+4E8E "于" */
    0x1, 0x88, 0xff, 0xe3, 0x0, 0x46, 0xef, 0xff,
    0xc6, 0x0, 0x8a, 0xef, 0xf1, 0x5, 0xdf, 0xd8,
    0x1, 0x91, 0x3f, 0x0, 0x15, 0x13, 0xc6, 0x1,
    0xff, 0xff, 0x0, 0xff, 0xe1, 0xce, 0x67, 0xf1,
    0x6, 0xe6, 0x7e, 0x75, 0x33, 0xfe, 0x0, 0x19,
    0xff, 0x76, 0x7f, 0xff, 0x10, 0x6f, 0xff, 0xe9,
    0x0, 0xff, 0xe0, 0x18, 0x7, 0xff, 0xfc, 0x3,
    0xff, 0xfe, 0x1, 0xff, 0xc6, 0x8c, 0xc6, 0xe8,
    0x84, 0x40, 0x1f, 0xfc, 0x2c, 0x33, 0x11, 0xe,
    0x80, 0x3f, 0xf8, 0x69, 0xff, 0xb1, 0x0, 0x3f,
    0xc0,

    /* U+4EBA "人" */
    0x0, 0xff, 0x8, 0x80, 0x3f, 0xf9, 0x3d, 0xc0,
    0xf, 0xfe, 0x40, 0x80, 0x80, 0x7f, 0xf2, 0x8c,
    0x3, 0xff, 0x90, 0x60, 0x1f, 0xfc, 0xa6, 0x2,
    0x0, 0xff, 0xe4, 0x10, 0x0, 0x40, 0x3f, 0xf8,
    0xfc, 0x0, 0x40, 0xf, 0xfe, 0x39, 0x80, 0x34,
    0x3, 0xff, 0x8e, 0x80, 0x5, 0x0, 0xff, 0xe3,
    0x18, 0x1a, 0x91, 0x0, 0x3f, 0xf8, 0xb6, 0x9,
    0xe1, 0x40, 0x1f, 0xfc, 0x56, 0xa, 0x50, 0x60,
    0xf, 0xfe, 0x23, 0x9, 0x90, 0x30, 0xb0, 0x7,
    0xff, 0xe, 0xc2, 0x40, 0x16, 0x10, 0x1, 0xff,
    0xc2, 0x72, 0x35, 0x0, 0x12, 0x8c, 0x80, 0x7f,
    0xf0, 0xa, 0x3, 0xc0, 0x35, 0x83, 0x20, 0x7,
    0xf8, 0x7c, 0x18, 0xc0, 0x30, 0xd0, 0x59, 0x0,
    0x7e, 0x1d, 0x23, 0x90, 0xf, 0x2b, 0x6, 0x10,
    0x7, 0x8b, 0xc, 0xb4, 0x3, 0xf4, 0xa8, 0xea,
    0x80, 0x66, 0xd2, 0x3c, 0x10, 0xf, 0xea, 0x60,
    0xaa, 0x10, 0x4c, 0x81, 0xb0, 0x40, 0x3f, 0xe9,
    0x90, 0xaf, 0x4, 0xb5, 0xc8, 0x7, 0xff, 0x9,
    0xbd, 0xf4, 0x0,

    /* U+4EC5 "仅" */
    0x0, 0xff, 0xe9, 0x27, 0xb8, 0x7, 0xff, 0x27,
    0xc0, 0xc0, 0x3f, 0xf9, 0x6, 0x86, 0xf5, 0x5f,
    0xf5, 0xb0, 0x7, 0xde, 0x10, 0xab, 0xff, 0xc0,
    0x4f, 0x0, 0xf2, 0x99, 0x91, 0xa4, 0x2b, 0xff,
    0xe9, 0xf, 0x0, 0xe1, 0xb0, 0x80, 0x2, 0x6,
    0x80, 0x7d, 0xe0, 0x80, 0x1d, 0x42, 0xa, 0x0,
    0x21, 0x50, 0xf, 0x90, 0x48, 0x3, 0x3a, 0x0,
    0x79, 0xc8, 0x80, 0x1c, 0x44, 0x40, 0xc, 0x90,
    0x4, 0x1, 0xda, 0x14, 0x1, 0xd4, 0x1c, 0x1,
    0x25, 0x84, 0x38, 0x7, 0x20, 0xa8, 0x7, 0x30,
    0xa0, 0x4, 0xa0, 0xce, 0x1, 0xf3, 0x12, 0x0,
    0x4c, 0x2c, 0x1, 0x87, 0x24, 0x3, 0xf4, 0x84,
    0x0, 0x50, 0x12, 0x1, 0xc6, 0x1, 0xfc, 0x2a,
    0x68, 0x10, 0x2e, 0x20, 0x1f, 0xfc, 0x48, 0x9,
    0x37, 0x18, 0x0, 0xff, 0xe2, 0x93, 0x96, 0x5,
    0x80, 0x7f, 0xf1, 0xe4, 0x0, 0xaa, 0x0, 0xff,
    0xe3, 0xd0, 0x1, 0x50, 0x3, 0xff, 0x8a, 0x38,
    0x87, 0x41, 0x68, 0x1, 0xff, 0xc3, 0x4f, 0x34,
    0xc5, 0xa0, 0xb7, 0x0, 0xff, 0xe0, 0x15, 0x58,
    0xbd, 0x80, 0x16, 0xc6, 0x35, 0x0, 0x3f, 0xa3,
    0x54, 0xf2, 0x0, 0x32, 0x7a, 0x95, 0xe0, 0x7,
    0xeb, 0x2a, 0xc3, 0x0, 0xf0, 0xd6, 0x24, 0x0,
    0x75, 0x78, 0x9e, 0xa8, 0x7, 0xf8, 0xed, 0x0,

    /* U+4F4D "位" */
    0x0, 0xff, 0xe1, 0x9, 0x0, 0x7f, 0xf0, 0x57,
    0x90, 0x3, 0x17, 0x40, 0x7, 0xff, 0x6, 0x45,
    0x80, 0x31, 0x11, 0x40, 0x3f, 0xf8, 0x8, 0x68,
    0x40, 0x1c, 0xa0, 0xa0, 0x1f, 0xf4, 0x4, 0x0,
    0x7b, 0x10, 0x40, 0x3f, 0xca, 0x68, 0x63, 0x99,
    0xd0, 0xf1, 0x99, 0xac, 0x3, 0xac, 0x20, 0xc,
    0xff, 0xf8, 0x2a, 0x1, 0xa4, 0x40, 0x80, 0xbf,
    0xff, 0xf8, 0x1c, 0x1, 0x2b, 0x0, 0x78, 0x9c,
    0x40, 0x39, 0x64, 0xc0, 0x23, 0xa0, 0x10, 0xe,
    0x48, 0x40, 0xe, 0xc6, 0x70, 0xb, 0x42, 0x14,
    0x3, 0x94, 0x34, 0x3, 0x88, 0x14, 0x2, 0x95,
    0x70, 0xf, 0x18, 0x18, 0x7, 0x28, 0x88, 0x2,
    0x7a, 0x0, 0xfc, 0x4a, 0x1, 0x84, 0x4a, 0x1,
    0xff, 0xc2, 0x71, 0x10, 0x4, 0xa0, 0x60, 0x1f,
    0xfc, 0x22, 0x5, 0x0, 0x8c, 0x34, 0x3, 0xff,
    0x85, 0xa0, 0x60, 0x16, 0x82, 0x0, 0x7f, 0xf0,
    0x98, 0x38, 0x2, 0x71, 0x10, 0x7, 0xff, 0x8,
    0x80, 0x80, 0x2, 0x48, 0x1, 0xff, 0xc3, 0x10,
    0x20, 0x2, 0x86, 0x0, 0x7f, 0xf1, 0x3e, 0x40,
    0x18, 0x8, 0x1, 0xff, 0x16, 0x67, 0xe6, 0xe,
    0xcc, 0xac, 0x3, 0xf1, 0x9f, 0xe1, 0x3, 0x3c,
    0xa0, 0x1f, 0x17, 0xff, 0xff, 0xb, 0x80,

    /* U+4F4E "低" */
    0x0, 0xff, 0xe9, 0x6d, 0x80, 0x7f, 0x24, 0x6e,
    0x88, 0x3, 0xe3, 0x21, 0x0, 0xc4, 0xb1, 0x9f,
    0x6e, 0x4c, 0xe0, 0x1f, 0x48, 0x48, 0x56, 0xfe,
    0xd3, 0x98, 0x25, 0xfd, 0xa8, 0x7, 0x89, 0x4c,
    0xc0, 0xa4, 0xb1, 0x5b, 0x81, 0x88, 0x1, 0xfd,
    0x21, 0x0, 0x12, 0x53, 0xa9, 0x0, 0x3c, 0x3,
    0xf9, 0x10, 0x48, 0x1, 0xf8, 0x40, 0x40, 0x3f,
    0xa4, 0x18, 0x3, 0xf8, 0xc0, 0xc0, 0x3f, 0x49,
    0x0, 0x7f, 0xc2, 0x2, 0x1, 0xf2, 0xb0, 0x80,
    0x7f, 0xf0, 0x5c, 0x3, 0xc7, 0x41, 0x40, 0x1e,
    0x4f, 0xfe, 0x3, 0xff, 0xd8, 0x4, 0x30, 0x80,
    0x1e, 0x13, 0x3e, 0x10, 0x33, 0xca, 0x3, 0xae,
    0x1, 0xf2, 0xe6, 0x72, 0x6, 0xe6, 0x52, 0x0,
    0x30, 0xf, 0xfe, 0x11, 0x1, 0x0, 0x7f, 0xf2,
    0x78, 0x14, 0x3, 0xff, 0x92, 0xa1, 0xc0, 0x1f,
    0xfc, 0x93, 0x4, 0x0, 0xff, 0xe3, 0x90, 0x81,
    0x98, 0x0, 0x26, 0x1, 0xff, 0xc3, 0xfa, 0x4,
    0x4, 0x2, 0xc2, 0x0, 0xff, 0xe1, 0x42, 0x1d,
    0x87, 0x3, 0x1, 0x0, 0x7f, 0x9d, 0x67, 0x9c,
    0xa0, 0xcc, 0xaa, 0xe2, 0x0, 0xfe, 0x80, 0x3a,
    0x77, 0x1d, 0x21, 0x40, 0x52, 0x50, 0x7, 0xf0,
    0x9c, 0x6f, 0x48, 0xb2, 0x82, 0x48, 0x93, 0x0,
    0x77, 0xd8, 0x2, 0x71, 0xc8, 0x2, 0x1a, 0x20,
    0x6e, 0xd1, 0x0,

    /* U+4F53 "体" */
    0x0, 0xe1, 0xb5, 0x0, 0xf6, 0xd0, 0x7, 0xff,
    0x5, 0xd0, 0x80, 0x3c, 0x4c, 0x1, 0xff, 0xc1,
    0xa0, 0x60, 0xf, 0xfe, 0x41, 0x99, 0x44, 0x3,
    0xff, 0x91, 0x1, 0x22, 0x3f, 0x0, 0x4, 0x7e,
    0x0, 0xc8, 0x83, 0x36, 0xf7, 0x78, 0xf, 0xbb,
    0xe0, 0xd, 0x20, 0xc1, 0x6a, 0xb9, 0x0, 0x32,
    0xaf, 0x30, 0x4, 0xe4, 0x1, 0x3d, 0x56, 0xd0,
    0xd, 0xd5, 0x5a, 0x40, 0x7, 0x0, 0x1f, 0xd6,
    0x60, 0x63, 0xc0, 0x1f, 0x68, 0x40, 0x7, 0xc8,
    0x52, 0x0, 0x65, 0x20, 0xf, 0x22, 0xb0, 0x7,
    0xd0, 0x2a, 0x0, 0x90, 0x80, 0xf, 0x5d, 0x0,
    0x7c, 0xc7, 0x0, 0x10, 0xb2, 0x98, 0x7, 0x8,
    0x7, 0xc3, 0x4, 0xc0, 0x1a, 0x3, 0xc0, 0x3f,
    0xf8, 0x36, 0x32, 0x1, 0xc2, 0xe7, 0x0, 0x1f,
    0xf3, 0x2a, 0x90, 0x3, 0xd0, 0x4e, 0x80, 0x1f,
    0xc9, 0x23, 0x60, 0x1f, 0xa4, 0x2c, 0xc0, 0x3e,
    0x4b, 0xd, 0xef, 0xf8, 0xf, 0xfe, 0xe8, 0xd,
    0x20, 0xf, 0x29, 0x51, 0xb3, 0x60, 0x16, 0x6b,
    0x1d, 0x9c, 0x80, 0x3c, 0x3a, 0xa1, 0x33, 0x80,
    0xa6, 0x66, 0x9, 0x90, 0x7, 0xff, 0xcc, 0x5c,
    0x3, 0xf0,

    /* U+4F59 "余" */
    0x0, 0xff, 0xe0, 0x8, 0x7, 0xff, 0x2a, 0x78,
    0xc0, 0x3f, 0xf9, 0x10, 0xc1, 0x60, 0x1f, 0xfc,
    0x78, 0x74, 0x43, 0xc8, 0x7, 0xff, 0x16, 0xdd,
    0x6e, 0xc8, 0xd6, 0x20, 0x1f, 0xfc, 0x13, 0xd4,
    0x6a, 0x0, 0x5b, 0x27, 0xa0, 0x7, 0xfd, 0x18,
    0x53, 0x20, 0xd, 0x32, 0x1b, 0xa1, 0x0, 0xf9,
    0x75, 0xcb, 0x18, 0x3, 0xcd, 0xa6, 0xbd, 0x22,
    0x1, 0x26, 0x51, 0x20, 0xc5, 0xdf, 0xe9, 0x77,
    0xb, 0x75, 0x8, 0xa8, 0xd3, 0x7c, 0xd1, 0x3f,
    0xeb, 0xe8, 0x16, 0x11, 0x6d, 0xd8, 0x93, 0xff,
    0x88, 0x3b, 0xff, 0x18, 0x3f, 0x68, 0x0, 0xd0,
    0x3, 0xff, 0x8e, 0x20, 0x1f, 0xfc, 0xfb, 0xff,
    0xfc, 0x41, 0xdf, 0xff, 0x70, 0x6, 0xc5, 0x5f,
    0xc0, 0x4, 0x55, 0xf9, 0xc0, 0x33, 0xd5, 0x7e,
    0x20, 0xaa, 0xfd, 0x20, 0x1f, 0xa5, 0xc0, 0x3e,
    0x1a, 0x80, 0xf, 0xfa, 0x1b, 0x40, 0x3f, 0x33,
    0xd0, 0x7, 0xf4, 0x39, 0xd0, 0x7, 0xc3, 0x88,
    0xb8, 0x1, 0xf5, 0x39, 0xe0, 0x7, 0xfa, 0xd4,
    0xf0, 0x3, 0x16, 0xa9, 0xe0, 0x7, 0xff, 0x2,
    0x94, 0xf0, 0x2, 0x30, 0x6c, 0x0, 0x25, 0x54,
    0x40, 0x20, 0x1d, 0x46, 0x80, 0x10, 0xec, 0x80,
    0x4a, 0xb8, 0xa4, 0x3, 0xec, 0x80, 0xf, 0xe1,
    0xff, 0xb5, 0x80, 0x3f, 0xe0,

    /* U+503C "值" */
    0x0, 0xff, 0xe8, 0xdd, 0x80, 0x3d, 0x7e, 0x60,
    0x1f, 0xf1, 0x20, 0x80, 0x79, 0x80, 0xc0, 0x3f,
    0xeb, 0xe, 0xaa, 0xf1, 0x5, 0x57, 0x8c, 0x3,
    0xb, 0x12, 0x2a, 0xf8, 0x0, 0xab, 0xe6, 0x0,
    0xd0, 0x10, 0x1f, 0xfd, 0x41, 0x5f, 0xfe, 0x50,
    0x8, 0xd8, 0x94, 0x3, 0xda, 0x8, 0x1, 0xfe,
    0xf0, 0x40, 0xb, 0x3f, 0xe7, 0xe, 0xff, 0xda,
    0x1, 0x9c, 0xc0, 0x38, 0x45, 0x11, 0xf8, 0x40,
    0x32, 0x40, 0x7, 0xc4, 0xef, 0xf8, 0xc0, 0x35,
    0x4, 0x80, 0x78, 0x99, 0xbf, 0x18, 0x6, 0x67,
    0x70, 0x7, 0x86, 0x67, 0xf0, 0x80, 0x68, 0x80,
    0x7, 0xc7, 0xff, 0xf8, 0x80, 0x3f, 0xfb, 0x7,
    0xff, 0xf8, 0x80, 0x3f, 0xf8, 0x25, 0x77, 0xf8,
    0x40, 0x3f, 0xf8, 0x22, 0x89, 0xf8, 0xc0, 0x3f,
    0xf8, 0x24, 0xcd, 0xf8, 0xc0, 0x3f, 0xf8, 0x23,
    0x11, 0xf8, 0x40, 0x3f, 0xf8, 0x27, 0xdd, 0xf8,
    0x80, 0x3f, 0x85, 0xdc, 0x64, 0xef, 0xf8, 0xcc,
    0xec, 0x1, 0xe3, 0x88, 0x8, 0xa2, 0x3f, 0x8,
    0xa2, 0x40, 0x3c, 0x5b, 0xbf, 0xfc, 0x40,

    /* U+505C "停" */
    0x0, 0xff, 0xe1, 0x8, 0x80, 0x3f, 0xf8, 0x3b,
    0x60, 0x1c, 0x7d, 0x60, 0x1f, 0xfc, 0x3, 0x22,
    0x0, 0x71, 0x99, 0x4c, 0x3, 0xfe, 0x90, 0xcf,
    0xff, 0x18, 0x67, 0xff, 0x80, 0x31, 0x29, 0xa3,
    0xbf, 0xff, 0xc, 0x3, 0x40, 0x40, 0xc4, 0xd5,
    0x7f, 0xd1, 0x0, 0x8, 0xd4, 0xd0, 0x0, 0xfb,
    0xbf, 0xec, 0x0, 0xee, 0x5, 0x0, 0xea, 0xdd,
    0xf8, 0x80, 0x3a, 0x8, 0x3, 0xe1, 0x22, 0xf8,
    0x3, 0x91, 0xc0, 0x3f, 0x5f, 0xff, 0xc4, 0x1,
    0xa8, 0x28, 0x3, 0x92, 0xab, 0xfd, 0x60, 0x13,
    0x3a, 0x0, 0x71, 0x2a, 0xff, 0xc0, 0x14, 0x40,
    0x3, 0x47, 0xff, 0xff, 0xc, 0x3, 0xfa, 0x23,
    0xff, 0x80, 0x40, 0x1f, 0xe6, 0x77, 0xff, 0x98,
    0x3, 0xf7, 0x12, 0xd5, 0x7f, 0x98, 0x8c, 0x3,
    0xe6, 0xd1, 0x77, 0xca, 0xa7, 0x7d, 0xd3, 0x80,
    0x1f, 0xcb, 0xbb, 0x90, 0x33, 0x76, 0x80, 0xf,
    0xff, 0xf8, 0x7, 0x86, 0x22, 0x50, 0x10, 0xf,
    0xfe, 0x20, 0xb3, 0xb8, 0x1c, 0x3, 0xfc, 0x3d,
    0x20, 0x1d, 0xdf, 0xee, 0x80, 0xf, 0x80,

    /* U+5143 "元" */
    0x0, 0x84, 0x7f, 0xf8, 0x80, 0x1c, 0x9d, 0xdf,
    0xfc, 0x4c, 0x0, 0xcc, 0xab, 0xff, 0xc4, 0x40,
    0xc, 0x55, 0x5f, 0xfc, 0x48, 0x0, 0xff, 0xfc,
    0x3e, 0x67, 0xff, 0x21, 0xf8, 0xcf, 0xff, 0x91,
    0xd3, 0xff, 0xce, 0x13, 0xff, 0x84, 0x3f, 0xfd,
    0x20, 0x1e, 0x10, 0x30, 0xf, 0xfe, 0x3a, 0x83,
    0x80, 0x7f, 0xf1, 0xc8, 0x8, 0x3, 0xff, 0x8c,
    0x42, 0x40, 0x1f, 0xfc, 0x75, 0x5, 0x0, 0xff,
    0xe0, 0x8, 0x7, 0xa8, 0x2c, 0x3, 0xff, 0x81,
    0x16, 0x1, 0x9c, 0x8c, 0xc0, 0x1f, 0xfc, 0x3,
    0x50, 0x8, 0xe0, 0x3c, 0x3, 0xff, 0x82, 0x26,
    0x0, 0x5c, 0x9, 0x30, 0xf, 0xfe, 0xa, 0xb1,
    0x55, 0x2, 0x18, 0x3, 0xe2, 0xc, 0xbb, 0xb0,
    0x71, 0x94, 0xf1, 0xc0, 0x3f, 0x79, 0x1a, 0x24,
    0x68, 0xe9, 0xb8, 0x60, 0x1f, 0xc7, 0xbf, 0xfd,
    0x60,

    /* U+5168 "全" */
    0x0, 0xff, 0x8d, 0x40, 0x3f, 0xf9, 0x23, 0xb4,
    0x60, 0x1f, 0xfc, 0x8a, 0x10, 0x80, 0xf, 0xfe,
    0x3d, 0x23, 0x31, 0x28, 0x3, 0xff, 0x8b, 0x4a,
    0x93, 0x25, 0x55, 0x80, 0x7f, 0xf0, 0xed, 0x52,
    0xc0, 0x14, 0xc9, 0x82, 0x1, 0xff, 0x16, 0xa2,
    0xd8, 0x6, 0x97, 0x3f, 0x50, 0xf, 0xe7, 0xd2,
    0x7a, 0x0, 0xf4, 0x50, 0xd5, 0x4, 0x3, 0x8f,
    0x60, 0x6e, 0x0, 0x3f, 0x2e, 0x92, 0xfa, 0x80,
    0x6, 0xf0, 0x88, 0xf9, 0x11, 0xfe, 0xa5, 0x41,
    0xac, 0x21, 0x22, 0x5c, 0xb3, 0xbf, 0xff, 0x7,
    0x70, 0xdc, 0x82, 0x75, 0x11, 0xdd, 0xe0, 0x7,
    0x77, 0x98, 0xf2, 0xc0, 0x3c, 0x23, 0xe0, 0x0,
    0x8f, 0x80, 0x3f, 0xfd, 0xa3, 0xff, 0xe0, 0x7,
    0xff, 0x98, 0x3, 0xf9, 0x57, 0xc0, 0x5, 0x5f,
    0x10, 0x7, 0xe1, 0xaa, 0xf0, 0x2, 0xab, 0xc8,
    0x1, 0xff, 0xea, 0x33, 0xfe, 0x0, 0x19, 0xff,
    0x0, 0x45, 0x99, 0xfc, 0x0, 0xcc, 0xfe, 0x40,
    0x1, 0xc4, 0x7f, 0xf2, 0x18, 0x0,

    /* U+5173 "关" */
    0x0, 0xc3, 0x4, 0x1, 0xf8, 0xad, 0x40, 0x3f,
    0x95, 0xf8, 0x3, 0xf5, 0xa6, 0x0, 0x7f, 0x23,
    0x1b, 0x80, 0x78, 0x58, 0x20, 0x3, 0xfd, 0x1,
    0x2, 0x1, 0xd0, 0x12, 0x20, 0x1f, 0xe1, 0x73,
    0x30, 0x6, 0x36, 0x36, 0x0, 0xfd, 0x9b, 0xb3,
    0xf, 0xee, 0xec, 0x2, 0xdd, 0xc2, 0x1, 0x84,
    0x8a, 0x12, 0x2f, 0x0, 0x4, 0x8b, 0x18, 0x6,
    0xdf, 0xff, 0x80, 0x1d, 0xff, 0xf1, 0x0, 0x7f,
    0xfe, 0xcb, 0xff, 0xf8, 0x1, 0xdf, 0xff, 0xa8,
    0x0, 0x67, 0xf8, 0x80, 0x23, 0x3f, 0xc4, 0x5,
    0x99, 0xf9, 0x40, 0x3, 0xb9, 0x9f, 0x40, 0x7,
    0xf0, 0xb8, 0x28, 0xd8, 0x7, 0xff, 0x16, 0x81,
    0x28, 0xd5, 0xc0, 0x3f, 0xf8, 0x72, 0x81, 0x21,
    0xc3, 0xe, 0x1, 0xff, 0xc0, 0x1b, 0x60, 0xb2,
    0x2, 0xd0, 0x8a, 0x0, 0xff, 0x3f, 0x20, 0xe2,
    0x0, 0x47, 0x82, 0xbc, 0xc0, 0x1c, 0x31, 0xd0,
    0xb, 0xe6, 0x1, 0xc7, 0xe6, 0x33, 0xd0, 0x60,
    0x9c, 0xe2, 0x99, 0x42, 0x1, 0xf0, 0xe5, 0x10,
    0xbf, 0x82, 0x33, 0xed, 0x98, 0x7, 0xfc, 0xbb,
    0x6b, 0xa0,

    /* U+5230 "到" */
    0x0, 0xff, 0xe3, 0xcd, 0x14, 0x47, 0xff, 0x0,
    0x3, 0xc8, 0x86, 0x77, 0xff, 0xe0, 0x4, 0xf8,
    0x80, 0x64, 0xff, 0x90, 0x2b, 0xfd, 0xdf, 0xf0,
    0x7, 0xfc, 0x68, 0x85, 0x8, 0xf1, 0x0, 0xff,
    0xe0, 0xf8, 0x48, 0x2, 0xc6, 0x80, 0x3f, 0xf8,
    0xc, 0x70, 0x40, 0x3, 0x84, 0x70, 0xf, 0xf2,
    0x48, 0x75, 0x5e, 0xf4, 0x4, 0x18, 0x7, 0xf1,
    0x80, 0x19, 0x19, 0x8e, 0xe8, 0xf, 0x0, 0xfe,
    0x6b, 0xdf, 0xee, 0x4c, 0xa1, 0xe2, 0x40, 0x3f,
    0x85, 0x8, 0x1, 0x9c, 0x1, 0x3a, 0x80, 0x7f,
    0xf4, 0x9a, 0x67, 0x1, 0x4c, 0xe5, 0x0, 0xfe,
    0xc6, 0x6c, 0x2, 0xcd, 0xb0, 0x3, 0xfa, 0xbf,
    0xf0, 0x1f, 0xfe, 0x90, 0xf, 0xfe, 0xfe, 0xb8,
    0x80, 0x7f, 0xf0, 0xd, 0xeb, 0x74, 0x9, 0x0,
    0x1f, 0x8d, 0xa4, 0xf, 0x21, 0x5a, 0x80, 0x3f,
    0x2e, 0xfe, 0x4b, 0x2, 0x46, 0x7d, 0xb8, 0x7,
    0xe1, 0x21, 0x58, 0xcf, 0xb7, 0x30, 0xe, 0x4c,
    0xc8, 0x8d, 0x37, 0xa9, 0xcc, 0x3, 0xf9, 0xc,
    0xc4, 0x9c,

    /* U+5236 "制" */
    0x0, 0xf8, 0x40, 0x3f, 0xf8, 0xcc, 0xa0, 0x3d,
    0x40, 0x1f, 0xf5, 0x70, 0x80, 0x51, 0x0, 0xf,
    0xfe, 0x18, 0x88, 0x2, 0x21, 0x50, 0xf, 0xfb,
    0xac, 0x3, 0xea, 0x4, 0xba, 0x4, 0xbb, 0xcc,
    0x1, 0x38, 0x7, 0xca, 0x6, 0x88, 0x1, 0x44,
    0xdc, 0x1, 0xfe, 0x52, 0x8f, 0xf7, 0x2, 0xff,
    0xe8, 0x0, 0xff, 0x48, 0xb0, 0x7, 0xff, 0x21,
    0x16, 0x62, 0x20, 0x78, 0x8e, 0x40, 0xf, 0xe7,
    0x47, 0x79, 0x80, 0x9d, 0xf8, 0xc0, 0x3f, 0xbb,
    0x77, 0x60, 0x26, 0xef, 0x30, 0x7, 0xf0, 0x91,
    0x70, 0x9, 0x17, 0x8, 0x7, 0xf9, 0x9b, 0x81,
    0x9b, 0x3a, 0x0, 0x7f, 0xd1, 0x33, 0x40, 0x1c,
    0xcd, 0x1c, 0x1, 0xff, 0xc0, 0x3c, 0xc5, 0x82,
    0x66, 0x40, 0x1f, 0xfc, 0x27, 0x33, 0x28, 0x9,
    0x9c, 0x1, 0xff, 0xcf, 0xb8, 0x0, 0xff, 0xe4,
    0xaa, 0x0, 0x7f, 0xf6, 0x4a, 0x20, 0x1, 0xff,
    0xc2, 0x10, 0xe, 0x27, 0x71, 0x70, 0x7, 0xfd,
    0xd4, 0x1, 0xef, 0xf6, 0xa0, 0x0, 0xb7, 0x64,
    0x1, 0x0, 0xff, 0xe2, 0x11, 0x91, 0x54, 0x1,
    0xf0, 0xf5, 0x80, 0x7e, 0xef, 0xf6, 0xa8, 0x0,

    /* U+524D "前" */
    0x0, 0xe4, 0x0, 0xff, 0x28, 0x80, 0x7e, 0xbb,
    0x30, 0x7, 0xe3, 0xac, 0x0, 0xfd, 0x43, 0x26,
    0x1, 0xf7, 0x84, 0x80, 0x7e, 0x1a, 0xf, 0x0,
    0xf3, 0x1a, 0xa0, 0x6, 0x89, 0x9d, 0xa0, 0x9,
    0x9f, 0x80, 0x13, 0x39, 0x59, 0xbc, 0x6, 0xcd,
    0xe0, 0x2, 0xb3, 0x6d, 0xee, 0xff, 0xe4, 0xc0,
    0x8, 0xff, 0xf2, 0x0, 0x2, 0xab, 0xf3, 0x18,
    0x0, 0x48, 0x2, 0xad, 0x0, 0x8a, 0xab, 0xe9,
    0xa0, 0x4, 0x68, 0x80, 0x18, 0x80, 0x39, 0xb3,
    0x35, 0x0, 0x7f, 0xf1, 0x38, 0xcf, 0x30, 0x7,
    0xff, 0x13, 0x19, 0xb5, 0x80, 0x7f, 0xf1, 0x12,
    0x67, 0x38, 0x7, 0xff, 0x12, 0x3f, 0xf6, 0x0,
    0x7f, 0xf6, 0xae, 0x67, 0x80, 0x3f, 0xf8, 0x84,
    0x89, 0x9c, 0x3, 0xff, 0x89, 0x3b, 0xbb, 0x80,
    0x37, 0xa0, 0x7, 0xff, 0x21, 0xac, 0x40, 0x3f,
    0xfa, 0xa3, 0x10, 0x90, 0x10, 0x8, 0xaa, 0xa3,
    0x10, 0xf, 0x85, 0x1d, 0x4e, 0x80, 0x22, 0x45,
    0x50, 0xc0, 0x4, 0x7e, 0xe0, 0xc, 0xff, 0x61,
    0x0, 0x6e, 0xff, 0x73, 0x0, 0x0,

    /* U+5269 "剩" */
    0x0, 0xfc, 0x48, 0xf7, 0x80, 0x1e, 0x8c, 0x0,
    0x2c, 0x4d, 0xe7, 0x7e, 0xdc, 0x2b, 0x18, 0x7,
    0x11, 0x88, 0x1, 0x54, 0xc, 0xe0, 0x79, 0xfd,
    0x46, 0x2, 0x82, 0x1, 0xcb, 0xb9, 0x75, 0x0,
    0xc6, 0x1, 0xc5, 0x68, 0x1, 0x89, 0xdf, 0xa4,
    0x19, 0xdf, 0x94, 0x3, 0xe6, 0x88, 0xe7, 0x3,
    0x88, 0xe9, 0x0, 0xf9, 0x3b, 0xaa, 0xdd, 0x2,
    0xf5, 0x6f, 0x73, 0x0, 0x3f, 0x8, 0x8e, 0x98,
    0xc0, 0x3, 0x4e, 0x22, 0x0, 0xfe, 0x88, 0x58,
    0x7, 0xe6, 0xc1, 0x0, 0xfc, 0x89, 0x0, 0x7d,
    0x72, 0x82, 0x1, 0xfb, 0x31, 0xe0, 0x1f, 0x3f,
    0x40, 0x7, 0xf8, 0x50, 0x3, 0xec, 0x14, 0x30,
    0xf, 0x8f, 0x7a, 0x40, 0x3f, 0xb2, 0x40, 0x3e,
    0x25, 0xbd, 0x0, 0x28, 0x4, 0x55, 0xef, 0x80,
    0x1f, 0xc, 0x21, 0x4b, 0x48, 0x2b, 0xe6, 0x66,
    0x0, 0xff, 0x9a, 0x8, 0x6, 0x28, 0x8c, 0xc0,
    0x1f, 0xfc, 0x8, 0x58, 0x4, 0xa4, 0xf4, 0x0,
    0x1f, 0xa8, 0x7, 0xd0, 0xec, 0xc0, 0x2, 0xe0,
    0x5c, 0x0, 0x7f, 0xa5, 0xd6, 0x40, 0x31, 0xf9,
    0x38, 0x80, 0x7c, 0x58, 0xcb, 0x40, 0x1e, 0x1d,
    0xb1, 0x0, 0xfc, 0x6f, 0x40, 0x1f, 0xc8, 0x0,
    0x9a, 0xa2, 0x0, 0x97, 0x40, 0x7, 0x18, 0x7,
    0xe5, 0x50, 0x40, 0x0, 0x40, 0x30, 0xfc, 0x80,
    0x7d, 0x3f, 0xee, 0x70,

    /* U+529F "功" */
    0x0, 0xff, 0xe0, 0xb6, 0x18, 0x7, 0xff, 0x1f,
    0x8d, 0xc0, 0x3c, 0x6a, 0xbf, 0x84, 0x2, 0x10,
    0x70, 0xf, 0x4d, 0x57, 0xe2, 0x0, 0xff, 0xe0,
    0x74, 0xca, 0x0, 0xa6, 0x62, 0x0, 0xff, 0xe0,
    0x23, 0x34, 0xc, 0xd9, 0xea, 0xa7, 0x8, 0xaa,
    0xd9, 0x20, 0x1f, 0xd8, 0xab, 0x8, 0x22, 0xae,
    0x34, 0x0, 0xfe, 0xaf, 0xf9, 0x3, 0xbf, 0xf0,
    0x8, 0x7, 0xff, 0x5, 0xc0, 0x40, 0x3f, 0xf8,
    0xe4, 0x20, 0x18, 0x41, 0xc0, 0x3f, 0xf8, 0x22,
    0x40, 0x18, 0xc0, 0x40, 0x3f, 0xf8, 0x6, 0xa,
    0x1, 0xe3, 0x0, 0xff, 0xe0, 0x28, 0x78, 0x6,
    0x10, 0xf, 0xe2, 0x66, 0x0, 0x30, 0x10, 0x3,
    0x38, 0x8, 0x4, 0x60, 0xbb, 0xa9, 0xd0, 0x2,
    0x89, 0x0, 0x61, 0xe, 0x48, 0xcd, 0x1, 0x24,
    0x9a, 0x7, 0x6, 0x0, 0xe2, 0x3, 0x87, 0x32,
    0x6b, 0xfb, 0x61, 0x14, 0x85, 0x0, 0x77, 0x80,
    0xd4, 0xee, 0xa5, 0x0, 0x35, 0x8b, 0x10, 0x7,
    0x10, 0x33, 0x44, 0x1, 0xe7, 0x51, 0x80, 0xf,
    0x38, 0x10, 0x7, 0xe8, 0x80, 0x68, 0x80, 0x71,
    0x91, 0x80, 0x7c, 0x58, 0xe1, 0x66, 0x0, 0x8b,
    0xbb, 0x42, 0xc0, 0x3e, 0x27, 0x2d, 0x40, 0xb,
    0x91, 0x20, 0x67, 0x0, 0xfd, 0x7a, 0x40, 0x19,
    0xbf, 0xee, 0x90, 0x0,

    /* U+5355 "单" */
    0x0, 0xc5, 0x4a, 0x1, 0xf8, 0xed, 0x80, 0x3f,
    0x1a, 0x51, 0x80, 0x7d, 0x8, 0x20, 0x1f, 0x87,
    0x43, 0x40, 0x3c, 0xa8, 0x6e, 0x1, 0xfc, 0x6c,
    0x2c, 0x1, 0x86, 0xc3, 0x80, 0x3e, 0x9d, 0xd9,
    0xc2, 0xf7, 0x77, 0x88, 0x7e, 0xea, 0x0, 0x31,
    0x93, 0x31, 0x51, 0x98, 0x46, 0xca, 0x88, 0x61,
    0x22, 0x0, 0x7a, 0xae, 0xf5, 0x1, 0x5d, 0xf7,
    0x0, 0x7f, 0xf4, 0xbb, 0xff, 0x70, 0x1f, 0xff,
    0x68, 0x7, 0xe7, 0x88, 0xce, 0x3, 0x11, 0xcc,
    0x1, 0xfa, 0x5d, 0xf4, 0x81, 0x3b, 0xf5, 0x80,
    0x7f, 0xf4, 0xbb, 0xff, 0x70, 0x1f, 0xff, 0x68,
    0x7, 0xb1, 0x9b, 0xe0, 0x16, 0x6f, 0xb0, 0x3,
    0x34, 0xcf, 0xa0, 0xa, 0x67, 0xe6, 0x0, 0xff,
    0x8c, 0x3, 0xff, 0x81, 0x9f, 0xff, 0xb4, 0xf,
    0xff, 0xfa, 0xd1, 0x57, 0xf8, 0x5, 0x57, 0xfb,
    0x62, 0xab, 0xf5, 0x81, 0x55, 0x7f, 0x30, 0x7,
    0xff, 0xd8,

    /* U+53C2 "参" */
    0x0, 0xfe, 0x50, 0xf, 0xfe, 0x4c, 0xd5, 0x80,
    0x5, 0xc4, 0x3, 0xff, 0x82, 0x38, 0xc9, 0x60,
    0x9, 0x8f, 0x40, 0xf, 0xf9, 0x7c, 0xe2, 0xc0,
    0x28, 0xb0, 0xb9, 0x0, 0xfc, 0x77, 0x42, 0xe2,
    0xee, 0x89, 0x97, 0x10, 0x36, 0x8, 0x7, 0xb5,
    0x0, 0xf, 0x31, 0x7, 0x67, 0x70, 0x99, 0x1e,
    0x8, 0x7, 0x44, 0xdd, 0xb2, 0x1, 0x7f, 0xdd,
    0xba, 0xcd, 0x63, 0x20, 0xe, 0x66, 0x22, 0xe,
    0x82, 0x40, 0x3e, 0x9f, 0x30, 0x2, 0xcc, 0xfa,
    0x88, 0x2a, 0x67, 0xf4, 0x4c, 0x6, 0x33, 0x79,
    0x40, 0xc, 0xdf, 0xfc, 0x0, 0x9f, 0xfd, 0xc4,
    0x11, 0xff, 0xb4, 0x43, 0x3f, 0xf7, 0x0, 0x70,
    0xe1, 0x33, 0x80, 0x12, 0x43, 0x43, 0x10, 0x3,
    0xf1, 0xf9, 0x2c, 0x82, 0xe5, 0xa0, 0x9e, 0xd,
    0xb8, 0x7, 0xa3, 0x5, 0xbe, 0x7e, 0x86, 0xb4,
    0xc0, 0xf0, 0xa3, 0xc, 0x0, 0xdc, 0xe3, 0x5b,
    0x4e, 0xd9, 0xaa, 0xd, 0xaa, 0x5a, 0xc7, 0x98,
    0x15, 0x6, 0xf5, 0x4d, 0xe9, 0x31, 0x7d, 0x96,
    0x40, 0x4, 0xe1, 0xd8, 0x9f, 0x48, 0x80, 0x8,
    0x5a, 0xfa, 0x1a, 0xec, 0x20, 0x80, 0x78, 0xe0,
    0x1e, 0x9d, 0xe9, 0x57, 0xdb, 0x40, 0x1a, 0xba,
    0x0, 0xfe, 0xc6, 0x8d, 0xe8, 0x20, 0x17, 0xf5,
    0x55, 0x0, 0x7f, 0x2d, 0xb9, 0x0, 0x16, 0xba,
    0xe, 0xe8, 0x3, 0xfe, 0x25, 0x8c, 0xfa, 0x54,
    0xbd, 0x40, 0xf, 0xe5, 0xef, 0xda, 0x72, 0x5a,
    0xeb, 0x40, 0xf, 0xf9, 0x56, 0x8b, 0xee, 0x52,
    0x88, 0x7, 0xf8,

    /* U+53EF "可" */
    0x37, 0x7f, 0xfe, 0x4a, 0x44, 0x7f, 0xf2, 0x56,
    0xab, 0xff, 0x88, 0x21, 0x54, 0xb2, 0x55, 0xff,
    0xe2, 0x18, 0x2a, 0x90, 0x3, 0xff, 0x9c, 0x20,
    0x1f, 0xfc, 0x8f, 0xef, 0xff, 0xb4, 0x3, 0xff,
    0x82, 0x2a, 0xbe, 0x0, 0xff, 0xe1, 0x95, 0x57,
    0x84, 0x3, 0xff, 0xfe, 0x1, 0xff, 0xcf, 0x3f,
    0xff, 0x8, 0x7, 0xff, 0xc, 0xcf, 0xe7, 0x0,
    0xff, 0xe0, 0x9e, 0x67, 0xd4, 0x1, 0xff, 0xc0,
    0x54, 0x0, 0xff, 0xe4, 0x54, 0x0, 0x7f, 0xf5,
    0x8c, 0x3, 0xff, 0x89, 0x7b, 0xb7, 0x8, 0x80,
    0x3f, 0xf8, 0x78, 0x45, 0x9, 0xd0, 0x7, 0xff,
    0xd, 0xff, 0xf6, 0x20, 0x4,

    /* U+53F0 "台" */
    0x0, 0xff, 0xe8, 0x4f, 0x28, 0x7, 0xff, 0x15,
    0x18, 0x10, 0x3, 0xff, 0x88, 0x34, 0x14, 0x20,
    0x11, 0x0, 0x7f, 0xf0, 0x34, 0x61, 0x0, 0x24,
    0xdc, 0x10, 0xf, 0xea, 0x36, 0x70, 0xc, 0x8c,
    0x78, 0x20, 0x1f, 0x4a, 0xaa, 0x40, 0x3d, 0x2c,
    0x58, 0x20, 0x1d, 0xc, 0xb4, 0x1, 0xfa, 0x58,
    0xb4, 0x3, 0x4b, 0x8e, 0x3b, 0xa2, 0x65, 0x57,
    0x98, 0xd7, 0x3, 0xa0, 0x3, 0xb0, 0xc, 0xc4,
    0x1d, 0x98, 0xa8, 0x42, 0x22, 0x41, 0x57, 0x5,
    0x47, 0x89, 0xbc, 0xc6, 0xf7, 0xfb, 0xb7, 0x31,
    0x78, 0x10, 0x25, 0x70, 0xec, 0x86, 0x62, 0x10,
    0xf, 0x8a, 0x6c, 0x40, 0x3f, 0xf8, 0xcc, 0x80,
    0x16, 0xff, 0xff, 0xf0, 0xb0, 0x3, 0xe5, 0x5f,
    0xf9, 0x0, 0x3f, 0xaa, 0xbf, 0xe9, 0x0, 0xff,
    0xff, 0x80, 0x7f, 0xf1, 0xbf, 0xff, 0xed, 0x0,
    0xfe, 0x44, 0xff, 0xe0, 0x0, 0x7f, 0x5d, 0xff,
    0xd2, 0x1, 0xf6, 0xf8, 0x7, 0xfc, 0x5f, 0x80,
    0x10,

    /* U+53F7 "号" */
    0x0, 0xff, 0xe6, 0xe7, 0xff, 0xff, 0x9, 0x40,
    0x3f, 0x33, 0x7f, 0xc6, 0x1, 0xfe, 0x99, 0xff,
    0x94, 0x3, 0xff, 0xa9, 0x11, 0xff, 0x28, 0x7,
    0xf9, 0xdf, 0xfe, 0x30, 0xf, 0xd9, 0xdd, 0xff,
    0xc2, 0x50, 0xf, 0x84, 0x7f, 0xf8, 0x40, 0x19,
    0xa6, 0x7f, 0xf9, 0x3, 0xac, 0xdf, 0xfc, 0x83,
    0xbf, 0xfc, 0x21, 0xbf, 0xff, 0xfc, 0x12, 0x0,
    0xc6, 0x24, 0x40, 0xf, 0xfe, 0x35, 0x2, 0x80,
    0x7f, 0x8, 0x7, 0xf3, 0x83, 0xff, 0xff, 0x77,
    0xa0, 0x7, 0x89, 0xd5, 0x9b, 0xfc, 0x20, 0xc0,
    0x1e, 0x29, 0xa9, 0x9f, 0xf0, 0x0, 0x80, 0x3f,
    0xf8, 0xc4, 0x26, 0x1, 0xff, 0xc7, 0x40, 0x50,
    0xf, 0xfe, 0x3d, 0x6, 0x80, 0x7f, 0xf0, 0x52,
    0xea, 0x65, 0x66, 0x48, 0x1, 0xff, 0xc1, 0x44,
    0x2b, 0x31, 0xf, 0xc0, 0x3f, 0xf8, 0x7f, 0xfd,
    0x84, 0x1, 0xc0,

    /* U+5668 "器" */
    0x0, 0xff, 0xe7, 0xe7, 0xff, 0xa8, 0x1, 0x3f,
    0xff, 0x10, 0x7, 0x85, 0xdf, 0x0, 0x79, 0xdf,
    0x10, 0x7, 0xe3, 0x88, 0xa4, 0x3, 0xd3, 0x11,
    0x20, 0x7, 0xff, 0x8c, 0xc0, 0x3f, 0x17, 0xfd,
    0xc0, 0x1e, 0xef, 0xf9, 0x40, 0x3e, 0xa7, 0x7f,
    0xc, 0x16, 0xba, 0x21, 0xdf, 0x18, 0x7, 0x34,
    0x47, 0x4a, 0x31, 0x24, 0xa, 0x23, 0x22, 0x2,
    0x1, 0xfe, 0x1a, 0xb, 0x0, 0xab, 0x2, 0xc8,
    0x3, 0xa7, 0xff, 0xdc, 0x81, 0x5f, 0xfb, 0xc,
    0x37, 0xfd, 0xc0, 0xc, 0x66, 0xe0, 0x1, 0xb3,
    0x62, 0x2, 0x66, 0xf0, 0x1, 0x66, 0x6b, 0x50,
    0x5c, 0x99, 0xd8, 0x64, 0x13, 0x3a, 0x0, 0x39,
    0xf4, 0xe2, 0x80, 0x38, 0x71, 0x99, 0xce, 0x20,
    0x18, 0x5f, 0xa0, 0xf, 0xe2, 0xa, 0x0, 0x48,
    0x80, 0x98, 0xc7, 0x52, 0x80, 0x36, 0x4, 0x0,
    0x6e, 0xf7, 0x80, 0x31, 0xde, 0x30, 0x9, 0x6c,
    0x43, 0xac, 0xc7, 0xfe, 0xd0, 0xf, 0x6f, 0xfc,
    0xa1, 0x78, 0x20, 0x48, 0x1, 0xc6, 0x1, 0xfe,
    0x30, 0x62, 0x0, 0xff, 0xe8, 0x8c, 0x46, 0x0,
    0xf5, 0xc4, 0x48, 0x1, 0xfc, 0xef, 0x30, 0x7,
    0x99, 0xde, 0x20, 0xf, 0xc3, 0xff, 0x68, 0x7,
    0xb7, 0xfe, 0x50, 0xf, 0xb7, 0x0, 0x22, 0xfa,
    0x0, 0x4e, 0x90, 0x5, 0x5e, 0x40, 0x0,

    /* U+56DE "回" */
    0x0, 0xff, 0xe5, 0x7f, 0xff, 0xf2, 0x0, 0x23,
    0x3f, 0xfe, 0x20, 0x6, 0x2c, 0xcf, 0xfe, 0x20,
    0x80, 0x7f, 0xf9, 0x5e, 0xab, 0xf3, 0x80, 0x7f,
    0xd8, 0xab, 0xfb, 0x0, 0x3f, 0xf8, 0x3f, 0xfd,
    0xc0, 0x1f, 0xff, 0xf0, 0xf, 0xfe, 0x64, 0xcf,
    0x40, 0x7, 0xff, 0xd, 0x9b, 0xc0, 0x1f, 0xfc,
    0x1b, 0xff, 0xfd, 0x60, 0x1f, 0xff, 0xa2, 0xff,
    0xff, 0xe2, 0x8, 0x6, 0x55, 0xff, 0xe2, 0x0,
    0x62, 0xaa, 0xff, 0xe2, 0x8, 0x0,

    /* U+5728 "在" */
    0x0, 0xfc, 0x62, 0x1, 0xff, 0xc8, 0xee, 0x8,
    0x7, 0xff, 0x18, 0x88, 0x62, 0x1, 0xff, 0xc6,
    0x50, 0xb0, 0xf, 0xfe, 0x1, 0x55, 0x7a, 0x43,
    0x2a, 0xbf, 0xe7, 0x65, 0x5f, 0x8, 0x22, 0xaf,
    0xfd, 0x69, 0xdd, 0xc6, 0x17, 0xdd, 0xff, 0xc0,
    0xc0, 0x11, 0xca, 0x66, 0x41, 0x1c, 0x48, 0x23,
    0xe0, 0xf, 0x48, 0x78, 0x7, 0x4d, 0x10, 0x7,
    0xf9, 0xc9, 0x4c, 0x3, 0xff, 0x8a, 0x70, 0x16,
    0x1, 0xff, 0xc5, 0x1d, 0x7, 0x10, 0xf, 0xfe,
    0x20, 0xe8, 0x87, 0x80, 0x2e, 0xf9, 0x3, 0xae,
    0xf3, 0x1, 0x61, 0x88, 0x6, 0x44, 0xe1, 0x3,
    0x44, 0xde, 0x10, 0x49, 0x40, 0x1b, 0xff, 0x94,
    0x37, 0xff, 0x48, 0x43, 0x58, 0x7, 0xff, 0x1c,
    0xa4, 0x3, 0xff, 0xfe, 0x1, 0xff, 0xc6, 0x22,
    0xf0, 0x83, 0x11, 0x70, 0x80, 0x7d, 0xbb, 0xe4,
    0xb, 0xdd, 0xea, 0x0, 0xff, 0xe5, 0x0,

    /* U+5904 "处" */
    0x0, 0xff, 0xe8, 0xdd, 0x84, 0x3, 0xc3, 0xfa,
    0x1, 0xff, 0xc0, 0x44, 0x8, 0x7, 0xff, 0x20,
    0x80, 0xc0, 0x3f, 0xf9, 0x2e, 0xe, 0x89, 0x8c,
    0x3, 0xff, 0x89, 0x80, 0x97, 0x7b, 0x10, 0x3,
    0xff, 0x86, 0xe1, 0x33, 0x84, 0x14, 0x3, 0xff,
    0x84, 0x62, 0x8c, 0xd8, 0x40, 0x40, 0x22, 0xe2,
    0x0, 0xfd, 0x60, 0x60, 0x11, 0x1, 0x80, 0x70,
    0xf8, 0x80, 0x7c, 0xc0, 0x60, 0x13, 0x82, 0x0,
    0x62, 0x92, 0xd0, 0xf, 0x30, 0x82, 0x0, 0x58,
    0x18, 0x1, 0xcc, 0xc3, 0xa0, 0xe, 0x80, 0x80,
    0x50, 0x3, 0x82, 0x0, 0x7a, 0x4d, 0x5c, 0x2,
    0x81, 0x77, 0x7, 0x2, 0xa, 0x0, 0x7e, 0xd1,
    0x83, 0x0, 0x44, 0x40, 0xc8, 0x5e, 0x1c, 0x1,
    0xf8, 0x6c, 0x5c, 0x2, 0x70, 0x5, 0x87, 0x20,
    0xa8, 0x7, 0xf2, 0xf2, 0x0, 0x78, 0x94, 0xc2,
    0x0, 0x3f, 0xf9, 0x18, 0x0, 0x50, 0xf, 0xfe,
    0x39, 0x48, 0x3, 0x10, 0x3, 0xff, 0x8a, 0x58,
    0xf, 0x21, 0x70, 0x20, 0x2c, 0xa0, 0x1f, 0xe3,
    0xc1, 0x58, 0x6a, 0x17, 0xe9, 0x48, 0x80, 0x7,
    0xf4, 0x60, 0xb5, 0x0, 0x17, 0xd8, 0x1a, 0xfb,
    0xf7, 0x33, 0x84, 0x31, 0xc2, 0x64, 0x1, 0x86,
    0x7a, 0x94, 0xc4, 0x8c, 0xf3, 0x88, 0x6b, 0x6b,
    0x0, 0x7c, 0x2b, 0x59, 0xdf, 0xfd, 0x60,

    /* U+590D "复" */
    0x0, 0xf1, 0x0, 0x7f, 0xf2, 0x87, 0x34, 0x3,
    0xff, 0x93, 0x63, 0x0, 0x1f, 0xfc, 0x86, 0x50,
    0xaf, 0xff, 0xfe, 0xe, 0x0, 0x72, 0xc8, 0xb3,
    0x7f, 0xf0, 0xec, 0x3, 0x35, 0xe, 0x4c, 0xff,
    0xf0, 0xdc, 0x2, 0x79, 0x1d, 0xff, 0xff, 0xe1,
    0x88, 0x6, 0x53, 0xc3, 0x30, 0x55, 0x7f, 0xc4,
    0x1, 0xe2, 0xc2, 0x0, 0xa, 0xaf, 0xfc, 0x20,
    0x1f, 0xf0, 0xff, 0xff, 0xc6, 0x1, 0xff, 0xc0,
    0xbb, 0xff, 0x88, 0x3, 0xfe, 0x14, 0x4f, 0xf8,
    0x40, 0x3f, 0xe1, 0xff, 0xff, 0x8c, 0x3, 0xfd,
    0x54, 0x60, 0x4a, 0xaf, 0xf0, 0x80, 0x7e, 0x46,
    0x60, 0xc3, 0xbf, 0xe6, 0x50, 0xf, 0xe4, 0xc0,
    0x1c, 0xdd, 0xfd, 0x8e, 0x1, 0xf9, 0xec, 0x1,
    0x37, 0x7f, 0x30, 0xb, 0x0, 0x78, 0xf2, 0xf,
    0xa, 0x5, 0x13, 0x2e, 0xb1, 0x60, 0x80, 0x7c,
    0x51, 0x87, 0x89, 0x58, 0x83, 0x1c, 0xcc, 0xd2,
    0x0, 0xf8, 0xf9, 0xc0, 0x3, 0x52, 0x77, 0xce,
    0x39, 0x20, 0x1f, 0xf0, 0xa3, 0x56, 0xc8, 0x9,
    0x80, 0xe5, 0xc2, 0x98, 0x80, 0x6b, 0xdf, 0xeb,
    0x95, 0x17, 0xce, 0xce, 0x95, 0x53, 0xd6, 0x77,
    0xe8, 0x0, 0x81, 0x1e, 0x73, 0xf2, 0xc, 0x0,
    0x2d, 0x5d, 0xcb, 0x97, 0x58, 0x0,

    /* U+59CB "始" */
    0x0, 0xd9, 0x20, 0x1f, 0x93, 0x5c, 0x3, 0xfc,
    0x26, 0x1, 0xfd, 0xc4, 0x20, 0x1f, 0xe2, 0xe,
    0x0, 0xf8, 0x94, 0x98, 0x3, 0xfc, 0xa0, 0x60,
    0x1f, 0x40, 0x40, 0x0, 0xc8, 0x3, 0xef, 0x6,
    0x1, 0x0, 0xc6, 0xa6, 0xa0, 0xd, 0xc1, 0x0,
    0x8b, 0xfc, 0xc1, 0xbf, 0xde, 0x40, 0xf, 0xf,
    0x0, 0xa8, 0x6c, 0x2, 0x35, 0x50, 0x12, 0xa8,
    0x80, 0xc1, 0x8d, 0x8c, 0x2, 0x46, 0x55, 0x0,
    0x6, 0xa0, 0x2a, 0xa7, 0x1, 0x29, 0x1b, 0x23,
    0x45, 0x61, 0xb, 0x10, 0x9, 0x0, 0xc0, 0xc,
    0x44, 0xc0, 0x1d, 0xd6, 0x5d, 0x4b, 0x80, 0xc0,
    0x5, 0x80, 0x80, 0x3, 0x63, 0x12, 0x45, 0x78,
    0x9a, 0xcd, 0xe2, 0x61, 0x0, 0x21, 0x80, 0x8,
    0xc, 0x7b, 0x6e, 0xa1, 0xd9, 0x4c, 0x86, 0x68,
    0x40, 0x85, 0x0, 0xe, 0x1a, 0x2, 0x1, 0xfe,
    0x45, 0x0, 0x28, 0x10, 0x3, 0x1, 0x0, 0x1f,
    0xff, 0xeb, 0x0, 0x99, 0x17, 0x49, 0xc8, 0x40,
    0x40, 0x95, 0x7e, 0x0, 0xe1, 0xb7, 0x2d, 0x15,
    0x0, 0xc9, 0x55, 0xf0, 0x7, 0xd1, 0x40, 0xe,
    0x0, 0xff, 0xe4, 0x30, 0x2, 0x54, 0x3, 0xff,
    0x8f, 0xc1, 0x21, 0x48, 0x1, 0xff, 0xc5, 0xa2,
    0x76, 0xb0, 0x10, 0xf, 0xfe, 0x25, 0x2a, 0x40,
    0x25, 0xa8, 0x1, 0xea, 0xbe, 0x0, 0xec, 0x53,
    0xb0, 0x9, 0x0, 0x21, 0x55, 0xf8, 0x3, 0xa9,
    0xb0, 0x3, 0xf3, 0x7f, 0xfc, 0x1, 0xcd, 0x20,
    0x1f, 0xf, 0xc8, 0x7, 0xdf, 0x60, 0x0,

    /* U+5B89 "安" */
    0x0, 0xfe, 0x14, 0x0, 0xff, 0xe4, 0x45, 0xb8,
    0x7, 0xff, 0x1e, 0xc2, 0x0, 0x3f, 0xe5, 0xaa,
    0xfa, 0x0, 0x19, 0x55, 0xf8, 0x1, 0xaa, 0xbf,
    0x80, 0x6, 0xab, 0xf8, 0x3, 0x5f, 0x77, 0xff,
    0xc, 0x40, 0x3c, 0x23, 0xdb, 0x60, 0x23, 0xf0,
    0x7, 0xfc, 0x86, 0xe2, 0x1, 0xff, 0x55, 0xa8,
    0x6, 0x80, 0x80, 0xf, 0xdb, 0x60, 0x2, 0x41,
    0x0, 0x90, 0xc9, 0x40, 0x3f, 0x1a, 0x0, 0xe6,
    0x7a, 0x80, 0xf3, 0x3f, 0xe7, 0x3, 0x3f, 0x8,
    0x9, 0x9f, 0xfd, 0xa3, 0xff, 0xb8, 0x43, 0x7f,
    0xfa, 0xc0, 0xff, 0xf5, 0x0, 0x75, 0x8b, 0x90,
    0x7, 0x40, 0x48, 0x7, 0xf2, 0x28, 0xc0, 0x7,
    0x29, 0x92, 0x80, 0x7f, 0x48, 0xe, 0xb9, 0x0,
    0xa, 0xc3, 0x80, 0x3f, 0xdb, 0x6a, 0x51, 0xb8,
    0xde, 0x30, 0x60, 0x1f, 0xf2, 0x57, 0xc9, 0x9a,
    0x48, 0x54, 0x3, 0xff, 0x86, 0xe8, 0x1, 0xe,
    0xda, 0x0, 0x7f, 0xc5, 0x1c, 0xe5, 0x9d, 0x2,
    0x97, 0x88, 0x1, 0xe4, 0x8d, 0xd3, 0x8c, 0xe9,
    0x8b, 0xf4, 0x9, 0xdd, 0x8c, 0x0, 0xff, 0x6e,
    0x49, 0x5c, 0xc0, 0x1c, 0xfd, 0x0, 0x9e, 0x0,
    0x74, 0x6a, 0xfb, 0x50, 0xf, 0xe7, 0xe6, 0xd0,

    /* U+5B9A "定" */
    0x0, 0xff, 0xb, 0x8, 0x7, 0xff, 0x26, 0x66,
    0x0, 0xff, 0xe4, 0xc8, 0x38, 0x80, 0x7f, 0xf0,
    0x2a, 0xbf, 0x58, 0x86, 0xd5, 0x7e, 0x0, 0xca,
    0xbf, 0xc2, 0x6, 0xab, 0xf8, 0x3, 0x8f, 0xff,
    0xff, 0x88, 0x40, 0x1f, 0xfe, 0x96, 0xa0, 0xbc,
    0xcf, 0xfe, 0x8, 0x53, 0x0, 0x69, 0x60, 0x53,
    0x3f, 0xfe, 0x8, 0xbc, 0x80, 0x7d, 0xdf, 0xfc,
    0x3, 0xff, 0xe1, 0x0, 0xff, 0xea, 0xdf, 0x88,
    0x7, 0xff, 0x25, 0x80, 0x40, 0x3f, 0xf9, 0x24,
    0x60, 0x1c, 0x3f, 0xff, 0x8, 0x7, 0xc8, 0x1,
    0xf9, 0x57, 0xe1, 0x0, 0xfb, 0x0, 0xc8, 0x3,
    0xd, 0x57, 0xc0, 0x1f, 0x98, 0x1, 0x0, 0x1f,
    0xfc, 0x75, 0x15, 0x59, 0xc0, 0x3f, 0xf8, 0xd0,
    0x13, 0x65, 0x10, 0x0, 0xff, 0xe2, 0x39, 0x29,
    0x8f, 0x93, 0xf0, 0x7, 0xff, 0x9, 0x60, 0x6c,
    0x0, 0x58, 0xc2, 0x3, 0xfd, 0xb9, 0x9e, 0xa0,
    0x7, 0x85, 0x8, 0x4, 0x33, 0xd2, 0xa4, 0x4,
    0x67, 0xe2, 0x0, 0x56, 0x20, 0x7, 0x85, 0xab,
    0x7b, 0xff, 0xe8, 0x0,

    /* U+5BBD "宽" */
    0x0, 0xff, 0x9, 0x80, 0x7f, 0xf1, 0xcb, 0xb0,
    0x40, 0x3f, 0xf8, 0xc4, 0x81, 0x0, 0x1f, 0xc3,
    0xff, 0xfc, 0x80, 0xdf, 0xff, 0x84, 0x0, 0x6e,
    0xff, 0xfc, 0x42, 0x0, 0xcb, 0x11, 0x88, 0x22,
    0x35, 0x8d, 0x44, 0x4e, 0x1, 0xf8, 0x55, 0x0,
    0x32, 0xb3, 0x0, 0x3c, 0x33, 0x57, 0xfe, 0xe0,
    0x3f, 0xfd, 0x21, 0x7f, 0xee, 0x99, 0x8, 0x31,
    0xfc, 0xca, 0x0, 0x66, 0x72, 0x83, 0xcc, 0xac,
    0xd8, 0x3, 0x23, 0x34, 0x4, 0xcd, 0xbc, 0x2d,
    0x98, 0xa0, 0x1f, 0xc3, 0xbc, 0x1, 0x93, 0xc,
    0x3, 0xf8, 0x7f, 0xed, 0xd7, 0xfe, 0xec, 0xff,
    0x84, 0x3, 0xf1, 0x3b, 0xff, 0x84, 0x3, 0xfc,
    0xd1, 0x15, 0xf, 0xc4, 0x62, 0x0, 0xff, 0xe1,
    0x33, 0x28, 0x3, 0xff, 0x92, 0x20, 0x1f, 0xfc,
    0x72, 0x0, 0x4b, 0x0, 0x7f, 0xf1, 0x74, 0x19,
    0x98, 0x1, 0xe4, 0x0, 0xc2, 0xda, 0x0, 0x64,
    0x19, 0x0, 0xd3, 0x2, 0x1f, 0xc0, 0x1a, 0x58,
    0x26, 0x41, 0x42, 0x1, 0x95, 0xc0, 0xe, 0x60,
    0x18, 0x5f, 0x98, 0x71, 0x0, 0x3f, 0x8d, 0xc0,
    0xde, 0xfa, 0x5, 0xf8, 0xc0, 0x81, 0x6a, 0x67,
    0x60, 0x64, 0x64, 0x22, 0x27, 0xe0, 0x3, 0x40,
    0xab, 0x36, 0x35, 0x68, 0x7a, 0xeb, 0x60, 0xf,
    0x3f, 0x7f, 0xfa, 0x80,

    /* U+5BFC "导" */
    0x0, 0x2b, 0x37, 0xff, 0xd, 0x0, 0x3a, 0x67,
    0xff, 0x89, 0xa0, 0x1f, 0x5e, 0xef, 0xfd, 0x40,
    0x1f, 0xca, 0x45, 0xff, 0x38, 0x7, 0xf1, 0x80,
    0x7f, 0xc2, 0x1, 0xfd, 0xbf, 0xff, 0xf6, 0x0,
    0x7f, 0x33, 0x7f, 0xf0, 0xb0, 0x3, 0xe8, 0x99,
    0xff, 0xe0, 0xae, 0x40, 0x4, 0xe0, 0xc0, 0x1f,
    0xfc, 0x16, 0x33, 0x0, 0x5e, 0x11, 0xff, 0xff,
    0xc1, 0x90, 0x80, 0x9, 0x3a, 0xa1, 0xdf, 0xff,
    0x81, 0x3a, 0x60, 0x18, 0x55, 0xe2, 0x3f, 0xa,
    0xd4, 0x31, 0x0, 0x7f, 0xf1, 0xc, 0x84, 0x3,
    0xaf, 0xff, 0xff, 0x82, 0xa1, 0x9f, 0xf9, 0x8d,
    0x13, 0xa, 0x27, 0xe1, 0x3, 0x44, 0xc5, 0x17,
    0x70, 0x8b, 0xae, 0xfe, 0x40, 0xfb, 0xbc, 0x80,
    0x1a, 0x6, 0x94, 0x3, 0xff, 0x8c, 0x58, 0x14,
    0x60, 0x1f, 0xfc, 0x62, 0xb0, 0xd0, 0xf, 0xfe,
    0x3a, 0x3b, 0x80, 0x3f, 0xf9, 0x11, 0x21, 0x13,
    0x32, 0x0, 0x80, 0x7f, 0xf0, 0xcd, 0x9a, 0x7,
    0x20, 0xf, 0xfe, 0x1d, 0xff, 0xdd, 0x0, 0x1e,

    /* U+5C31 "就" */
    0x0, 0xe1, 0x0, 0xfe, 0x10, 0xf, 0xfa, 0xb8,
    0x80, 0x3e, 0x6e, 0x50, 0xf, 0xf7, 0x5, 0x80,
    0x7f, 0xa, 0xd8, 0x7, 0xe4, 0x17, 0x10, 0xf,
    0xe7, 0x4a, 0x0, 0xbb, 0xff, 0x8, 0xbb, 0xfe,
    0x10, 0x0, 0x80, 0xa, 0x55, 0x40, 0x6, 0x6f,
    0xf8, 0x40, 0x33, 0x83, 0x1f, 0x0, 0x22, 0x67,
    0xfc, 0x1, 0x78, 0x8, 0x3, 0xac, 0x2, 0x58,
    0x8f, 0xc1, 0x3b, 0xa6, 0xf, 0xdd, 0x7e, 0xc0,
    0x3, 0x1d, 0xff, 0x9, 0x80, 0x4, 0x3, 0xc2,
    0x1, 0xbf, 0xf9, 0x80, 0x15, 0xba, 0x40, 0xdd,
    0xe9, 0x0, 0xff, 0xe1, 0xb9, 0x32, 0x0, 0x7e,
    0x77, 0xe5, 0x0, 0xe2, 0x68, 0xf0, 0xf, 0xd1,
    0x1c, 0x60, 0x18, 0x44, 0x40, 0x1f, 0xa7, 0xfe,
    0x5, 0xff, 0x84, 0x0, 0xa1, 0xe0, 0x1f, 0xcc,
    0x60, 0x11, 0x50, 0x80, 0x46, 0x8, 0x1, 0xfd,
    0x36, 0x1, 0x1a, 0xc0, 0x5, 0x62, 0x40, 0x1f,
    0x94, 0x30, 0x2, 0x16, 0x60, 0x0, 0x4d, 0xc0,
    0x3f, 0xbc, 0x50, 0x3, 0x50, 0x28, 0x30, 0x68,
    0x7, 0xe1, 0x57, 0x0, 0xe3, 0x1c, 0xa, 0x24,
    0x0, 0xe5, 0x90, 0x90, 0xa0, 0xf, 0x6c, 0xb1,
    0x40, 0x7, 0xcc, 0x22, 0x43, 0x0, 0xf1, 0x94,
    0x9a, 0x80, 0x78, 0xc0, 0x66, 0xc2, 0x20, 0x6,
    0x0, 0x1f, 0xe, 0x0, 0x8d, 0x59, 0x94, 0x20,
    0x19, 0x5c, 0xa8, 0x0, 0xa7, 0x64, 0x1, 0x58,
    0x4c, 0x8a, 0xc0, 0x36, 0xfe, 0x98, 0x1, 0x39,
    0x0, 0x33, 0x77, 0xfb, 0x94, 0x0,

    /* U+5DF2 "已" */
    0xbc, 0xcf, 0xfe, 0x24, 0x80, 0x48, 0x67, 0xff,
    0xc4, 0x50, 0xb, 0xff, 0xff, 0x87, 0xc0, 0x1f,
    0xfc, 0xf7, 0xb1, 0x0, 0xff, 0xe3, 0x62, 0x0,
    0x7f, 0xfc, 0xf6, 0xef, 0xfe, 0xd0, 0xf, 0xc6,
    0x89, 0xff, 0x18, 0x7, 0xed, 0xff, 0xff, 0xb4,
    0x3, 0xf1, 0x80, 0x7f, 0xc5, 0x7e, 0x1, 0xff,
    0xc7, 0x43, 0x0, 0xff, 0xe5, 0x10, 0x7, 0xff,
    0x1c, 0x76, 0x80, 0x3f, 0xf8, 0xc4, 0x2, 0x1,
    0xff, 0xc6, 0x50, 0x30, 0x20, 0x70, 0xf, 0xfe,
    0x8, 0xd8, 0x60, 0x68, 0x4e, 0xe5, 0xdf, 0xfb,
    0x38, 0x8d, 0x1, 0x28, 0xc8, 0xd1, 0x3f, 0xc6,
    0x2d, 0xa0, 0x12, 0xe7, 0xff, 0xff, 0x7, 0xa4,
    0x40,

    /* U+5E94 "应" */
    0x0, 0xff, 0x88, 0x40, 0x3f, 0xf9, 0xb, 0xb0,
    0x1, 0xff, 0xc8, 0x51, 0x62, 0x0, 0xff, 0xe0,
    0x8, 0x7, 0xcc, 0x16, 0x1, 0xff, 0x77, 0x3f,
    0xfe, 0x70, 0x6f, 0xff, 0xb0, 0x3, 0x95, 0x7f,
    0xf8, 0xa8, 0x1, 0x86, 0xab, 0xff, 0x8b, 0x0,
    0x1f, 0xfc, 0x4, 0x30, 0xe, 0x27, 0x10, 0xf,
    0xc4, 0x20, 0x1, 0xb8, 0x0, 0xe5, 0x88, 0x0,
    0x7c, 0x9a, 0xe0, 0x1, 0x24, 0x0, 0xec, 0xd,
    0x0, 0xf9, 0x2, 0xc0, 0x25, 0x4, 0x0, 0xc8,
    0x28, 0x1, 0xf9, 0x48, 0x80, 0xc, 0xc, 0x0,
    0x90, 0x1c, 0x3, 0x84, 0x2, 0xf0, 0xa0, 0x2,
    0x2, 0x0, 0x5c, 0x14, 0x1, 0xe3, 0x0, 0x28,
    0x28, 0x4, 0x66, 0x0, 0xa, 0x91, 0x80, 0x78,
    0x40, 0x25, 0x23, 0x0, 0x28, 0x20, 0x30, 0x58,
    0x7, 0x10, 0x30, 0x5, 0xe0, 0x80, 0xf, 0x10,
    0x5, 0xb, 0x0, 0x73, 0x1, 0x0, 0x48, 0x18,
    0x0, 0x6e, 0x45, 0x26, 0x0, 0xf1, 0x87, 0x0,
    0x43, 0x76, 0x0, 0xe9, 0x9, 0x0, 0xf6, 0x82,
    0x80, 0x64, 0x0, 0xe5, 0x38, 0x10, 0xf, 0x20,
    0x18, 0x7, 0xfa, 0x5, 0xc0, 0x3c, 0x62, 0x81,
    0x9f, 0xff, 0xc4, 0x3f, 0xfe, 0x19, 0xe, 0x5,
    0x33, 0xff, 0xe2, 0x87, 0x1a, 0x84, 0xe6, 0x7f,
    0xf1, 0x45, 0x30, 0x3, 0xff, 0x92,

    /* U+5EA6 "度" */
    0x0, 0xff, 0x84, 0x40, 0x1f, 0xfc, 0x84, 0xeb,
    0x0, 0xff, 0xe4, 0x21, 0x29, 0x0, 0x7f, 0xd3,
    0x99, 0xf8, 0xc3, 0xf3, 0x3e, 0xa0, 0x9, 0xc,
    0xff, 0x8, 0x11, 0x9f, 0xce, 0x1, 0xdf, 0xfa,
    0x9f, 0xff, 0xcf, 0x3f, 0xf6, 0x80, 0x7f, 0x7b,
    0x88, 0x7, 0x3e, 0x80, 0x7f, 0x1b, 0xbc, 0xc1,
    0x2e, 0xfc, 0xc, 0xef, 0x20, 0x7, 0x5c, 0x44,
    0x60, 0xf1, 0x1c, 0x5, 0x11, 0x70, 0x7, 0x47,
    0xfc, 0xa1, 0xbf, 0xfb, 0x80, 0xff, 0xea, 0x0,
    0xff, 0x8c, 0x3, 0x8, 0x38, 0x7, 0xff, 0xd,
    0xd5, 0x78, 0x3, 0xf8, 0xc4, 0x3, 0xd3, 0x55,
    0xc0, 0x1f, 0xc2, 0x60, 0x1a, 0xfb, 0xbf, 0x50,
    0x7, 0xe1, 0x12, 0xac, 0x89, 0xfe, 0x61, 0x0,
    0xc4, 0xc, 0xb5, 0x5f, 0xfc, 0x19, 0xa0, 0xc,
    0xc0, 0x49, 0xba, 0x50, 0x9d, 0xdf, 0x58, 0x2,
    0x40, 0x31, 0x86, 0x81, 0x12, 0x6, 0x5c, 0x8b,
    0x35, 0x5, 0x90, 0x6, 0xd0, 0x70, 0x8, 0xb0,
    0xaa, 0x84, 0x4a, 0xb0, 0xc4, 0x0, 0xe4, 0x12,
    0x0, 0xc5, 0xac, 0xbb, 0xa5, 0x6f, 0x30, 0xe,
    0x41, 0x40, 0x8, 0x51, 0xed, 0x80, 0x33, 0xdb,
    0x10, 0x6, 0xe0, 0xe0, 0xdf, 0xeb, 0x85, 0x6a,
    0xfe, 0x82, 0x59, 0xdf, 0xda, 0xe, 0x54, 0x5,
    0x54, 0x5f, 0x72, 0x54, 0x5, 0xf3, 0xad, 0xd4,
    0x30, 0x0,

    /* U+5EB7 "康" */
    0x0, 0xff, 0xe0, 0x11, 0x80, 0x7f, 0xf2, 0x47,
    0x70, 0x40, 0x3f, 0xf8, 0x22, 0x1, 0xe1, 0x70,
    0xb0, 0xf, 0xfe, 0x7, 0xf7, 0xff, 0xce, 0xb,
    0xff, 0xf8, 0xc0, 0x30, 0xb3, 0x7e, 0x1, 0x66,
    0xfc, 0x20, 0x18, 0xa6, 0x7e, 0x80, 0x59, 0x9f,
    0xc4, 0x1, 0xe1, 0x55, 0xe7, 0x6, 0x55, 0xf0,
    0x7, 0xf1, 0x55, 0x74, 0x81, 0x55, 0x75, 0x80,
    0x7f, 0x1f, 0xff, 0x70, 0x27, 0xfe, 0x20, 0xf,
    0xe2, 0x66, 0xf8, 0x19, 0xb8, 0xc6, 0x20, 0x20,
    0x1c, 0x93, 0x3e, 0x80, 0x29, 0x9c, 0x20, 0xee,
    0x20, 0xe, 0x6f, 0xff, 0x70, 0x27, 0xfe, 0x21,
    0xee, 0x18, 0x6, 0x70, 0x13, 0x3e, 0x50, 0x73,
    0x3c, 0x0, 0x11, 0x0, 0x70, 0x83, 0x66, 0x75,
    0x81, 0xe6, 0x62, 0x0, 0xf0, 0x81, 0x82, 0xbe,
    0xf7, 0x58, 0x5, 0xdd, 0xd0, 0x1, 0xc4, 0x2,
    0x8, 0xfe, 0x42, 0x22, 0x2, 0x41, 0x1a, 0x26,
    0x80, 0x33, 0x6, 0x83, 0x61, 0xe3, 0x0, 0x6a,
    0x33, 0x6b, 0x32, 0x80, 0x36, 0x83, 0x0, 0xf,
    0xd0, 0x23, 0xc0, 0xcd, 0x98, 0x1c, 0x90, 0xe,
    0x30, 0x30, 0x9, 0x2, 0x5d, 0xc0, 0xf8, 0x60,
    0x86, 0x1, 0xe4, 0x30, 0x28, 0xea, 0x58, 0xf8,
    0x0, 0xb1, 0x9f, 0x9c, 0x40, 0x25, 0x4, 0xf,
    0x72, 0xae, 0x70, 0xf, 0x4e, 0x14, 0x76, 0x8,
    0x48, 0x50, 0x76, 0x61, 0x59, 0xdd, 0x0, 0x1c,
    0x79, 0x86, 0x51, 0x9, 0x52, 0x3, 0x30, 0x3,
    0xa2, 0xc, 0x50, 0x1, 0xc7, 0x32, 0x0, 0x2d,
    0x0, 0x7a, 0x3f, 0xed, 0x30, 0xf, 0xe0,

    /* U+5F00 "开" */
    0x9, 0xbb, 0xff, 0xe3, 0x90, 0x22, 0x7f, 0xf2,
    0x18, 0x37, 0xff, 0x1, 0x7f, 0xfb, 0x1, 0x7f,
    0xf2, 0x0, 0x7f, 0xff, 0xc0, 0x3f, 0xfd, 0xb9,
    0xff, 0xc0, 0x5f, 0xfe, 0xc0, 0x5f, 0xfe, 0x44,
    0xe3, 0x1, 0x44, 0xf1, 0x80, 0xa2, 0x74, 0x5d,
    0xef, 0x4, 0xbb, 0xf7, 0x82, 0x5d, 0xf0, 0x7,
    0x28, 0x10, 0x7, 0xff, 0x1f, 0x3, 0x0, 0x3f,
    0xf8, 0xc2, 0xa0, 0x80, 0x1f, 0xfc, 0x69, 0x5,
    0x0, 0xff, 0xe3, 0x13, 0x84, 0x0, 0x7f, 0xf1,
    0x47, 0x1, 0xc8, 0x3, 0xff, 0x88, 0x58, 0x29,
    0x0, 0x1f, 0xfc, 0x44, 0xd2, 0x4b, 0x0, 0xff,
    0xe2, 0xa2, 0x1e, 0xc0, 0x3f, 0xf8, 0xf7, 0x0,
    0x1f, 0xf1, 0xfd, 0x0, 0x70,

    /* U+5F15 "引" */
    0x0, 0xff, 0xe2, 0xe, 0xcb, 0xff, 0xff, 0x84,
    0x3, 0x88, 0x86, 0xab, 0xf8, 0x40, 0x3f, 0x92,
    0xab, 0xf1, 0x0, 0x7f, 0xf9, 0x1a, 0xea, 0xbc,
    0x40, 0x1f, 0xed, 0x45, 0x5f, 0x8, 0x7, 0xf9,
    0x43, 0xbf, 0xfe, 0x10, 0xf, 0x84, 0x44, 0x20,
    0x1f, 0xfc, 0x35, 0x7, 0x0, 0xff, 0xe2, 0x10,
    0x68, 0x7, 0x84, 0x3, 0xfb, 0x2, 0x3f, 0xfd,
    0xde, 0x40, 0x1f, 0x12, 0x2a, 0xfc, 0x0, 0x30,
    0xf, 0xa2, 0xea, 0xbe, 0x20, 0x10, 0xf, 0xfe,
    0x21, 0x8, 0x7, 0xff, 0x10, 0x40, 0x80, 0x3f,
    0xf8, 0x84, 0xc, 0x1, 0xff, 0xc4, 0x50, 0x20,
    0xf, 0xfe, 0x25, 0x6, 0x0, 0x7f, 0xcf, 0x98,
    0xbd, 0x31, 0x40, 0xf, 0xf9, 0x4c, 0xc8, 0x44,
    0xa0, 0xf, 0xfe, 0x1, 0x7f, 0xed, 0x40, 0xf,
    0xf, 0xd8,

    /* U+5F26 "弦" */
    0x0, 0xff, 0xeb, 0xde, 0x80, 0x7d, 0x9f, 0xfe,
    0x10, 0xe, 0xc2, 0x70, 0xf, 0x5b, 0x36, 0x20,
    0xf, 0x9c, 0x64, 0x3, 0xcf, 0x33, 0x9c, 0x0,
    0x89, 0xf1, 0xaa, 0x26, 0x30, 0xf, 0xd7, 0x7e,
    0x52, 0xab, 0xbd, 0xe0, 0x1f, 0xa6, 0x74, 0x0,
    0x22, 0x67, 0xc9, 0x97, 0x72, 0x0, 0x19, 0xb0,
    0x1, 0xdc, 0xcd, 0xca, 0x26, 0x89, 0x8, 0x7,
    0xc, 0x14, 0x0, 0x4e, 0x20, 0x3, 0xd, 0xff,
    0xc2, 0x1, 0x58, 0x48, 0x5, 0x11, 0x0, 0x7f,
    0xf0, 0x19, 0x59, 0x0, 0x6, 0xe3, 0x0, 0x1,
    0x3, 0x0, 0xf1, 0xc9, 0xc1, 0x1a, 0x70, 0x50,
    0x80, 0x69, 0x88, 0xc0, 0x5a, 0x7, 0xdb, 0x96,
    0x4e, 0x80, 0x17, 0x3, 0xbf, 0x1, 0x82, 0x33,
    0xca, 0x1, 0xc0, 0x6, 0x9d, 0xee, 0x90, 0x0,
    0x3d, 0x73, 0xa, 0x83, 0xa0, 0x1e, 0x21, 0x18,
    0x4, 0x3, 0x87, 0x43, 0x46, 0x5c, 0x3, 0xf3,
    0x98, 0x7, 0x60, 0xd1, 0x82, 0xc1, 0x0, 0x7c,
    0x42, 0x1, 0xac, 0xa5, 0x40, 0x1e, 0x12, 0x1,
    0xf0, 0xb8, 0x5, 0x69, 0xc, 0x1, 0x1a, 0xa2,
    0x0, 0x38, 0x40, 0x80, 0x16, 0x8e, 0xc6, 0x8c,
    0xf0, 0xc1, 0x0, 0x1c, 0x81, 0xc1, 0xa8, 0xf,
    0xd9, 0x73, 0xe, 0x60, 0x66, 0xb, 0xaa, 0x58,
    0x20, 0x20, 0x9, 0xab, 0x45, 0x5e, 0xf5, 0x84,
    0x80, 0x15, 0x42, 0xe6, 0x11, 0xfd, 0x95, 0x2e,
    0xa8, 0x42, 0x8d, 0x21, 0x7f, 0xf4, 0x0, 0x4,
    0x3, 0xfe, 0x93,

    /* U+5F3A "强" */
    0x9f, 0xff, 0x70, 0x17, 0xff, 0xf8, 0x40, 0x1e,
    0x89, 0xc2, 0x20, 0x8, 0xd9, 0xbc, 0x40, 0x19,
    0xae, 0xf9, 0x40, 0x32, 0x4c, 0xf9, 0xc0, 0x3f,
    0xfb, 0x46, 0xcd, 0xf0, 0x7, 0x4d, 0x4c, 0xca,
    0x1, 0x92, 0x67, 0xc6, 0x1, 0xcc, 0xac, 0xd0,
    0x80, 0xb, 0xff, 0x18, 0xff, 0xe1, 0x0, 0x8,
    0x3f, 0xff, 0x0, 0x7f, 0xf0, 0xc8, 0x34, 0x3,
    0xcb, 0x33, 0x88, 0x66, 0x74, 0x0, 0x14, 0x4,
    0x3, 0xde, 0xcd, 0x84, 0x19, 0xb8, 0x1, 0xc0,
    0xa0, 0x1f, 0xbf, 0xe3, 0x1f, 0xf8, 0x40, 0x23,
    0xe, 0xff, 0xd8, 0x1, 0xff, 0xc3, 0xd8, 0x77,
    0xc0, 0xe0, 0x1f, 0xfc, 0x36, 0x78, 0x8a, 0x40,
    0x40, 0x2f, 0xf8, 0xc7, 0xfe, 0x10, 0xf, 0xc6,
    0x6, 0x1e, 0xcd, 0x84, 0x19, 0xb8, 0x3, 0xe1,
    0x1, 0x5, 0x99, 0xc4, 0x33, 0x5, 0xd0, 0x1,
    0xf3, 0x7, 0x0, 0x7f, 0xb, 0xc1, 0x0, 0x7d,
    0xa0, 0x40, 0x1f, 0xe8, 0xe, 0x0, 0xf9, 0x1,
    0x54, 0xf1, 0x35, 0x66, 0x3d, 0xf6, 0x6, 0xa0,
    0x4, 0xa9, 0xb3, 0x21, 0xf8, 0x76, 0x54, 0x0,
    0x8, 0x8d, 0x2, 0x0, 0xa, 0xa6, 0x42, 0xe0,
    0xe8, 0x9a, 0xbd, 0xef, 0xf7, 0x65, 0xb1, 0x10,
    0x7, 0xfe, 0xd3, 0x4, 0x76, 0x54, 0x21, 0x0,
    0xe8, 0xf2,

    /* U+5F53 "当" */
    0x0, 0xfe, 0x65, 0x0, 0xff, 0x88, 0x3, 0xd3,
    0x40, 0x1e, 0x52, 0x0, 0x66, 0x90, 0x7, 0xff,
    0x0, 0xab, 0x0, 0x10, 0x1c, 0x1, 0xff, 0xc0,
    0x80, 0x90, 0x2, 0x29, 0xb0, 0x7, 0xf8, 0x94,
    0x5c, 0x2, 0xb0, 0x80, 0xf, 0xf4, 0x5, 0x80,
    0x61, 0x61, 0x70, 0xf, 0xc6, 0xa6, 0xa0, 0x1d,
    0x68, 0x80, 0xf, 0xc8, 0x3c, 0x1, 0xe2, 0xb3,
    0x0, 0xfc, 0xfc, 0x40, 0x1a, 0xbb, 0xbe, 0x0,
    0x77, 0x7d, 0x80, 0x1, 0x0, 0xf8, 0x44, 0x1,
    0xe1, 0x20, 0x5, 0xf7, 0x7f, 0xf0, 0xc0, 0x3f,
    0xfc, 0x33, 0x3f, 0xfc, 0x30, 0xe, 0x66, 0xff,
    0xe1, 0x80, 0x77, 0x6e, 0xff, 0xf0, 0x80, 0x38,
    0x48, 0xbf, 0xf8, 0x40, 0x1f, 0xfd, 0xf3, 0xff,
    0xff, 0xe2, 0x0, 0x62, 0x2f, 0xfe, 0x20, 0x4,
    0x7b, 0xbf, 0xfc, 0x40, 0x8,

    /* U+5F62 "形" */
    0x0, 0xff, 0xe4, 0x4a, 0x80, 0x4f, 0x55, 0xff,
    0x48, 0x7, 0x53, 0x70, 0x5, 0xaa, 0xbf, 0xf3,
    0x80, 0x43, 0x6a, 0x96, 0x1, 0x57, 0xf8, 0x4f,
    0xfe, 0xd0, 0x5f, 0xe0, 0x1, 0xe2, 0x2d, 0x80,
    0x7f, 0xf1, 0xa3, 0xa, 0x28, 0x3, 0xff, 0x8d,
    0x4e, 0x58, 0xe0, 0x1f, 0xfc, 0x7a, 0x8d, 0x30,
    0xf, 0xfe, 0x4b, 0x80, 0x65, 0xf6, 0x0, 0xff,
    0xe4, 0x2d, 0xb, 0x80, 0x2e, 0xe1, 0x3b, 0xbb,
    0x81, 0x2e, 0xc4, 0x1, 0x3d, 0xe, 0x8, 0x1,
    0x12, 0x0, 0x22, 0x46, 0x2, 0x88, 0x10, 0x1a,
    0x82, 0xf2, 0x0, 0xbf, 0xe0, 0x4f, 0xfb, 0x41,
    0x7f, 0xc6, 0xbe, 0xaa, 0xd1, 0x0, 0xfc, 0x20,
    0x1f, 0x9e, 0x86, 0x68, 0x3, 0xf1, 0x1, 0x80,
    0x7e, 0x78, 0xd6, 0x0, 0x91, 0x0, 0x19, 0x83,
    0x80, 0x3f, 0x9c, 0x80, 0x21, 0xab, 0x20, 0x8,
    0xc0, 0x80, 0x3f, 0xf8, 0x5a, 0x32, 0x40, 0x16,
    0x2, 0x0, 0x7f, 0xf0, 0x70, 0xd9, 0x80, 0x10,
    0xa1, 0x8, 0x7, 0xfc, 0x5a, 0x6b, 0x20, 0x19,
    0x82, 0x80, 0x3f, 0xe5, 0xd2, 0x6a, 0x0, 0xc3,
    0x0, 0xc0, 0x1f, 0xc7, 0x74, 0x13, 0x20, 0xe,
    0xd0, 0x81, 0x0, 0xfd, 0x38, 0x87, 0xac, 0x1,
    0xeb, 0x47, 0x0, 0xfe, 0xa2, 0xac, 0x20, 0xf,
    0x9e, 0xc0, 0x3c, 0x5f, 0x40, 0x7a, 0xa0, 0x1f,
    0x80,

    /* U+5F85 "待" */
    0x0, 0xff, 0xe8, 0xc6, 0x98, 0x7, 0xaf, 0xc4,
    0x3, 0xfe, 0x47, 0x3, 0x0, 0xff, 0xe3, 0xa5,
    0x8f, 0x80, 0x7f, 0x18, 0x7, 0xf2, 0xd8, 0x69,
    0x0, 0x3f, 0xf9, 0x3, 0x7f, 0xf4, 0x80, 0x51,
    0x41, 0x86, 0x1, 0x33, 0x70, 0x82, 0xb3, 0x6c,
    0x0, 0xc5, 0xa6, 0x10, 0xc1, 0x33, 0xca, 0x17,
    0x33, 0x94, 0x2, 0x8d, 0x20, 0x47, 0xd0, 0xf,
    0xfe, 0x40, 0xd0, 0x7a, 0xaf, 0x98, 0x11, 0x57,
    0xc0, 0x1d, 0xa3, 0x25, 0x55, 0xe2, 0xa, 0xaf,
    0x84, 0x2, 0xc3, 0x4, 0x45, 0x57, 0xf4, 0x81,
    0x55, 0x42, 0x3, 0x86, 0x1, 0x12, 0xaf, 0xf3,
    0x83, 0x2a, 0xc0, 0x3e, 0x68, 0xa0, 0x1f, 0xfc,
    0x71, 0x34, 0xb3, 0x0, 0xb7, 0xff, 0xf7, 0x2,
    0x7f, 0xb8, 0x1, 0xf6, 0x1, 0xca, 0xbf, 0xe0,
    0x15, 0x53, 0x80, 0x8, 0x3, 0xd1, 0x5d, 0xca,
    0xae, 0xb0, 0x5a, 0xa4, 0x80, 0x7f, 0x86, 0xac,
    0x80, 0x3f, 0xf9, 0x3, 0x41, 0xe0, 0x1f, 0xfc,
    0x94, 0x62, 0x80, 0xf, 0xfe, 0x4c, 0x8a, 0x80,
    0x7f, 0xf2, 0xb7, 0x40, 0x1f, 0xfc, 0xa3, 0x9,
    0xaa, 0x80, 0x40, 0x3f, 0xf8, 0xc2, 0xaa, 0x43,
    0x90, 0xf, 0xd3, 0xe4, 0x1, 0xf4, 0x7f, 0xd8,
    0x60, 0x18,

    /* U+6210 "成" */
    0x0, 0xff, 0xe0, 0x88, 0x80, 0x3f, 0xf9, 0x5f,
    0xe0, 0x5d, 0x50, 0xf, 0xfe, 0x48, 0x85, 0x59,
    0x0, 0x7f, 0xf1, 0x44, 0x13, 0x5d, 0x34, 0xc0,
    0x3c, 0x20, 0x1f, 0x8c, 0x3, 0x45, 0xa1, 0x0,
    0x77, 0x73, 0xff, 0xf1, 0x7, 0xfe, 0xb4, 0xed,
    0x0, 0xf2, 0x27, 0xe1, 0x3, 0x44, 0xf8, 0x3,
    0xd7, 0x7f, 0x90, 0x3e, 0xef, 0xd2, 0x1, 0xff,
    0xc2, 0x20, 0x70, 0x8, 0x88, 0x1, 0xff, 0xc0,
    0x10, 0xb, 0xc0, 0x80, 0x29, 0xd3, 0x0, 0xfb,
    0xff, 0x77, 0x80, 0x8, 0x38, 0x0, 0x48, 0x46,
    0x1, 0xf2, 0xae, 0x10, 0x9, 0xc0, 0x80, 0x14,
    0x14, 0x1, 0xf0, 0xd5, 0x62, 0x0, 0x88, 0x1c,
    0x5, 0xc1, 0x80, 0x3c, 0x20, 0x1f, 0xe2, 0x20,
    0x48, 0x38, 0x80, 0x7c, 0x60, 0x18, 0x44, 0x1,
    0x20, 0x33, 0x8c, 0x80, 0x78, 0x40, 0x40, 0x31,
    0x98, 0x2, 0xf0, 0x90, 0x81, 0x0, 0xf1, 0x3,
    0x0, 0x61, 0x10, 0x4, 0xe0, 0x4, 0x60, 0x1,
    0x0, 0x66, 0x2, 0x12, 0x22, 0x83, 0x0, 0x4e,
    0x0, 0xf0, 0xa, 0xec, 0x1, 0x60, 0x61, 0x6e,
    0xa8, 0x30, 0x0, 0xb2, 0x0, 0xd0, 0x8, 0xd4,
    0x2, 0x40, 0x53, 0x88, 0xad, 0x81, 0xe8, 0x28,
    0x58, 0x80, 0xc, 0x40, 0x4, 0x23, 0x10, 0x77,
    0x90, 0x6e, 0x2, 0xd6, 0x3, 0xc4, 0x46, 0xa0,
    0x8, 0xa, 0x0, 0xe4, 0xe4, 0x2d, 0x40, 0x64,
    0x2e, 0xf0, 0xc0, 0x2, 0x13, 0x0, 0x72, 0x21,
    0xb4, 0x80, 0x2b, 0x71, 0x13, 0x28, 0x2, 0x30,
    0x3, 0xeb, 0x90, 0xf, 0x47, 0x7c, 0x80, 0x0,

    /* U+6240 "所" */
    0x0, 0xfe, 0x26, 0x0, 0xfc, 0x2e, 0xc0, 0x1e,
    0x25, 0x9d, 0xd4, 0xb8, 0x4, 0x29, 0x19, 0xd1,
    0x24, 0x0, 0x8d, 0xfd, 0xa6, 0x34, 0x96, 0xc,
    0xee, 0x5b, 0x9a, 0x4f, 0x10, 0x0, 0xc9, 0x62,
    0xf7, 0xad, 0x84, 0xc, 0x5e, 0x77, 0xed, 0x84,
    0x3, 0xad, 0xd0, 0x80, 0x3c, 0x50, 0xc4, 0x1,
    0xff, 0xd4, 0xef, 0xfe, 0xa0, 0xf, 0xfe, 0x22,
    0xb3, 0x4a, 0x1, 0xff, 0xc6, 0xb9, 0x9a, 0xc0,
    0x38, 0xbf, 0xfe, 0xe0, 0xf, 0xfe, 0x1a, 0x24,
    0x20, 0x88, 0x70, 0xf, 0xfe, 0x11, 0xdd, 0xca,
    0x15, 0x72, 0x1, 0xae, 0xaa, 0xb0, 0xf, 0xfe,
    0x32, 0xaf, 0x0, 0x42, 0xe, 0x1, 0xfe, 0x70,
    0xff, 0xf5, 0x1, 0x80, 0x80, 0x7f, 0x84, 0x40,
    0x1f, 0x98, 0x8, 0x3, 0xfc, 0x66, 0x0, 0xfc,
    0x61, 0xa0, 0x1f, 0xe1, 0x60, 0xf, 0xd8, 0xe,
    0x1, 0xfc, 0x60, 0x40, 0x1f, 0xa, 0x9, 0x0,
    0x7f, 0x28, 0x60, 0x7, 0xd2, 0xc, 0x1, 0xfe,
    0xd0, 0x70, 0xf, 0x13, 0x84, 0x80, 0x7f, 0x12,
    0x11, 0x0, 0x3d, 0xe1, 0x2, 0x1, 0xfc, 0x4d,
    0x60, 0x1f, 0x52, 0x38, 0x7, 0xfd, 0x2c, 0x1,
    0xf3, 0xd8, 0x7, 0xaf, 0xc4, 0x0,

    /* U+6279 "批" */
    0x0, 0xff, 0xe7, 0xd7, 0x88, 0x5, 0xfa, 0x1,
    0xf, 0xd8, 0x7, 0xff, 0xfc, 0x47, 0x1, 0x88,
    0x80, 0x3f, 0xf8, 0x7d, 0xd2, 0x6, 0xf6, 0x80,
    0x7f, 0xf0, 0x8, 0x0, 0xcd, 0x8, 0x2b, 0x58,
    0x7, 0xfd, 0x7a, 0x61, 0x33, 0x20, 0x5c, 0xb8,
    0x0, 0xa6, 0x65, 0x0, 0x16, 0xa2, 0x98, 0x7,
    0xff, 0x1, 0x9a, 0x20, 0x5d, 0x29, 0xa0, 0xf,
    0xfe, 0x1, 0x77, 0x4e, 0x2, 0x7a, 0xc0, 0x1f,
    0x8d, 0xa4, 0x2, 0x11, 0x80, 0x7, 0x84, 0x1,
    0xe3, 0x60, 0xd9, 0x60, 0xf, 0xce, 0x1, 0xc3,
    0x5d, 0x86, 0x5, 0x1a, 0x1, 0xff, 0xc2, 0x15,
    0x13, 0x20, 0xc7, 0x20, 0xf, 0xfe, 0x1d, 0x76,
    0x38, 0x7, 0xff, 0x1d, 0x44, 0x3, 0xff, 0xba,
    0x40, 0x1f, 0xfc, 0x31, 0x0, 0xf4, 0xd8, 0x7,
    0xff, 0x1, 0x2f, 0x94, 0x3, 0x9d, 0x40, 0x3f,
    0x8c, 0xa, 0xd0, 0xdc, 0x1c, 0x2, 0x22, 0x2,
    0xd5, 0x10, 0x4, 0x1, 0x0, 0x5, 0xcc, 0x18,
    0x1d, 0xdb, 0x5, 0x41, 0x95, 0x47, 0x0, 0x14,
    0x26, 0xd1, 0x80, 0x24, 0x51, 0x6, 0x56,

    /* U+62DF "拟" */
    0x0, 0xdd, 0x20, 0x1f, 0xfc, 0x13, 0x40, 0xf,
    0x84, 0xc0, 0x21, 0xfa, 0x0, 0xfb, 0xec, 0x3,
    0xff, 0x86, 0x50, 0x1, 0xff, 0xca, 0x67, 0x80,
    0xc, 0x20, 0x1c, 0x23, 0x0, 0x8c, 0x1, 0x90,
    0xdc, 0x40, 0x23, 0x10, 0xd, 0xdd, 0x2, 0x77,
    0x0, 0x3a, 0x2, 0x40, 0x21, 0x30, 0xc, 0xcd,
    0x0, 0xb3, 0x80, 0x72, 0x13, 0x0, 0x66, 0x0,
    0xd3, 0x30, 0x24, 0xc0, 0x7, 0xa8, 0x54, 0x8,
    0x4, 0x3, 0xff, 0x8a, 0xc1, 0xc0, 0xc0, 0x40,
    0x1f, 0xfc, 0x51, 0x31, 0x2, 0xe, 0x0, 0xff,
    0x20, 0x7, 0xd9, 0x41, 0xc0, 0xa0, 0x1e, 0x10,
    0x4f, 0xb1, 0x0, 0xfe, 0x40, 0x30, 0x8, 0x5e,
    0xf8, 0x4, 0xe0, 0x40, 0x3f, 0x8c, 0x3, 0x8e,
    0x10, 0xc1, 0x71, 0xc0, 0x3c, 0x2c, 0x8, 0x0,
    0x70, 0x8, 0xa7, 0xb0, 0x3, 0xf9, 0x7a, 0x3,
    0x40, 0x12, 0x1, 0x98, 0x40, 0x3f, 0xd, 0x50,
    0xb4, 0x58, 0x5c, 0x5c, 0x3, 0xff, 0x82, 0x8a,
    0xad, 0x36, 0x6, 0x90, 0xa0, 0xf, 0xfa, 0x40,
    0x15, 0x40, 0x28, 0x9, 0x15, 0x24, 0x0, 0xfe,
    0x37, 0x2d, 0x50, 0x7, 0x4, 0x88, 0x70, 0x78,
    0x7, 0xf1, 0xc6, 0x90, 0x2, 0xcd, 0x18, 0x0,
    0x82, 0x82, 0xb, 0x54, 0x3, 0x0, 0x9c, 0x2,
    0xb4, 0x2a, 0x0, 0xcc, 0x46, 0xc, 0xaa, 0x3b,
    0x0, 0xfa, 0x53, 0x4, 0x3, 0x4e, 0x90,

    /* U+62E9 "择" */
    0x0, 0xc8, 0xa0, 0x1f, 0xfc, 0xa8, 0xa0, 0xf,
    0xfe, 0x7b, 0xff, 0xff, 0xd0, 0x1, 0xff, 0x12,
    0x0, 0x11, 0x3c, 0x0, 0xd0, 0xf, 0xf9, 0x6e,
    0x43, 0x6e, 0xf7, 0x2, 0x28, 0x5, 0x13, 0x22,
    0x9, 0x93, 0x80, 0x19, 0x25, 0x0, 0x9, 0x43,
    0x40, 0x19, 0x9a, 0x10, 0x66, 0x50, 0x5, 0x45,
    0x6a, 0xd6, 0x38, 0x20, 0x1b, 0xf7, 0x46, 0x1b,
    0xac, 0x0, 0x87, 0xa, 0xa4, 0xbc, 0x80, 0x38,
    0x48, 0x80, 0x2, 0x20, 0x80, 0x66, 0x20, 0x1,
    0xa0, 0x7, 0xff, 0xc, 0xa3, 0xa0, 0xae, 0x46,
    0xb5, 0xc4, 0x3, 0xfc, 0x5b, 0xa7, 0x3a, 0xd4,
    0x6e, 0x62, 0x8e, 0xd2, 0x0, 0xf1, 0x3a, 0xb3,
    0x33, 0x54, 0x72, 0x46, 0x7a, 0x4d, 0x8, 0x2,
    0x31, 0xd, 0x8c, 0xb9, 0x30, 0x8, 0xc8, 0x0,
    0x2d, 0x92, 0x0, 0xae, 0xc2, 0x5, 0xbb, 0x5,
    0x5d, 0xd4, 0xb, 0x77, 0x8c, 0x2, 0x40, 0x62,
    0xa, 0x40, 0x2, 0x27, 0x0, 0xa2, 0x67, 0x0,
    0xb3, 0xa4, 0x40, 0x3b, 0xbf, 0xee, 0x4, 0xff,
    0xc8, 0x1, 0x10, 0x7, 0xff, 0x48, 0x6a, 0xbc,
    0xb, 0x55, 0xe0, 0xf, 0xe3, 0x55, 0xe4, 0x1,
    0x55, 0xf0, 0x7, 0xf1, 0x7f, 0xf7, 0x2, 0x7f,
    0xf8, 0x3, 0xff, 0x9c, 0x57, 0x63, 0x0, 0xff,
    0xe4, 0x12, 0x20, 0xa4, 0x3, 0xff, 0x91, 0xfe,
    0xd6, 0x0, 0xfc, 0x3b, 0x40, 0x1f, 0x0,

    /* U+63A5 "接" */
    0x0, 0x87, 0xa0, 0x3, 0xe1, 0x96, 0x0, 0xff,
    0xe0, 0x8, 0x80, 0x3e, 0x15, 0x92, 0x0, 0xff,
    0xe2, 0x2b, 0x37, 0x4, 0xb3, 0x70, 0x80, 0x7f,
    0xa6, 0x79, 0x41, 0x26, 0x79, 0x40, 0x2, 0x23,
    0x3, 0x11, 0x6, 0xea, 0x63, 0x77, 0xa2, 0x77,
    0x48, 0x0, 0xee, 0x68, 0x2f, 0x70, 0x4, 0xb2,
    0x0, 0x8a, 0x38, 0xb2, 0x20, 0x4, 0xec, 0xa0,
    0x4c, 0xc0, 0xa, 0xc6, 0x40, 0x28, 0xe, 0x0,
    0xe8, 0x9b, 0x4, 0x99, 0x0, 0x43, 0x24, 0x0,
    0x46, 0x61, 0x80, 0x7f, 0xf0, 0x27, 0xfe, 0x86,
    0xff, 0x58, 0x37, 0xfd, 0xc0, 0x1f, 0xd8, 0xef,
    0x98, 0xd9, 0xdf, 0xd2, 0x1, 0xf1, 0xaa, 0xa2,
    0x30, 0x9e, 0xc4, 0x79, 0xc0, 0x32, 0x3, 0x65,
    0x80, 0x61, 0x73, 0x40, 0xf, 0xc3, 0x7f, 0x40,
    0x2f, 0x9d, 0xff, 0x70, 0x1f, 0xff, 0xe2, 0x14,
    0x27, 0x7, 0x82, 0x76, 0x62, 0x1, 0x33, 0x61,
    0x5, 0x66, 0x18, 0x76, 0xc8, 0x6, 0x99, 0x9c,
    0x32, 0x67, 0x0, 0xd4, 0xc8, 0x40, 0x40, 0x3f,
    0x39, 0xc0, 0x80, 0x4c, 0x2c, 0x1, 0xff, 0xc1,
    0x28, 0x9, 0x91, 0x80, 0xc0, 0x48, 0x7, 0xff,
    0x4, 0xbe, 0x95, 0xb3, 0x70, 0x68, 0x40, 0x3f,
    0xf8, 0x6b, 0x7a, 0x45, 0x6, 0x88, 0x7, 0xff,
    0xc, 0xe3, 0x8, 0x8e, 0x4f, 0xd0, 0x1, 0x92,
    0xe8, 0x4, 0x1, 0x59, 0xf8, 0xe5, 0x3b, 0x1b,
    0x22, 0xfc, 0x40, 0x6, 0x44, 0xa8, 0x2, 0x16,
    0x9e, 0xc6, 0x0, 0x9b, 0x9c, 0x88, 0x0, 0x2f,
    0xf5, 0x90, 0x2, 0xb6, 0x58, 0x40, 0x3e, 0x8c,
    0x0, 0x0,

    /* U+653E "放" */
    0x0, 0xf0, 0x80, 0x7f, 0xf2, 0xaf, 0xc0, 0x3e,
    0x6f, 0x60, 0xf, 0xfe, 0x6, 0xb, 0x0, 0x7b,
    0xc1, 0x40, 0x3f, 0xf8, 0xc, 0x14, 0x1, 0xe4,
    0x3, 0x0, 0xfc, 0x68, 0x92, 0xb5, 0x22, 0x46,
    0x2, 0x48, 0x1, 0xfd, 0xb7, 0x79, 0xa6, 0xee,
    0xf0, 0x40, 0x6a, 0xaf, 0x80, 0x17, 0x30, 0x5,
    0x33, 0xe0, 0xe0, 0x25, 0x5f, 0x84, 0x15, 0x9c,
    0x1d, 0x9b, 0x94, 0x50, 0x3f, 0xf3, 0x6, 0x78,
    0x80, 0x7f, 0xf0, 0x24, 0x0, 0x60, 0x11, 0x1,
    0x80, 0x7c, 0x95, 0x55, 0xc0, 0xb8, 0x1, 0x40,
    0x24, 0x20, 0xf, 0xc2, 0xab, 0x22, 0x20, 0x1c,
    0x30, 0x0, 0x40, 0x80, 0x1f, 0x93, 0xba, 0x0,
    0x20, 0xc2, 0x28, 0x1, 0x43, 0x0, 0x3c, 0x20,
    0x23, 0x81, 0xfe, 0x83, 0x1, 0x2, 0xc1, 0x0,
    0x3f, 0x18, 0x7, 0x12, 0x2, 0x87, 0x11, 0xa0,
    0x80, 0x78, 0x80, 0x40, 0x3f, 0x11, 0x16, 0xc3,
    0x80, 0x3e, 0x60, 0xe0, 0xc, 0x20, 0x1a, 0xc1,
    0x85, 0x40, 0x3e, 0x20, 0x20, 0x0, 0x80, 0x79,
    0x80, 0x10, 0x1, 0xfa, 0xc1, 0x40, 0x6, 0x6,
    0x1, 0x94, 0x1, 0x80, 0x1f, 0x9, 0x98, 0x40,
    0x2, 0x2, 0x1, 0x1d, 0x1, 0x2b, 0x0, 0x7a,
    0x42, 0x80, 0x26, 0xf, 0x0, 0x26, 0x85, 0x70,
    0x4a, 0x80, 0x62, 0x71, 0x60, 0x8, 0x80, 0x82,
    0x2c, 0x65, 0x4e, 0x42, 0x9c, 0x2, 0xf0, 0xb0,
    0x6a, 0x99, 0x0, 0x35, 0xc2, 0xd8, 0x0, 0xd2,
    0x11, 0x80, 0x6, 0x62, 0x81, 0xab, 0x4, 0x21,
    0xa7, 0x20, 0x6, 0x6c, 0x24, 0x0, 0x5c, 0x80,
    0x17, 0xfd, 0xce, 0x3f, 0x62, 0x1, 0xe3, 0xd8,
    0x0,

    /* U+6570 "数" */
    0x0, 0xe2, 0x20, 0x7, 0xff, 0x14, 0x94, 0x1,
    0xd8, 0x0, 0x56, 0x0, 0xb2, 0x80, 0x3f, 0x2d,
    0x18, 0x7, 0x5d, 0x80, 0x23, 0x10, 0xf, 0xce,
    0x30, 0x1, 0xa0, 0x78, 0x0, 0x60, 0x60, 0x1f,
    0xd2, 0x20, 0x18, 0xa0, 0xc0, 0xa, 0x18, 0x1,
    0xf4, 0xed, 0x3e, 0x98, 0xeb, 0xd6, 0xd0, 0x60,
    0x7d, 0x57, 0x48, 0x73, 0xbc, 0x20, 0x13, 0xbc,
    0x40, 0x80, 0x8a, 0xbc, 0xe0, 0xf5, 0x4b, 0x20,
    0x1, 0x1d, 0x52, 0xc, 0x4f, 0xfe, 0x70, 0xce,
    0x0, 0x8b, 0x0, 0x86, 0x5b, 0x90, 0x28, 0xc,
    0x2, 0x20, 0x30, 0x9, 0x70, 0xb4, 0x41, 0xb4,
    0xe4, 0x58, 0x0, 0x60, 0x7, 0x20, 0xa, 0x68,
    0x34, 0xc0, 0x22, 0xcf, 0x90, 0x70, 0x40, 0x12,
    0x70, 0xb, 0x57, 0xc8, 0x62, 0x80, 0x2, 0xe,
    0x30, 0x58, 0xa, 0x18, 0x1, 0x25, 0x8, 0x5d,
    0x94, 0x2, 0x26, 0xb0, 0x44, 0xe, 0x82, 0x0,
    0x45, 0x33, 0x28, 0xc4, 0xcc, 0xd2, 0xa1, 0xa0,
    0xce, 0x44, 0x0, 0x85, 0x9a, 0x1, 0x66, 0xda,
    0x1, 0x20, 0xc0, 0xd0, 0x6, 0x3f, 0xe0, 0x4f,
    0xfa, 0x83, 0x80, 0x33, 0x0, 0x18, 0x3, 0xd6,
    0x10, 0x1, 0x59, 0x28, 0x6, 0xe0, 0x21, 0x0,
    0xe1, 0x70, 0xe6, 0xb, 0x1e, 0x0, 0xc3, 0x0,
    0x4c, 0x1, 0xc3, 0xb6, 0xd3, 0xe9, 0x6, 0x1,
    0xb4, 0x64, 0x64, 0x80, 0x3c, 0x90, 0x20, 0xa,
    0x40, 0x0, 0xe1, 0xbb, 0x58, 0x78, 0x80, 0x64,
    0xbc, 0xb, 0xa3, 0xf0, 0x3c, 0x36, 0x80, 0x57,
    0x2f, 0x30, 0x7e, 0xb4, 0x7e, 0x45, 0xfb, 0xac,
    0x28, 0x90, 0xa, 0x1c, 0x70, 0xcc, 0xb3, 0xf0,
    0x1, 0x8, 0x69, 0x63, 0x80, 0x74, 0x53, 0x9a,
    0x5b, 0x0, 0x7c, 0xfa, 0x60, 0x1f, 0x2c, 0x0,

    /* U+6577 "敷" */
    0x0, 0xf8, 0x40, 0x3f, 0x8, 0x7, 0xff, 0x6,
    0x38, 0xaf, 0x54, 0x3, 0x74, 0x80, 0x7f, 0xf0,
    0xed, 0x6c, 0x40, 0x6, 0x1c, 0x1, 0xf6, 0xff,
    0xe7, 0xd, 0xf7, 0x1e, 0x60, 0x50, 0x30, 0xf,
    0xa2, 0x67, 0x20, 0x44, 0xce, 0x40, 0xf0, 0x50,
    0xf, 0x94, 0x47, 0x38, 0x78, 0x8c, 0x44, 0x4,
    0xb, 0xaa, 0xe0, 0xa, 0x26, 0xec, 0x40, 0x97,
    0x68, 0xe0, 0x12, 0x5, 0x5f, 0x8, 0x5, 0x39,
    0x86, 0xe, 0xcc, 0x0, 0x4e, 0xf, 0xff, 0x11,
    0x3c, 0x40, 0x28, 0xff, 0x38, 0x6f, 0xf8, 0x2,
    0xa0, 0x20, 0x8, 0x98, 0x3, 0x9f, 0xb8, 0xc1,
    0x9d, 0xc0, 0x1, 0x98, 0x1c, 0x0, 0x40, 0x60,
    0x1c, 0xdb, 0xa7, 0xe, 0xdd, 0x0, 0x3c, 0x18,
    0x84, 0x1c, 0x34, 0x3, 0x92, 0x20, 0x81, 0x71,
    0x0, 0x3, 0xb5, 0x2, 0x86, 0x2, 0x0, 0x76,
    0xa2, 0x3c, 0xdd, 0x10, 0x0, 0xa8, 0x30, 0xd0,
    0x42, 0x10, 0xd, 0x6a, 0x0, 0xe3, 0x0, 0xb2,
    0x4, 0x40, 0x88, 0x12, 0x40, 0xd, 0x19, 0x51,
    0x0, 0x5, 0x44, 0x2e, 0x8c, 0x1, 0xa5, 0x61,
    0xa0, 0x19, 0x9a, 0x77, 0x20, 0xab, 0x36, 0x50,
    0x3, 0x82, 0x8a, 0x0, 0x6e, 0xea, 0x42, 0xbb,
    0xbc, 0xc0, 0x1, 0x40, 0x90, 0xf, 0xd8, 0x15,
    0xff, 0xc0, 0x1c, 0xa1, 0xe0, 0x1f, 0x90, 0x62,
    0x30, 0x88, 0x3, 0x48, 0x83, 0x90, 0x7, 0x98,
    0x65, 0xdf, 0x1, 0x80, 0x4e, 0xc7, 0x81, 0xc0,
    0x1c, 0x52, 0x2e, 0x1, 0x85, 0xc0, 0xf, 0x3,
    0xa6, 0xe7, 0x60, 0x12, 0xe0, 0x50, 0xb, 0x32,
    0x43, 0x42, 0xe0, 0x70, 0x42, 0x11, 0x18, 0x20,
    0x47, 0x88, 0x3, 0x12, 0xc6, 0xc0, 0x27, 0xe4,
    0x1, 0x5a, 0xa8, 0x41, 0xf4, 0xc0, 0x2e, 0xff,
    0x60, 0x85, 0x60, 0x80, 0x75, 0x48, 0x0,

    /* U+65B9 "方" */
    0x0, 0xff, 0x84, 0x3, 0xff, 0x8e, 0x7f, 0x40,
    0x1f, 0xfc, 0x73, 0x24, 0x40, 0x7, 0xff, 0x1e,
    0x3, 0xc0, 0x3f, 0xf8, 0xea, 0x58, 0x1, 0xfc,
    0xdf, 0xff, 0xe2, 0x8f, 0xff, 0xce, 0x46, 0x7e,
    0x0, 0x19, 0xff, 0xf0, 0x9, 0x33, 0x3c, 0x41,
    0xb9, 0x9f, 0xf2, 0x80, 0x7c, 0x40, 0x20, 0x1f,
    0xfd, 0xc2, 0x0, 0x55, 0x7e, 0xba, 0x10, 0xf,
    0xcc, 0x0, 0x55, 0xfc, 0x8a, 0x20, 0x1f, 0x88,
    0x1b, 0x77, 0xf0, 0x80, 0x7f, 0xb0, 0x30, 0x8b,
    0xf0, 0x88, 0x3, 0xf9, 0x1, 0x0, 0x3f, 0x8c,
    0x3, 0xf1, 0x89, 0x88, 0x7, 0xc2, 0xc, 0x1,
    0xfa, 0x42, 0x80, 0x3f, 0x10, 0x8, 0x7, 0xc6,
    0xa0, 0xc0, 0x1f, 0x98, 0x8, 0x3, 0xee, 0x8,
    0x0, 0xfe, 0xd0, 0xd0, 0xf, 0x51, 0x1b, 0x80,
    0x7f, 0x18, 0x30, 0x7, 0x52, 0x8f, 0x0, 0x7f,
    0xa, 0x9, 0x80, 0x49, 0xca, 0x38, 0x40, 0x19,
    0x2e, 0xaa, 0xc0, 0x60, 0xe, 0x14, 0xf2, 0x0,
    0xe5, 0x45, 0x58, 0x96, 0x0, 0x32, 0x6d, 0x88,
    0x7, 0x87, 0xff, 0xa8, 0x3, 0x80,

    /* U+65E0 "无" */
    0x1, 0xaa, 0xff, 0xe3, 0x30, 0x6, 0x55, 0xff,
    0xe3, 0x78, 0x4, 0x3b, 0xbf, 0x58, 0x26, 0xef,
    0xe8, 0x0, 0xc4, 0x5f, 0x38, 0x11, 0x7f, 0x8,
    0x7, 0xfc, 0xe0, 0x20, 0x1f, 0xfc, 0x81, 0xf,
    0x0, 0xff, 0xe4, 0x18, 0x8, 0x7, 0xfc, 0x8c,
    0xdf, 0xb4, 0x3d, 0x9b, 0xf9, 0x42, 0x26, 0x7f,
    0x20, 0x34, 0xcf, 0xf4, 0x4, 0x55, 0x7e, 0x0,
    0x20, 0x3d, 0x57, 0xd2, 0x8, 0xab, 0xf3, 0x82,
    0x10, 0x62, 0xaf, 0xc8, 0x1, 0xfc, 0xa1, 0xa0,
    0x1f, 0xfc, 0x8a, 0x7, 0x0, 0xff, 0xe3, 0xa9,
    0x28, 0x80, 0x7f, 0xf1, 0xec, 0x24, 0x3, 0xff,
    0x8f, 0x42, 0xa6, 0x1, 0xfe, 0x64, 0x0, 0xf3,
    0xa8, 0xd8, 0x7, 0xfd, 0xf6, 0x40, 0x1a, 0x20,
    0x1a, 0x20, 0x1f, 0xf1, 0x1, 0x80, 0xb, 0x1c,
    0x70, 0xc0, 0x21, 0x1, 0x0, 0xf2, 0x88, 0x8a,
    0x74, 0xcd, 0x86, 0x1, 0xb8, 0x2b, 0x33, 0xb8,
    0x5c, 0x29, 0x86, 0x30, 0x80, 0x39, 0x94, 0x4c,
    0xf8, 0x52, 0x2, 0x2b, 0x9c, 0x3, 0xf5, 0x77,
    0xff, 0xac, 0x40,

    /* U+65F6 "时" */
    0x0, 0xff, 0xe2, 0x4e, 0x88, 0x6, 0x10, 0xf,
    0xfe, 0x11, 0x10, 0x3, 0x77, 0x3f, 0xfa, 0x80,
    0x3f, 0xf8, 0x8c, 0xd8, 0x3, 0xff, 0x8a, 0x53,
    0x38, 0x0, 0x24, 0x5f, 0x38, 0x29, 0x10, 0x3,
    0xf9, 0xb7, 0x7e, 0x30, 0xbd, 0xd0, 0x7, 0xf1,
    0x2a, 0xfc, 0x20, 0x8a, 0xa0, 0xf, 0xe5, 0xaa,
    0xf9, 0x42, 0xaa, 0x0, 0xff, 0x8c, 0x3, 0xff,
    0x80, 0x5f, 0xf8, 0x2, 0x6c, 0x70, 0xf, 0xfe,
    0x3, 0x36, 0x0, 0x98, 0xa0, 0xc0, 0x3f, 0xc5,
    0x33, 0x80, 0x37, 0x7, 0x0, 0x7f, 0xf1, 0xcd,
    0xca, 0x0, 0x3f, 0xf8, 0xf0, 0x2e, 0x40, 0x1f,
    0xfc, 0x7b, 0x21, 0x0, 0xff, 0xe3, 0xae, 0x98,
    0x7, 0xe2, 0xff, 0xc0, 0x1f, 0xfc, 0x66, 0x6e,
    0xc0, 0xf, 0xfe, 0x19, 0x4c, 0xf3, 0x0, 0x7f,
    0xf0, 0xa6, 0x80, 0x3f, 0xf9, 0xe, 0xe0, 0xf,
    0xe4, 0xcb, 0xb6, 0x20, 0x8, 0x7, 0xff, 0x9,
    0xd, 0x10, 0x65, 0x40, 0x1f, 0xfc, 0x4f, 0xfd,
    0xaa, 0x1, 0x80,

    /* U+6682 "暂" */
    0x0, 0xff, 0xe7, 0x4e, 0x8, 0x7, 0xfc, 0x4c,
    0x60, 0x8a, 0xa6, 0x61, 0x22, 0xae, 0x14, 0x78,
    0xad, 0xfd, 0x9e, 0xa, 0xaa, 0x40, 0x6a, 0xb8,
    0xba, 0x14, 0x5e, 0x2b, 0x74, 0x1f, 0xd2, 0xf,
    0xdb, 0xdd, 0x8c, 0x1, 0xb7, 0x4e, 0xa4, 0x0,
    0x10, 0x83, 0x80, 0xd8, 0x11, 0x80, 0x3f, 0xe2,
    0xc1, 0x58, 0x90, 0x58, 0x88, 0x80, 0x17, 0x7f,
    0x48, 0x10, 0x33, 0xb8, 0xd, 0xde, 0x60, 0x3,
    0xbc, 0x88, 0x77, 0x19, 0x6f, 0xfd, 0xc0, 0xdf,
    0xf2, 0x31, 0x66, 0x46, 0x39, 0x8a, 0x2, 0x0,
    0x8c, 0x9, 0x5e, 0x4, 0xd8, 0x3, 0xf3, 0xde,
    0x77, 0xe8, 0x25, 0x42, 0xa0, 0x60, 0x7, 0xec,
    0x67, 0x47, 0x80, 0x5e, 0xfd, 0xf0, 0x50, 0xf,
    0xd7, 0xb7, 0x50, 0xc0, 0x62, 0x2, 0xa8, 0x40,
    0x1f, 0xfc, 0x1, 0x6, 0xc1, 0x10, 0x64, 0x88,
    0xeb, 0x90, 0xf, 0x67, 0x71, 0xab, 0xba, 0xcd,
    0xee, 0xd1, 0x60, 0x1f, 0xd, 0x57, 0xff, 0x0,
    0x3, 0xfc, 0xab, 0xff, 0xc0, 0x0, 0xfe, 0x1e,
    0xef, 0xfe, 0x0, 0x7, 0xfa, 0x23, 0xff, 0x80,
    0x1, 0xfc, 0x2c, 0xdf, 0xfc, 0x0, 0xf, 0xf2,
    0xaf, 0xff, 0x0, 0x3, 0xf8, 0x6a, 0xbf, 0xf8,
    0x0, 0x1f, 0xc3, 0xdd, 0xff, 0xc0, 0x0, 0xfd,
    0x9c, 0x23, 0xff, 0xc0, 0xfc, 0x0, 0x80,

    /* U+672A "未" */
    0x0, 0xff, 0xbf, 0x80, 0x3f, 0xff, 0xe0, 0x1f,
    0xf6, 0xff, 0xfc, 0x3, 0xff, 0xf8, 0x3, 0xc8,
    0x9f, 0x80, 0x8, 0x9f, 0x80, 0x3d, 0x37, 0x7f,
    0x0, 0xdd, 0xfe, 0x0, 0xff, 0xf4, 0x88, 0xff,
    0x0, 0x4, 0x7f, 0x80, 0x28, 0xee, 0xfe, 0x1,
    0xee, 0xfe, 0x90, 0x6, 0xa2, 0x7e, 0x0, 0xc8,
    0x9f, 0xbc, 0x0, 0xb7, 0x7f, 0x8, 0x6, 0x2b,
    0xbf, 0x98, 0x3, 0xf9, 0xd5, 0x0, 0x51, 0x9c,
    0x3, 0xff, 0x86, 0xf0, 0x56, 0x0, 0xb2, 0x87,
    0x0, 0xff, 0xe0, 0xc4, 0xb, 0x0, 0x36, 0x14,
    0x40, 0x3, 0xfc, 0x36, 0xe5, 0x82, 0x1, 0x87,
    0x9, 0xe8, 0x3, 0xf2, 0x7a, 0x23, 0x4, 0x3,
    0xc3, 0x86, 0xbc, 0x80, 0x18, 0xaa, 0xc5, 0xec,
    0x40, 0x3f, 0xe, 0x30, 0xdd, 0x10, 0x3, 0x94,
    0xae, 0x0, 0x3f, 0xf8, 0x13, 0x62, 0xbc, 0x0,
    0xd8, 0xd4, 0x0, 0xff, 0xe1, 0x27, 0x46, 0x80,
    0x5, 0xc0, 0x3f, 0xf8, 0xce, 0x20,

    /* U+677E "松" */
    0x0, 0xe2, 0x10, 0xf, 0xfe, 0x48, 0xed, 0x80,
    0x78, 0xc4, 0x0, 0x6e, 0x1, 0xff, 0xc6, 0xcf,
    0x0, 0x5c, 0x28, 0x7, 0xff, 0x11, 0x1, 0x0,
    0x16, 0x1e, 0x1, 0xff, 0xc4, 0xd0, 0xf0, 0x1,
    0x8a, 0x80, 0x7e, 0x30, 0x10, 0xe, 0x70, 0x40,
    0x9, 0x81, 0x80, 0x36, 0x7f, 0xb4, 0x13, 0xfd,
    0x60, 0x82, 0x82, 0x1, 0x50, 0x58, 0x6, 0xb5,
    0x51, 0x80, 0xaa, 0xb0, 0x3c, 0x3c, 0x3, 0x11,
    0x92, 0x80, 0x4f, 0x54, 0xb0, 0x5a, 0xa3, 0x9a,
    0x12, 0x1, 0x80, 0x50, 0x10, 0x1, 0xeb, 0x4,
    0x50, 0x7, 0x4, 0x1, 0xe5, 0x80, 0x10, 0xca,
    0x0, 0x30, 0x98, 0x2, 0xc5, 0xc8, 0xd4, 0x2c,
    0xc, 0x2, 0xe0, 0x30, 0xc, 0xe0, 0x3, 0x1a,
    0x77, 0x70, 0x1, 0x42, 0xc0, 0x22, 0xab, 0x0,
    0xd4, 0x80, 0xce, 0x8b, 0x4, 0x4, 0x51, 0x80,
    0x65, 0x0, 0xc6, 0x6e, 0x0, 0x48, 0xc8, 0x5,
    0x41, 0x40, 0x1f, 0xe8, 0x14, 0x0, 0xc, 0x70,
    0x4, 0xc0, 0xc0, 0x1, 0x20, 0xe, 0x34, 0x60,
    0xc, 0xc4, 0x0, 0x51, 0x41, 0x0, 0x77, 0x0,
    0x3b, 0x82, 0x40, 0x3f, 0x70, 0x78, 0x4, 0xe6,
    0xa0, 0x19, 0xdc, 0x20, 0x1f, 0x12, 0x12, 0x0,
    0x52, 0x10, 0x1, 0xae, 0x0, 0x3f, 0x48, 0x40,
    0x6, 0x16, 0x25, 0x0, 0x84, 0x3, 0xf1, 0xa1,
    0x3a, 0x34, 0x55, 0xb8, 0x48, 0x7, 0xff, 0x3,
    0x40, 0xb6, 0xe5, 0xd5, 0xc, 0x4c, 0xc0, 0x1f,
    0xf2, 0x81, 0xab, 0xd6, 0x77, 0xed, 0x82, 0x0,
    0x7f, 0xd5, 0xf9, 0x50, 0xa6, 0x20, 0x5, 0xb7,
    0x0,

    /* U+67E5 "查" */
    0x0, 0xff, 0x84, 0x40, 0x1f, 0xfc, 0xac, 0xe0,
    0xf, 0xff, 0x85, 0x7f, 0xff, 0x10, 0x7f, 0xff,
    0x50, 0x3, 0xdd, 0xfc, 0xc0, 0x1e, 0x67, 0x7f,
    0x78, 0x1, 0x62, 0x3a, 0x48, 0x24, 0x82, 0xc1,
    0x66, 0x23, 0x94, 0x3, 0xe3, 0xc4, 0x96, 0x0,
    0x25, 0x97, 0x98, 0x7, 0xfd, 0x18, 0x54, 0xc0,
    0x19, 0x30, 0xf2, 0x40, 0x3f, 0x2e, 0xb9, 0xea,
    0x80, 0x78, 0xb5, 0xdb, 0x9c, 0x3, 0x3e, 0xd1,
    0xce, 0x10, 0x5, 0x4e, 0x1, 0xa3, 0x56, 0x3e,
    0x40, 0x4, 0x71, 0xdc, 0xff, 0xe8, 0x7f, 0xfe,
    0xeb, 0xc5, 0xc0, 0x2, 0xf3, 0x80, 0x51, 0x55,
    0xfa, 0x40, 0x40, 0xe9, 0x40, 0x3f, 0x22, 0xaf,
    0xe7, 0x0, 0xff, 0xe1, 0x22, 0x7f, 0x80, 0x3f,
    0xf8, 0x51, 0x77, 0xfa, 0x80, 0x3f, 0xf8, 0x59,
    0xff, 0xfb, 0x80, 0x3f, 0xf8, 0x4a, 0x67, 0xf9,
    0x40, 0x3f, 0xf8, 0x53, 0x99, 0xfa, 0xc0, 0x3f,
    0xf8, 0x11, 0xdd, 0xff, 0xc0, 0xc0, 0xf, 0xa6,
    0x74, 0x47, 0xff, 0x6, 0x66, 0x40, 0x0, 0xb3,
    0x7f, 0xf2, 0xc, 0x0, 0x3f, 0xff, 0xfc, 0x87,
    0x0,

    /* U+6A21 "模" */
    0x0, 0xff, 0xe8, 0x67, 0x0, 0x7b, 0x74, 0x1,
    0x3f, 0xa0, 0x7, 0xff, 0x27, 0xc0, 0x3f, 0xf8,
    0x4b, 0xff, 0x11, 0x3f, 0xe7, 0xb, 0xff, 0x48,
    0x7, 0xf3, 0xbe, 0x11, 0x3b, 0xc8, 0xa, 0xee,
    0xd0, 0x2, 0xb3, 0x8, 0x59, 0x81, 0x11, 0x19,
    0xa2, 0x2c, 0xe, 0x88, 0x20, 0x2, 0x66, 0x10,
    0x99, 0x21, 0x33, 0x1d, 0xcc, 0xd7, 0xa9, 0xb1,
    0x0, 0x5d, 0xba, 0x0, 0x6e, 0x9d, 0xd3, 0x25,
    0x54, 0xcc, 0xeb, 0x12, 0x80, 0x11, 0x10, 0xc0,
    0x2, 0x42, 0x0, 0xaf, 0xff, 0xa4, 0x3, 0xe4,
    0x0, 0x70, 0x6, 0xd5, 0x5f, 0xbc, 0x3, 0xef,
    0x0, 0x13, 0x80, 0x4f, 0x55, 0xf3, 0x0, 0x7c,
    0xa0, 0x2d, 0x2, 0x0, 0xaf, 0xff, 0xa4, 0x3,
    0xca, 0x4, 0x16, 0x10, 0x0, 0xd5, 0x5f, 0xbc,
    0x3, 0xd2, 0x82, 0x4, 0xd6, 0x0, 0x7a, 0xaf,
    0x98, 0x3, 0x8c, 0xda, 0x1, 0x49, 0x2f, 0xfe,
    0x60, 0xcf, 0xfc, 0xc0, 0x17, 0x83, 0x0, 0x7f,
    0x88, 0xc, 0x3, 0xe1, 0x37, 0x0, 0xee, 0xff,
    0xe4, 0xf, 0xff, 0x40, 0xc, 0x48, 0x7, 0x33,
    0x71, 0x80, 0x48, 0xcd, 0xb4, 0x0, 0xe2, 0x1,
    0xd1, 0x33, 0x41, 0x6, 0x3, 0xcc, 0xe5, 0x0,
    0xff, 0xe0, 0xe, 0x8b, 0x9c, 0x9e, 0x8, 0x7,
    0xff, 0x9, 0xfc, 0xd6, 0x1, 0x9c, 0xfd, 0x80,
    0x3f, 0xc7, 0x7f, 0x1, 0x34, 0x1, 0x45, 0x4,
    0xfc, 0x80, 0x7e, 0x37, 0x49, 0xe6, 0x0, 0xe5,
    0xf8, 0x2c, 0x0, 0xec, 0xe0, 0x6, 0x5b, 0x0,
    0x7e, 0x17, 0xd5, 0x0,

    /* U+6B62 "止" */
    0x0, 0xff, 0xeb, 0xfe, 0x80, 0x7f, 0xff, 0xc0,
    0x3f, 0xfa, 0x51, 0x82, 0x1, 0xff, 0xc8, 0x33,
    0x80, 0x3f, 0xfd, 0x5, 0xff, 0xf5, 0x80, 0x7f,
    0xf0, 0xcc, 0xff, 0x0, 0x7f, 0xf0, 0x8b, 0x33,
    0xe8, 0x0, 0xff, 0xff, 0x80, 0x7f, 0xff, 0xc0,
    0x3f, 0xfb, 0x1f, 0xf2, 0x6, 0xff, 0xf0, 0x17,
    0xff, 0xec, 0x3, 0x3f, 0xfe, 0x4a, 0x80,

    /* U+6B63 "正" */
    0x2a, 0xaf, 0xfe, 0x3a, 0x83, 0x2a, 0xff, 0xf1,
    0xf0, 0x13, 0x77, 0xf8, 0x82, 0xf7, 0x7e, 0x80,
    0x1, 0x17, 0xf0, 0x83, 0x11, 0x7c, 0x20, 0x1f,
    0xfe, 0x42, 0x30, 0xf, 0xfe, 0x44, 0xe1, 0x0,
    0x7f, 0xf9, 0xb7, 0xff, 0xd4, 0x1, 0xff, 0xc2,
    0x44, 0xfb, 0x40, 0x3f, 0xf8, 0x53, 0x77, 0xe7,
    0x0, 0xff, 0xff, 0x80, 0x7f, 0xfb, 0xfb, 0xa4,
    0xc, 0xee, 0xc6, 0x19, 0xdd, 0xf9, 0x4c, 0xe2,
    0x21, 0x9f, 0x11, 0xc, 0xff, 0x84,

    /* U+6CBB "治" */
    0x0, 0xff, 0xe0, 0x8, 0x7, 0xfd, 0x2e, 0x1,
    0xfb, 0xb0, 0x3, 0xf8, 0x92, 0x39, 0x80, 0x39,
    0xc1, 0x40, 0x3f, 0x8b, 0x60, 0x67, 0x0, 0x21,
    0x81, 0x80, 0xf, 0xf9, 0xf9, 0x50, 0x2, 0x80,
    0x91, 0x6, 0xd2, 0x0, 0xfc, 0x35, 0x0, 0x3,
    0x62, 0x70, 0x1, 0x13, 0xc4, 0x3, 0xff, 0x81,
    0xc1, 0xc0, 0x12, 0x49, 0x50, 0x6, 0x20, 0xf,
    0x41, 0x39, 0x80, 0x66, 0x54, 0x80, 0x4, 0x6c,
    0x88, 0x4, 0xae, 0x70, 0x0, 0x12, 0x34, 0xf0,
    0x73, 0xb, 0x36, 0xe8, 0x4, 0xa0, 0x2e, 0xff,
    0x76, 0xe5, 0xd0, 0x3, 0x80, 0xf2, 0x85, 0xd1,
    0xc0, 0x23, 0x32, 0x2b, 0x44, 0xd5, 0xa1, 0x30,
    0x1, 0x7a, 0x90, 0xf3, 0xfb, 0x72, 0xea, 0x5d,
    0x95, 0x26, 0x18, 0x3, 0x28, 0x0, 0xc0, 0x3f,
    0xe2, 0x70, 0xf, 0x8, 0x3, 0x33, 0xfe, 0xb0,
    0xf, 0x17, 0x18, 0x19, 0xff, 0xc8, 0x1, 0xe9,
    0x7, 0x0, 0x27, 0xff, 0xe2, 0x0, 0xf1, 0xa2,
    0x40, 0x1f, 0xfc, 0x6f, 0x8, 0x0, 0xff, 0xe3,
    0x31, 0xa9, 0x80, 0x7f, 0xf1, 0x46, 0x2, 0x0,
    0x3f, 0xf8, 0xd6, 0x2e, 0x40, 0x19, 0x6e, 0xff,
    0x10, 0x4, 0x2a, 0x30, 0x1, 0xc2, 0x89, 0xf8,
    0x3, 0xe, 0xd0, 0x7, 0x93, 0xff, 0xf1, 0x0,
    0x62, 0x40, 0xe, 0xeb, 0x0, 0xfd, 0xbe, 0x0,

    /* U+6CE2 "波" */
    0x0, 0xff, 0xe1, 0x11, 0x0, 0x3f, 0xc7, 0x66,
    0x1, 0xfd, 0xda, 0x1, 0xfe, 0xb4, 0xc9, 0x10,
    0xf, 0xfe, 0x3c, 0x69, 0xb7, 0x88, 0x7, 0xff,
    0x1c, 0xb1, 0xd4, 0x5a, 0xef, 0x8c, 0x2e, 0xfc,
    0xe0, 0x1e, 0x8b, 0xf, 0x44, 0xe0, 0x2, 0x27,
    0xbc, 0x3, 0xfe, 0xef, 0xf8, 0xc3, 0xff, 0x28,
    0x50, 0x0, 0xcc, 0x1, 0xff, 0xc4, 0x15, 0x32,
    0x0, 0x6e, 0x59, 0x0, 0x7f, 0xf0, 0xa4, 0x20,
    0x2, 0xc5, 0x4d, 0x80, 0xf, 0xfe, 0xc, 0x5a,
    0x0, 0x45, 0x56, 0x44, 0x0, 0xdf, 0xdd, 0x18,
    0x77, 0x5f, 0xe0, 0xf, 0x26, 0x50, 0x0, 0xc0,
    0xc4, 0x8, 0xcc, 0x45, 0x2, 0x80, 0x7c, 0x20,
    0x1d, 0x80, 0x59, 0x9d, 0x20, 0xe0, 0x1f, 0x84,
    0x0, 0x20, 0x2e, 0x66, 0x0, 0xd2, 0x16, 0x1,
    0xf0, 0xf2, 0x83, 0x8, 0x48, 0x78, 0x4, 0x86,
    0x84, 0x1, 0xf4, 0x81, 0x81, 0x10, 0x6, 0xe,
    0x0, 0x68, 0x24, 0x3, 0xf3, 0x8b, 0x10, 0x28,
    0x1, 0xcd, 0xd6, 0x86, 0x8, 0x3, 0xe7, 0x9,
    0x4, 0xf, 0x0, 0xb4, 0x69, 0x10, 0xe0, 0x1f,
    0xc, 0x3, 0x6, 0x83, 0x80, 0x62, 0x0, 0x60,
    0x7, 0xe9, 0x7, 0x11, 0x21, 0x88, 0x1, 0x7c,
    0xd0, 0x62, 0xc8, 0x3, 0x89, 0xc2, 0x42, 0x2,
    0x81, 0x32, 0x86, 0x2f, 0xd1, 0x1b, 0x46, 0x1,
    0x38, 0x38, 0x9b, 0x13, 0xed, 0x9a, 0x6b, 0x80,
    0xdd, 0x12, 0xe5, 0x80, 0x17, 0x20, 0xe, 0x38,
    0x61, 0x72, 0xc8, 0x3, 0x2e, 0xda, 0xc8, 0x0,

    /* U+6F14 "演" */
    0x0, 0xff, 0xe0, 0x89, 0x80, 0x7f, 0x86, 0xd0,
    0x3, 0xf6, 0xe1, 0x80, 0x7f, 0x22, 0x2e, 0xc4,
    0x1, 0xe9, 0x8, 0x0, 0xfe, 0x5e, 0x54, 0xe8,
    0xff, 0xea, 0x4, 0xff, 0xf3, 0x80, 0x43, 0x57,
    0xc2, 0xc, 0xdf, 0xf2, 0x7, 0x80, 0x72, 0x10,
    0x2, 0x26, 0x7f, 0xdc, 0x1, 0xfc, 0x20, 0xec,
    0xdf, 0xed, 0xf, 0x2, 0x40, 0xd, 0x1f, 0x53,
    0x3f, 0xe0, 0xf7, 0xf, 0xbb, 0x10, 0x6, 0xde,
    0xeb, 0x41, 0x7b, 0xb4, 0x0, 0x5e, 0x88, 0xd4,
    0x0, 0x84, 0x71, 0x80, 0x4, 0x70, 0x6, 0x2b,
    0xa3, 0x40, 0x5, 0xff, 0xee, 0x5, 0xff, 0xe8,
    0x0, 0xcb, 0x80, 0x13, 0x84, 0x46, 0x3, 0x88,
    0xc0, 0x20, 0x1f, 0xf3, 0xbc, 0xc0, 0xce, 0xf3,
    0x0, 0x7e, 0x10, 0xc, 0xcd, 0x81, 0x9b, 0x80,
    0x3e, 0x2e, 0x40, 0xa, 0x66, 0x80, 0x39, 0x9a,
    0x0, 0x3e, 0xa0, 0x10, 0xb, 0xfe, 0xe0, 0x5f,
    0xfb, 0x80, 0x3e, 0x71, 0x50, 0xf, 0xfe, 0x3b,
    0x84, 0x80, 0x6f, 0xfb, 0x81, 0x7f, 0xee, 0x0,
    0xf4, 0x83, 0x0, 0x26, 0x68, 0x84, 0xce, 0x58,
    0x99, 0x50, 0x4, 0xe2, 0xc2, 0x0, 0x56, 0x39,
    0x92, 0x33, 0xd, 0x64, 0x18, 0xc0, 0x3, 0x21,
    0x60, 0x12, 0xe5, 0x1e, 0x90, 0x1, 0x6c, 0xe7,
    0x4c, 0x0, 0x60, 0xa4, 0xb, 0xd4, 0x51, 0xa6,
    0x1, 0x93, 0x60, 0xb1, 0xc0, 0xbe, 0xc0, 0xa,
    0x91, 0xce, 0x1, 0xf9, 0xf5, 0x58,

    /* U+7247 "片" */
    0x0, 0xff, 0xe0, 0x90, 0x80, 0x7f, 0xcf, 0x0,
    0x1e, 0x1d, 0xc0, 0xf, 0xfa, 0xdc, 0x40, 0x3f,
    0xff, 0xe0, 0x1f, 0xfd, 0x6e, 0xff, 0xee, 0x2,
    0xff, 0xf4, 0x0, 0x78, 0x47, 0xff, 0x86, 0x1,
    0xf7, 0xf7, 0x7f, 0xf0, 0xa0, 0x3, 0x8, 0x8,
    0x7, 0xff, 0x74, 0xc0, 0x3f, 0xf9, 0x22, 0x1f,
    0xff, 0xf6, 0x80, 0x7c, 0x20, 0x3, 0x3f, 0xe2,
    0x0, 0xfe, 0x50, 0x5c, 0xcf, 0xf0, 0x7, 0xf6,
    0x6, 0x80, 0x7f, 0xf1, 0xd0, 0x10, 0x3, 0xff,
    0x8c, 0x46, 0x26, 0x1, 0xff, 0xc6, 0x80, 0x90,
    0xf, 0xfe, 0x32, 0x28, 0x30, 0x7, 0xff, 0x1a,
    0x82, 0x44, 0x3, 0xff, 0x8d, 0x4a, 0xc0, 0x1f,
    0xfc, 0x74, 0xa0, 0xf, 0xfe, 0x0, 0xfe, 0x80,
    0x60,

    /* U+7387 "率" */
    0x0, 0xff, 0x9, 0x0, 0x7f, 0xf1, 0xc7, 0xb0,
    0x40, 0x3f, 0xf8, 0xc2, 0xe3, 0x0, 0x1f, 0xc3,
    0xff, 0xfc, 0xe0, 0xdf, 0xff, 0xb0, 0x55, 0x7f,
    0x18, 0x12, 0xaf, 0xf2, 0x5, 0x45, 0x57, 0x84,
    0x59, 0x57, 0xd5, 0x5a, 0x2a, 0x1, 0xb6, 0x84,
    0x2, 0x92, 0xa1, 0xd, 0xb3, 0x0, 0x5e, 0xa0,
    0x1, 0x9d, 0x7c, 0xc2, 0x19, 0x9, 0xec, 0xe4,
    0xc2, 0xd1, 0x90, 0x2, 0x8b, 0x1d, 0x6, 0x4,
    0x98, 0x48, 0x60, 0xd4, 0x89, 0x0, 0xe4, 0xcf,
    0xa, 0xbd, 0x60, 0x77, 0x0, 0x27, 0x1c, 0x3,
    0xe3, 0x46, 0x44, 0x5b, 0x45, 0xfa, 0x81, 0xb8,
    0x7, 0xcd, 0xb5, 0x81, 0x4d, 0x2e, 0x66, 0xa5,
    0xab, 0xa1, 0x0, 0xc, 0x74, 0xb6, 0x76, 0xa8,
    0x47, 0xf8, 0xc2, 0x35, 0xd7, 0x94, 0x0, 0xc5,
    0x76, 0x31, 0x33, 0x2b, 0x45, 0x5c, 0x92, 0xc6,
    0x15, 0x18, 0xfe, 0x20, 0x1, 0x7b, 0x28, 0xe5,
    0xd1, 0xb1, 0x40, 0xf2, 0xcc, 0x4, 0x3, 0xf3,
    0x88, 0x4, 0x60, 0x10, 0xa0, 0x5f, 0xff, 0xf1,
    0x86, 0xff, 0xfe, 0xc2, 0x44, 0xfe, 0x10, 0x34,
    0x4f, 0xcb, 0x37, 0x7f, 0xc4, 0x1d, 0x77, 0xfa,
    0x40, 0x3f, 0xff, 0xe0, 0x1f, 0xfc, 0x10,

    /* U+7528 "用" */
    0x0, 0x86, 0x6a, 0x67, 0xff, 0x85, 0x4e, 0x1,
    0x99, 0x59, 0xbf, 0xf8, 0x4b, 0x80, 0x1c, 0x9b,
    0xbc, 0x61, 0x9b, 0xbe, 0x0, 0xf8, 0x48, 0xb8,
    0x0, 0x45, 0xf0, 0x7, 0xff, 0x9d, 0x7f, 0xf8,
    0xc3, 0xbf, 0xfc, 0x1, 0xf0, 0x99, 0xf0, 0x0,
    0xcf, 0xe0, 0xf, 0x93, 0x33, 0x8c, 0x37, 0x33,
    0xc0, 0x1f, 0xfc, 0xf3, 0x0, 0xff, 0xe5, 0x98,
    0x7, 0xc6, 0x1, 0xc2, 0x1, 0xc2, 0xd, 0xff,
    0xc6, 0x1b, 0xff, 0xdc, 0x1, 0xcc, 0x6, 0xab,
    0xc2, 0x8, 0xab, 0xe0, 0xe, 0xd0, 0x8a, 0xae,
    0x20, 0xaa, 0xf8, 0x3, 0x8c, 0x14, 0x3, 0xff,
    0x8e, 0x84, 0x20, 0x1f, 0xfc, 0x66, 0x5, 0x0,
    0xff, 0xe3, 0xd8, 0x50, 0x7, 0xff, 0x1a, 0x9,
    0x48, 0x3, 0xfc, 0xd5, 0x56, 0x0, 0x87, 0x8d,
    0x80, 0x7c, 0xe0, 0x12, 0xae, 0x34, 0x80, 0x7f,
    0x10, 0xf, 0xaf, 0xc4, 0xf, 0xff, 0x59, 0x0,

    /* U+7535 "电" */
    0x0, 0xfc, 0x44, 0x0, 0xff, 0xe3, 0xe, 0xf8,
    0x7, 0xff, 0xa6, 0xf2, 0xef, 0xb4, 0xa, 0xef,
    0xe9, 0x0, 0x90, 0xd1, 0x38, 0xc0, 0x8, 0x9f,
    0x28, 0x6, 0x1f, 0xfe, 0xd0, 0x2f, 0xfe, 0xe0,
    0xf, 0xfe, 0x1, 0x80, 0x7f, 0xf5, 0xc6, 0xab,
    0xac, 0xa, 0xab, 0xac, 0x3, 0xe5, 0x5f, 0x0,
    0x15, 0x7c, 0x1, 0xe1, 0xff, 0xed, 0x2, 0xff,
    0xed, 0x0, 0xff, 0xe0, 0x18, 0x7, 0xc6, 0x1,
    0xff, 0xd0, 0x22, 0xf0, 0x0, 0x8b, 0xc0, 0x1e,
    0x1d, 0xde, 0xc0, 0x2d, 0xde, 0xc0, 0xf, 0x95,
    0x7c, 0x0, 0x55, 0xf9, 0x0, 0x30, 0xd5, 0x75,
    0x81, 0x55, 0x7d, 0x12, 0xc1, 0xde, 0x1, 0xff,
    0xc4, 0x59, 0x1, 0x10, 0x7, 0xff, 0x10, 0x84,
    0x3, 0xf0, 0x81, 0x8, 0x7, 0x90, 0x54, 0x3,
    0xf8, 0xc3, 0xb7, 0x7d, 0x61, 0xc0, 0x1f, 0xdc,
    0x80, 0x45, 0xe1, 0x75, 0x0,

    /* U+754C "界" */
    0x0, 0xa2, 0x3f, 0xf8, 0x8a, 0x1, 0xc2, 0xef,
    0xff, 0xc4, 0xf0, 0xf, 0x93, 0xff, 0x8c, 0x3f,
    0xfb, 0x0, 0x3f, 0xfa, 0x8e, 0x89, 0xc2, 0x8,
    0x9c, 0xa0, 0x1f, 0xc7, 0x77, 0xc4, 0x17, 0x7d,
    0x20, 0x1f, 0xc9, 0xbb, 0xc4, 0x1b, 0xbd, 0x60,
    0x1f, 0xe2, 0x2e, 0x10, 0x22, 0xe7, 0x0, 0xff,
    0xea, 0x27, 0xff, 0x18, 0x7f, 0xf6, 0x0, 0x7c,
    0x31, 0x18, 0xc0, 0xa2, 0xc, 0x0, 0x78, 0x8b,
    0x80, 0x3c, 0xef, 0x1, 0x8f, 0xbb, 0xa5, 0xc1,
    0x15, 0xdc, 0x80, 0x1f, 0x16, 0x41, 0xf9, 0x0,
    0x51, 0x3, 0xd7, 0x0, 0xf8, 0xa7, 0x4d, 0x68,
    0x80, 0x38, 0xd8, 0x63, 0x9c, 0x40, 0x9, 0x7a,
    0xc7, 0x93, 0x2a, 0x0, 0xe8, 0x6f, 0x81, 0x8e,
    0xb2, 0x55, 0x1d, 0x61, 0xb8, 0x7, 0xf9, 0xfe,
    0x8, 0x48, 0x7b, 0x14, 0x0, 0x41, 0xc0, 0x1f,
    0xe7, 0xda, 0x0, 0xfb, 0x40, 0xc0, 0x3f, 0xf8,
    0xec, 0x84, 0x80, 0x1f, 0xfc, 0x68, 0x90, 0xe0,
    0xf, 0xfe, 0x2b, 0x73, 0x8d, 0x98, 0x7, 0xff,
    0x14, 0x85, 0xbd, 0x0, 0x3f, 0xf8, 0xc9, 0xf2,
    0x20, 0x1f, 0xb3, 0xc4, 0x3, 0xc0,

    /* U+7597 "疗" */
    0x0, 0xff, 0xec, 0x27, 0xc0, 0x7, 0xff, 0x25,
    0x1, 0x80, 0x3f, 0xf8, 0x62, 0x1, 0xe4, 0x14,
    0x0, 0xff, 0xe0, 0xff, 0x7f, 0xf9, 0x2, 0xff,
    0xfe, 0x30, 0x1, 0x80, 0x42, 0xab, 0xff, 0xc4,
    0x20, 0x8c, 0x20, 0x1, 0x55, 0x7f, 0xf1, 0x4,
    0x24, 0x24, 0x3, 0xff, 0x92, 0x2e, 0x88, 0x0,
    0x9e, 0xab, 0xfe, 0xb7, 0x0, 0xd2, 0x1e, 0x1,
    0x6a, 0xaf, 0xfc, 0x92, 0x20, 0x10, 0xdd, 0x0,
    0x55, 0xff, 0xfb, 0x90, 0xf, 0xc4, 0x3, 0x20,
    0x83, 0x80, 0x7f, 0x2f, 0xa3, 0xe0, 0x80, 0x79,
    0x0, 0x3f, 0x8e, 0xe8, 0xf2, 0x0, 0x3c, 0x57,
    0x60, 0x10, 0xf, 0xbd, 0x23, 0x4c, 0x3, 0xd3,
    0xa8, 0xa0, 0x40, 0x1f, 0xcc, 0x1, 0xf8, 0x93,
    0x7c, 0x38, 0x3, 0xff, 0x8d, 0x56, 0x58, 0xa,
    0x1, 0xff, 0xc6, 0x10, 0x2, 0x1, 0x80, 0x7f,
    0xf2, 0xc, 0x90, 0x3, 0xff, 0x93, 0x1, 0xc0,
    0x1f, 0xfc, 0x84, 0x41, 0x28, 0x7, 0xff, 0x1c,
    0xa8, 0x24, 0x3, 0x96, 0x66, 0x30, 0x10, 0xf,
    0xc4, 0x90, 0x80, 0x1c, 0x2c, 0xd0, 0xc0, 0x7,
    0xfa, 0x9c, 0x3, 0xc9, 0xff, 0x73, 0x80, 0x7e,

    /* U+75DB "痛" */
    0x0, 0xff, 0xe0, 0x9, 0x80, 0x7f, 0xf2, 0x7f,
    0x4, 0x3, 0xff, 0x91, 0x1, 0x60, 0x1f, 0xfc,
    0xa, 0xff, 0xfa, 0x41, 0x7f, 0xfe, 0x90, 0xc,
    0x20, 0xab, 0xff, 0xc4, 0xf1, 0x94, 0x0, 0xaa,
    0xbf, 0xf8, 0x8c, 0x2f, 0x0, 0x1d, 0x7f, 0xff,
    0xf5, 0x0, 0x52, 0x66, 0x0, 0xdf, 0x33, 0xf8,
    0xc0, 0x1e, 0x1, 0x30, 0x50, 0x6, 0x46, 0x28,
    0xc2, 0x62, 0xb3, 0x6e, 0x50, 0x8, 0x50, 0xc0,
    0x3c, 0xb6, 0x37, 0xf6, 0xdb, 0x22, 0x1, 0xd7,
    0x40, 0x19, 0x98, 0xe7, 0xae, 0x20, 0x90, 0xcc,
    0x75, 0x0, 0xfc, 0x33, 0x3c, 0xe2, 0x0, 0x59,
    0x94, 0x48, 0x6, 0x25, 0x0, 0xcd, 0xff, 0x70,
    0x37, 0xfd, 0xc0, 0x18, 0x67, 0x44, 0x40, 0x1f,
    0xfc, 0x55, 0xe6, 0x50, 0x20, 0x9, 0xbf, 0xee,
    0x6, 0xff, 0xb8, 0x2, 0x62, 0xbb, 0x3, 0x0,
    0x47, 0x33, 0x40, 0x1c, 0xcd, 0x0, 0x11, 0xea,
    0x28, 0x68, 0x4, 0xac, 0xd8, 0x15, 0x9b, 0x0,
    0x7b, 0x1, 0x0, 0x25, 0x66, 0xc0, 0xac, 0xd8,
    0x3, 0xcc, 0x26, 0x1, 0x1c, 0xcd, 0x0, 0x73,
    0x34, 0x0, 0x72, 0x8b, 0x80, 0x66, 0xff, 0xb8,
    0x1b, 0xfe, 0xe0, 0xe, 0x80, 0xb0, 0xf, 0xfe,
    0x3c, 0x93, 0x90, 0x7, 0xff, 0x1, 0x19, 0x80,
    0xe0, 0xb, 0x48, 0x0, 0xff, 0xe0, 0x9c, 0xc8,
    0xfc, 0x0,

    /* U+76F4 "直" */
    0x0, 0xff, 0x8, 0x7, 0xff, 0x20, 0x7b, 0x40,
    0x3f, 0xf8, 0xe4, 0xc, 0x1, 0xfe, 0x3f, 0xff,
    0xd8, 0x9, 0xff, 0xfc, 0x64, 0xcd, 0xf8, 0xc1,
    0x19, 0xbf, 0x88, 0x66, 0x7f, 0x28, 0x4c, 0xff,
    0x84, 0x2, 0x48, 0x8e, 0x70, 0xa8, 0x8f, 0x28,
    0x7, 0x8d, 0xdf, 0x84, 0x1d, 0xfe, 0xf0, 0xf,
    0xd7, 0xff, 0xfe, 0xc0, 0xf, 0xfe, 0xa5, 0xff,
    0xff, 0xb0, 0x3, 0xfc, 0xd3, 0x3f, 0xe7, 0x0,
    0xff, 0x6b, 0x37, 0xfa, 0xc0, 0x3f, 0xda, 0xef,
    0xfe, 0xb0, 0xf, 0xf3, 0x44, 0x7f, 0x9c, 0x3,
    0xfd, 0x7f, 0xff, 0xec, 0x0, 0xff, 0x11, 0x7f,
    0xcc, 0x1, 0xfe, 0x9d, 0xdf, 0xf5, 0x0, 0x7f,
    0xa3, 0x33, 0xfd, 0x20, 0x1f, 0xe3, 0x3f, 0xf9,
    0x40, 0x3a, 0xf3, 0x12, 0x13, 0x99, 0xfe, 0xe0,
    0x4c, 0xc5, 0xb8, 0x88, 0xc8, 0x4, 0x7f, 0xc0,
    0x46, 0x22, 0x70,

    /* U+770B "看" */
    0x0, 0xff, 0x84, 0x8d, 0x19, 0xe7, 0x38, 0xc0,
    0x31, 0x66, 0xed, 0xdc, 0xff, 0x76, 0xe5, 0xcc,
    0x23, 0xb9, 0x80, 0x31, 0x2a, 0x21, 0x5a, 0x54,
    0xe, 0xf3, 0x7f, 0xdb, 0x72, 0xa0, 0x1d, 0x33,
    0x44, 0x1c, 0xc2, 0x90, 0xc8, 0x3, 0xfe, 0xef,
    0xfe, 0x60, 0x9f, 0xff, 0xe1, 0x0, 0xd3, 0x11,
    0x94, 0xe, 0x23, 0xfc, 0x20, 0x19, 0xdf, 0x84,
    0x21, 0xdf, 0xfc, 0x1, 0x34, 0x47, 0x4a, 0x6,
    0x44, 0x7f, 0xc6, 0x14, 0xef, 0xcc, 0x0, 0x77,
    0xff, 0xe0, 0x30, 0x67, 0xfe, 0xa0, 0x3f, 0xff,
    0xfe, 0xa, 0x80, 0x70, 0xd8, 0x33, 0xbf, 0xfc,
    0x20, 0x1f, 0x68, 0x82, 0xc4, 0x7f, 0xc4, 0x1,
    0xeb, 0x30, 0x7, 0xff, 0xf9, 0x80, 0x3c, 0x36,
    0x86, 0x60, 0x55, 0xff, 0x10, 0x7, 0x27, 0xa2,
    0x30, 0x1, 0x55, 0xfe, 0x40, 0xc, 0x56, 0x2f,
    0x60, 0x17, 0xff, 0xf9, 0x80, 0x31, 0x55, 0xc0,
    0x6, 0x44, 0xff, 0x10, 0x7, 0x2a, 0x0, 0x75,
    0xdf, 0xf9, 0x0, 0x3f, 0xf8, 0x1f, 0xff, 0xe6,
    0x0, 0xff, 0xe0, 0x3b, 0xff, 0x94, 0x3, 0xff,
    0x81, 0x11, 0xfe, 0x30, 0xf, 0xfe, 0x7, 0xff,
    0xf9, 0x80, 0x30,

    /* U+786E "确" */
    0x0, 0xff, 0xeb, 0x17, 0xb0, 0x7, 0xea, 0xcc,
    0xf8, 0x80, 0x16, 0xa, 0x1, 0x8, 0x6, 0x62,
    0x21, 0x98, 0x8a, 0x10, 0x16, 0xc, 0xff, 0xba,
    0x0, 0x2c, 0xee, 0x2, 0x77, 0x46, 0x16, 0xf,
    0x11, 0x18, 0x70, 0x7, 0x20, 0x60, 0x6, 0x45,
    0x68, 0x77, 0x31, 0x99, 0x80, 0x3b, 0x1, 0x0,
    0x21, 0xa1, 0x80, 0xa, 0x83, 0x80, 0x3c, 0x80,
    0x60, 0x16, 0x88, 0xb3, 0x75, 0xc8, 0x1f, 0xbd,
    0x80, 0x1, 0x35, 0x0, 0xa4, 0xc0, 0xc, 0xd0,
    0x1, 0x19, 0x82, 0x40, 0x7, 0x0, 0x33, 0x5b,
    0x28, 0x17, 0x72, 0xd, 0xdc, 0x40, 0x15, 0x82,
    0xcc, 0xc6, 0xc0, 0x1f, 0xfc, 0x15, 0x20, 0x9f,
    0xf0, 0x7, 0x7f, 0xca, 0x3f, 0xf1, 0x0, 0x20,
    0x3, 0xfd, 0x11, 0x10, 0x44, 0x42, 0x4, 0x45,
    0x0, 0xfe, 0x77, 0xc2, 0xef, 0x18, 0x13, 0xc0,
    0x7, 0xff, 0x22, 0xc, 0x3, 0xe7, 0x8, 0x89,
    0xc6, 0x22, 0x30, 0xf, 0xf8, 0x41, 0xde, 0x20,
    0x77, 0x84, 0x3, 0xfe, 0x24, 0xff, 0x94, 0x7f,
    0xe2, 0x0, 0xea, 0xa8, 0x0, 0x80, 0x60, 0x1f,
    0xfc, 0x23, 0x55, 0x0, 0x34, 0x30, 0x3, 0xff,
    0x85, 0x3f, 0xf3, 0x30, 0x50, 0x3, 0xff, 0x82,
    0x26, 0x1, 0x50, 0x48, 0x7, 0x86, 0x20, 0x46,
    0x0, 0x1e, 0x50, 0x8, 0xcc, 0xe0, 0x1a, 0xb8,
    0x5d, 0xc3, 0x60, 0x1f, 0xa3, 0x0, 0x3f, 0x7f,
    0xb9, 0x80,

    /* U+793A "示" */
    0x0, 0x8a, 0x67, 0xff, 0x88, 0xc0, 0x1c, 0x2c,
    0xdf, 0xfc, 0x4d, 0x0, 0xe3, 0xdd, 0xff, 0xe2,
    0x50, 0x7, 0x88, 0xbf, 0xf8, 0x82, 0x1, 0xff,
    0xe5, 0x6c, 0xcf, 0xfe, 0x43, 0x87, 0x99, 0xff,
    0xf2, 0x38, 0x27, 0xff, 0xf9, 0x3, 0x3f, 0xff,
    0x48, 0x7, 0xff, 0x40, 0x94, 0x40, 0x3f, 0x88,
    0xc0, 0x3f, 0xa6, 0x98, 0x3, 0xf1, 0x6e, 0x84,
    0x3, 0xe2, 0x40, 0x60, 0xf, 0xc5, 0x3, 0x0,
    0x1f, 0x48, 0x38, 0x80, 0x7f, 0x39, 0x31, 0x80,
    0x72, 0xa0, 0xc0, 0x7, 0xfd, 0x21, 0xe0, 0x18,
    0xa8, 0x2c, 0x3, 0xff, 0x80, 0x88, 0x34, 0x0,
    0xf, 0x83, 0x28, 0x7, 0xff, 0x6, 0x2, 0x0,
    0x1a, 0x47, 0x20, 0x1f, 0xfc, 0x23, 0x43, 0x30,
    0x72, 0xe8, 0x7, 0xff, 0x13, 0xdc, 0x80, 0xa8,
    0x40, 0x2a, 0xcc, 0x90, 0x8, 0x3, 0xc9, 0x2,
    0x1, 0xf6, 0x99, 0xc5, 0x2, 0x1, 0xff, 0xc4,
    0x7f, 0xfb, 0x5c, 0x3, 0xfc,

    /* U+79BB "离" */
    0x0, 0xff, 0x10, 0x7, 0xff, 0x21, 0x75, 0xc0,
    0x3f, 0xf8, 0xea, 0x32, 0x1, 0xfe, 0x3f, 0xff,
    0xe1, 0x17, 0xff, 0xf5, 0x8a, 0xaf, 0xff, 0x23,
    0xa, 0xa9, 0x85, 0x54, 0xd, 0xaa, 0xd8, 0xf7,
    0x5a, 0x55, 0x47, 0x0, 0xb5, 0xc0, 0x1f, 0x5c,
    0xe7, 0x71, 0x22, 0x16, 0xe0, 0x1f, 0xe5, 0xd8,
    0x86, 0x2e, 0x20, 0x7, 0xff, 0x8, 0xa6, 0x47,
    0x27, 0x8e, 0x1, 0xff, 0xc1, 0x7d, 0x5b, 0xc6,
    0xd9, 0x98, 0x3, 0xfe, 0x42, 0x78, 0x4, 0x48,
    0xef, 0x10, 0x40, 0x3f, 0xae, 0x9e, 0xef, 0xd5,
    0x4b, 0x20, 0xf, 0xa7, 0x33, 0xc0, 0xb, 0xcc,
    0xed, 0x0, 0xf1, 0x19, 0xf2, 0x3, 0x21, 0x9f,
    0x10, 0x80, 0x47, 0xff, 0xf4, 0x3, 0x7f, 0xfd,
    0xce, 0x1, 0x8d, 0xdf, 0x8, 0x33, 0xbf, 0xca,
    0x1, 0xe4, 0x88, 0xb0, 0x56, 0x62, 0xa, 0x31,
    0x17, 0x0, 0x7f, 0xd, 0x15, 0x80, 0x54, 0xca,
    0x1, 0xff, 0x16, 0xa, 0xb4, 0x56, 0x50, 0x58,
    0x80, 0x7f, 0x8c, 0x81, 0xe1, 0x98, 0xe9, 0x3,
    0x60, 0x1f, 0xe1, 0x9b, 0xdf, 0xec, 0xb9, 0x7a,
    0x80, 0xf, 0xf9, 0x90, 0x80, 0x3c, 0x28, 0xda,
    0x1, 0xff, 0xc6, 0x19, 0x93, 0x1b, 0x0, 0xf,
    0xa0, 0x3, 0xfe, 0x5f, 0xfb, 0x4, 0x0,

    /* U+7CFB "系" */
    0x0, 0xff, 0xe0, 0x92, 0x34, 0xec, 0x80, 0x71,
    0x1a, 0x2b, 0x3c, 0xd6, 0x77, 0xed, 0xcb, 0x19,
    0x10, 0x2, 0x4d, 0xcb, 0xa9, 0x86, 0x53, 0x25,
    0x79, 0xbe, 0xe5, 0x90, 0x4, 0x91, 0x35, 0x79,
    0x82, 0x9, 0xca, 0x86, 0x41, 0x0, 0xf9, 0xd9,
    0x50, 0xb8, 0xa9, 0x80, 0x21, 0xa3, 0x0, 0xff,
    0x1f, 0x9e, 0x28, 0x4, 0x78, 0xb0, 0x1, 0xfc,
    0xf8, 0x58, 0x60, 0x1, 0x7c, 0x27, 0xb0, 0xf,
    0xdb, 0x0, 0x59, 0xff, 0x74, 0xd, 0xc0, 0x7,
    0xf0, 0x92, 0x21, 0xe0, 0xc0, 0xb, 0xe8, 0x26,
    0x1, 0xfb, 0x36, 0xea, 0x30, 0xc6, 0xa8, 0x21,
    0xb8, 0x80, 0x1f, 0xe7, 0xe4, 0x7e, 0x50, 0xb,
    0x4a, 0xcc, 0x3, 0xe6, 0xd8, 0x5d, 0x80, 0x8,
    0x8d, 0x68, 0x34, 0x80, 0x21, 0x7d, 0x92, 0x20,
    0xf6, 0xf7, 0xfb, 0x72, 0xe0, 0x7, 0xc0, 0x25,
    0x82, 0x0, 0x1b, 0x3b, 0x80, 0x11, 0x37, 0x9b,
    0xd0, 0x52, 0x0, 0x49, 0xce, 0xfe, 0xdb, 0xa2,
    0x6, 0x62, 0x19, 0xb, 0xa1, 0x0, 0x4c, 0x63,
    0x16, 0x60, 0x1e, 0x5e, 0x70, 0x5, 0xd8, 0x3,
    0x9d, 0xcc, 0x40, 0x1e, 0x73, 0x8a, 0x0, 0xf9,
    0xe0, 0x7c, 0x40, 0x3c, 0x5a, 0x8b, 0x82, 0x1,
    0xaa, 0x7, 0x8, 0x3, 0xfa, 0xd8, 0xfc, 0x80,
    0x75, 0x4b, 0x8, 0x3, 0xfe, 0x97, 0x1c, 0x21,
    0x96, 0xd2, 0x2, 0xbb, 0x8c, 0x4, 0x3, 0xa2,
    0x12, 0x40, 0x92, 0x1, 0x13, 0x22, 0x6, 0x0,
    0x3e, 0x77, 0x0, 0x7e, 0xdf, 0xf7, 0x38, 0x7,
    0xf8,

    /* U+7EBF "线" */
    0x0, 0xff, 0xe7, 0xac, 0x88, 0x7, 0xbf, 0x40,
    0x94, 0x3, 0xfa, 0x58, 0xc0, 0x3c, 0x20, 0x8,
    0xac, 0x30, 0xf, 0x19, 0x90, 0x80, 0x3f, 0xaa,
    0xcb, 0xc, 0x3, 0xa4, 0x20, 0x3, 0xe3, 0x30,
    0x1, 0x3a, 0x8c, 0x3, 0x12, 0xa1, 0x80, 0x7e,
    0x12, 0x47, 0x9e, 0xb0, 0xd, 0x21, 0x20, 0x56,
    0x44, 0x68, 0xb2, 0xd, 0xb8, 0x65, 0x0, 0xc8,
    0x86, 0x20, 0x84, 0x75, 0x97, 0x40, 0x3, 0xd6,
    0x7f, 0x58, 0x0, 0x68, 0x6c, 0x99, 0x51, 0x5a,
    0xfb, 0xd4, 0x25, 0x4c, 0x3, 0xac, 0x45, 0xba,
    0x90, 0x90, 0x14, 0x10, 0x20, 0x20, 0xc, 0x64,
    0x18, 0x6d, 0x6, 0x12, 0x40, 0x1d, 0xe1, 0x6f,
    0x5b, 0xf9, 0x40, 0xd9, 0x26, 0x64, 0x60, 0x1,
    0x2c, 0x5c, 0x3, 0xc2, 0x8b, 0x4d, 0x0, 0x43,
    0x43, 0x40, 0x16, 0xd3, 0xa9, 0x82, 0x6f, 0xe4,
    0xb9, 0x0, 0x5a, 0x3a, 0x24, 0xa3, 0x37, 0xdc,
    0xc0, 0x1, 0x0, 0xf, 0x9c, 0x1, 0x66, 0x3f,
    0xed, 0xa2, 0x64, 0x10, 0x1, 0x28, 0x0, 0x74,
    0x14, 0x1d, 0x0, 0x44, 0xd3, 0x86, 0x1, 0xce,
    0x24, 0x38, 0x34, 0x40, 0x8f, 0x7f, 0xb2, 0xc6,
    0x1, 0xec, 0xa, 0xc2, 0x95, 0x0, 0x1c, 0x20,
    0x6, 0x11, 0x0, 0x72, 0x3, 0x95, 0x30, 0x7,
    0xc7, 0x19, 0xcc, 0x1, 0x8a, 0x40, 0x14, 0xa0,
    0x20, 0x2, 0x7b, 0xfc, 0x71, 0x74, 0x0, 0xc,
    0xea, 0x10, 0x60, 0x1, 0x74, 0x2a, 0x11, 0x11,
    0xba, 0x83, 0x4a, 0xe6, 0x3b, 0xd2, 0x65, 0x3,
    0x20, 0xba, 0xfb, 0x72, 0x0, 0x3d, 0xa9, 0xd6,
    0x20, 0x70, 0x56, 0x42, 0x1, 0xa8, 0x7, 0x9e,
    0x33, 0xa, 0x1, 0x1e, 0x19, 0x8a, 0x0,

    /* U+7EDF "统" */
    0x0, 0xff, 0xe7, 0xbf, 0x28, 0x7, 0x93, 0xe0,
    0x3, 0xfe, 0xa1, 0x60, 0xf, 0x20, 0xb8, 0x80,
    0x7f, 0x29, 0x19, 0x80, 0x3e, 0x60, 0x60, 0xf,
    0xe8, 0xf, 0x0, 0xae, 0xf9, 0xb, 0x2e, 0xf5,
    0x0, 0x4a, 0x48, 0x60, 0x12, 0x27, 0x19, 0x22,
    0x78, 0x2, 0x80, 0x90, 0x4d, 0x3f, 0xfb, 0x40,
    0x7b, 0xff, 0xb8, 0x1, 0x5, 0x4, 0x12, 0x4e,
    0x1, 0x70, 0x58, 0x83, 0x48, 0x6, 0x57, 0x36,
    0x38, 0x25, 0x40, 0x4, 0x9b, 0x28, 0x3, 0xd9,
    0x80, 0x14, 0x81, 0xf6, 0x38, 0xd8, 0x1, 0x98,
    0x72, 0x1, 0x49, 0x48, 0x80, 0x2c, 0x9, 0x40,
    0x16, 0x22, 0x79, 0x1f, 0x34, 0x57, 0x81, 0xb,
    0x0, 0x37, 0xee, 0x81, 0x94, 0xa, 0x0, 0x73,
    0x17, 0x50, 0xe6, 0xa, 0x80, 0x20, 0x70, 0x52,
    0x0, 0x30, 0x13, 0x57, 0x9b, 0xde, 0xfd, 0x8,
    0x0, 0x16, 0x8f, 0x80, 0x8, 0x3b, 0x96, 0xf4,
    0xc9, 0x96, 0x5, 0x3c, 0x7, 0x82, 0xf7, 0x9f,
    0xa0, 0x21, 0xc4, 0x1, 0xb, 0x0, 0x18, 0x82,
    0x84, 0x19, 0x84, 0xb0, 0x1, 0x18, 0x18, 0x7,
    0xf6, 0x8b, 0x57, 0x72, 0x9c, 0x2, 0x60, 0x10,
    0xf, 0xe4, 0xe9, 0x51, 0x0, 0xf1, 0x98, 0x3,
    0xff, 0x86, 0x71, 0xa2, 0xa, 0x8, 0x1, 0xf2,
    0x38, 0x0, 0x56, 0xbb, 0x1c, 0xc, 0x20, 0x2c,
    0x3, 0xe1, 0x82, 0x9e, 0xa5, 0x38, 0xdd, 0x15,
    0x12, 0x98, 0x7, 0xc4, 0x7, 0xc7, 0x1b, 0xa7,
    0x25, 0xd5, 0x2b, 0x0, 0xe2, 0x99, 0x50, 0x89,
    0xf1, 0xc8, 0x2, 0xf2, 0x6d, 0x10, 0xc, 0xe2,
    0xcc, 0x28, 0x0, 0xfd, 0x7b, 0x20, 0x1e, 0x8f,
    0xfc, 0xc0,

    /* U+7EE7 "继" */
    0x0, 0xff, 0xe7, 0x9f, 0x30, 0x4, 0x62, 0x1,
    0xa3, 0xc0, 0x3f, 0xac, 0x4c, 0x0, 0x39, 0x2,
    0x80, 0x1, 0x0, 0x8c, 0xc0, 0x1c, 0xc2, 0xa0,
    0x1c, 0xb6, 0x20, 0x1d, 0x1c, 0x1, 0x94, 0x64,
    0x3, 0xc8, 0x2c, 0x1, 0x85, 0x2c, 0x3, 0x40,
    0xb8, 0x7, 0xcf, 0x40, 0x19, 0x85, 0x80, 0x25,
    0x29, 0x0, 0x5c, 0x80, 0x6d, 0x21, 0x0, 0xa6,
    0x40, 0x1a, 0xc9, 0xc1, 0x10, 0x40, 0x19, 0x28,
    0x40, 0x2b, 0x70, 0xa, 0x46, 0x91, 0xa4, 0x28,
    0x2, 0x78, 0xd8, 0x50, 0x8d, 0x88, 0x19, 0x30,
    0x45, 0xc9, 0x48, 0x80, 0x50, 0xef, 0x18, 0x3b,
    0xe4, 0x25, 0x7a, 0x90, 0x36, 0x0, 0xdf, 0xf5,
    0x0, 0x1f, 0xfe, 0x70, 0xa8, 0x5b, 0xe, 0x0,
    0xfd, 0x20, 0x7, 0x40, 0xf, 0x49, 0x51, 0x0,
    0x7c, 0xa6, 0x80, 0xf6, 0x40, 0x19, 0x9a, 0x53,
    0x66, 0x0, 0x61, 0xb6, 0x20, 0x83, 0xc1, 0x0,
    0x2c, 0x82, 0x7e, 0x4e, 0x80, 0x6a, 0x8, 0x0,
    0xb8, 0x68, 0x1, 0x60, 0x1, 0x6a, 0xdb, 0x0,
    0xa5, 0x20, 0x40, 0x22, 0x94, 0x20, 0xbb, 0x7e,
    0x4a, 0x90, 0x6, 0x16, 0x60, 0x7, 0x36, 0x10,
    0x2a, 0x0, 0x7f, 0x44, 0x80, 0x7c, 0x60, 0x1c,
    0x4d, 0x3b, 0xe0, 0x1f, 0xfc, 0x21, 0x8c, 0xfd,
    0x96, 0x17, 0x0, 0xfa, 0x38, 0x3, 0x85, 0xcd,
    0x23, 0x3f, 0x20, 0x0, 0xdf, 0xfb, 0xb9, 0xff,
    0xb0, 0x33, 0xed, 0xcc, 0x2, 0x15, 0x5f, 0xfe,
    0x2, 0x0,

    /* U+7EEA "绪" */
    0x0, 0xd0, 0xc0, 0x1f, 0x47, 0x80, 0x7f, 0xf0,
    0x1e, 0x80, 0x3e, 0x10, 0x10, 0x8, 0x98, 0x40,
    0x33, 0x4, 0x80, 0x61, 0x18, 0x0, 0x62, 0x20,
    0x99, 0x10, 0x6, 0xb1, 0x50, 0xa, 0xfb, 0xa6,
    0xd, 0xee, 0x3a, 0x29, 0x80, 0x48, 0x50, 0x1,
    0xb5, 0xde, 0x20, 0x67, 0x68, 0xb, 0x0, 0xd0,
    0x2c, 0x9, 0x22, 0xd1, 0x12, 0x4, 0x40, 0xc2,
    0x44, 0x2, 0x53, 0xb0, 0x4, 0xb8, 0x80, 0x7c,
    0xea, 0xa6, 0x0, 0x86, 0xc4, 0xde, 0xca, 0xf7,
    0x79, 0x83, 0xe0, 0x13, 0x76, 0xa, 0x11, 0x4c,
    0x22, 0x15, 0x84, 0x71, 0x80, 0x88, 0xc8, 0x46,
    0x3, 0x7a, 0xd3, 0xa, 0xb, 0xcc, 0xc8, 0x5,
    0xf9, 0x9c, 0x11, 0x5, 0x51, 0xd0, 0x80, 0x61,
    0xc7, 0x3c, 0x10, 0xf, 0xc9, 0xc, 0xa0, 0x19,
    0xb8, 0xc1, 0x62, 0x67, 0x38, 0x4, 0x54, 0x72,
    0x28, 0x49, 0xb2, 0x1, 0x33, 0x7a, 0xc0, 0x5,
    0xe2, 0x1d, 0xcb, 0x8b, 0x25, 0x12, 0xff, 0xf0,
    0x6, 0x82, 0x3, 0x27, 0xbb, 0x56, 0x51, 0x80,
    0x7f, 0xd2, 0xf9, 0xf9, 0x8, 0x2a, 0x60, 0x3,
    0x88, 0xf0, 0x6, 0x38, 0x30, 0xf, 0xe1, 0x77,
    0xf0, 0x7, 0xe1, 0x59, 0xd3, 0x0, 0x8b, 0xff,
    0xc0, 0x18, 0x9a, 0xbb, 0x94, 0xcc, 0x10, 0xf,
    0xfe, 0x15, 0xca, 0x93, 0xe7, 0xd9, 0x0, 0x45,
    0x33, 0xe0, 0xd, 0x57, 0xf9, 0x6, 0x1, 0xf3,
    0x37, 0x80, 0x31, 0xa0, 0x7, 0xf8, 0xbf, 0xfc,
    0x1, 0xff, 0xc3, 0xcc, 0x0, 0x7b, 0xf0, 0x0,

    /* U+7EED "续" */
    0x0, 0xff, 0xe1, 0x98, 0x80, 0x7f, 0xdb, 0x0,
    0x1f, 0x1e, 0x48, 0x7, 0xf9, 0xb, 0xc0, 0x3f,
    0xf9, 0x1e, 0xc, 0x1, 0x3f, 0xfd, 0x80, 0xff,
    0xf8, 0x3, 0x8d, 0x18, 0x40, 0x23, 0x66, 0x94,
    0xd, 0x9b, 0x0, 0x74, 0x4, 0x0, 0x64, 0x99,
    0xc0, 0x93, 0x38, 0x3, 0x1a, 0x38, 0x85, 0x98,
    0x7, 0xff, 0x13, 0xca, 0x1, 0x91, 0x5b, 0xff,
    0x60, 0x3f, 0xff, 0x8, 0x39, 0xc8, 0x9c, 0x13,
    0x2b, 0xbf, 0xf8, 0x8, 0x4a, 0x2, 0xfb, 0x6,
    0x40, 0xe2, 0x82, 0x21, 0xc7, 0x31, 0x21, 0x40,
    0x4a, 0xf3, 0x20, 0x54, 0x0, 0x85, 0x78, 0xf9,
    0xc, 0x18, 0x18, 0x1, 0x50, 0xd4, 0x36, 0x1,
    0x31, 0x6a, 0x70, 0x6, 0x4a, 0x10, 0xc, 0xe7,
    0x62, 0x0, 0x1b, 0xf4, 0xac, 0x0, 0x18, 0x1a,
    0x80, 0x64, 0x85, 0x9, 0xd3, 0x1d, 0x7b, 0x41,
    0x10, 0x8, 0x7, 0x8e, 0x81, 0x69, 0x98, 0x20,
    0x9, 0x92, 0x2, 0x80, 0x7e, 0xd1, 0x27, 0xbf,
    0xb3, 0xff, 0xa7, 0xfc, 0x61, 0xff, 0xca, 0x13,
    0xba, 0x84, 0x0, 0xb, 0x37, 0x18, 0x23, 0x37,
    0x38, 0x39, 0x0, 0x4b, 0x69, 0x33, 0xc4, 0x15,
    0xb3, 0x38, 0x80, 0x24, 0xaf, 0xa5, 0x0, 0xeb,
    0x18, 0x5b, 0xc2, 0x0, 0xd3, 0xd6, 0xaa, 0xbe,
    0x40, 0x0, 0xda, 0x21, 0xd2, 0xcb, 0x10, 0x2,
    0x62, 0x9e, 0xa4, 0x0, 0x97, 0xd1, 0x16, 0x0,
    0x4c, 0x3b, 0x60, 0x7, 0x63, 0x8, 0x4, 0x5b,
    0x43, 0x16, 0x1, 0x8b, 0xe, 0x58, 0x4, 0x3,
    0xc4, 0x8d, 0xce, 0x1, 0xe1, 0xc4, 0x40,

    /* U+7F16 "编" */
    0x0, 0xff, 0xe1, 0x90, 0x7, 0xfc, 0x9e, 0xa0,
    0x1f, 0x3e, 0xb8, 0x7, 0xfb, 0x41, 0x80, 0x3e,
    0x60, 0x90, 0xf, 0xf3, 0x11, 0x80, 0x12, 0x67,
    0x40, 0x8a, 0xa6, 0x68, 0x0, 0xcc, 0x16, 0x1,
    0x1b, 0x37, 0x8, 0x2b, 0x36, 0x0, 0xd6, 0x2c,
    0x1, 0xdb, 0xff, 0xf8, 0xc0, 0x32, 0x94, 0x2,
    0xe9, 0x0, 0x7f, 0xf1, 0x20, 0x98, 0x24, 0xc8,
    0x1, 0x6e, 0xff, 0x84, 0x2, 0x82, 0xb4, 0x83,
    0x80, 0x9, 0xa2, 0x3f, 0x10, 0x0, 0x9c, 0x26,
    0xdc, 0x98, 0x2, 0xcf, 0xff, 0xee, 0x2, 0x56,
    0x94, 0x9, 0x0, 0x78, 0x8, 0x7, 0xff, 0x2,
    0xa5, 0x10, 0xa8, 0x1, 0xa3, 0x77, 0xfb, 0x88,
    0x2, 0xe1, 0xb0, 0x8, 0x40, 0x4d, 0xd8, 0x9c,
    0x49, 0xd8, 0x40, 0x28, 0x3a, 0x35, 0x50, 0x18,
    0x9, 0x54, 0x5, 0x40, 0xd7, 0x80, 0x4c, 0xe1,
    0x5b, 0x5c, 0xc, 0x40, 0x1f, 0xfc, 0x19, 0x2,
    0x7a, 0xdb, 0x2, 0x60, 0xf, 0xfe, 0xd, 0x6e,
    0xa5, 0x48, 0x0, 0x26, 0x7, 0xf8, 0x1f, 0x63,
    0xf6, 0x1, 0x29, 0x0, 0xa, 0x2d, 0x3, 0x40,
    0x61, 0x82, 0x14, 0x21, 0x80, 0x39, 0x2f, 0x5c,
    0x70, 0x1c, 0x9, 0xe8, 0x1f, 0x85, 0xf4, 0x2,
    0x7d, 0xb4, 0x5c, 0xa4, 0x22, 0x0, 0x7f, 0xf0,
    0x6, 0x9, 0xb6, 0x8c, 0x8d, 0x40, 0x3f, 0xf8,
    0x23, 0x3d, 0x24, 0x0, 0xa0, 0x90, 0xf, 0xe3,
    0xc0, 0x9, 0x84, 0x3, 0x45, 0x8, 0x6, 0x3f,
    0x4, 0xe6, 0x73, 0x20,

    /* U+7F6E "置" */
    0x0, 0x22, 0x7f, 0xf1, 0x84, 0x0, 0x77, 0x7f,
    0xfc, 0x66, 0x0, 0xcf, 0xff, 0x28, 0x7f, 0xdc,
    0xb, 0xff, 0x50, 0x7, 0xff, 0xc, 0x40, 0x3f,
    0xf8, 0xd, 0x99, 0x20, 0x66, 0x60, 0x4c, 0xca,
    0x0, 0x31, 0x3b, 0x22, 0x4c, 0xea, 0x62, 0x8e,
    0xc8, 0x92, 0xba, 0x0, 0x53, 0x3f, 0x68, 0x24,
    0xcf, 0xe2, 0x6, 0xee, 0xfd, 0x60, 0xdd, 0xdf,
    0xc2, 0x95, 0x5f, 0x90, 0x22, 0xab, 0xf8, 0x49,
    0x57, 0xf3, 0x83, 0xaa, 0xff, 0x0, 0x67, 0xff,
    0xe3, 0xf, 0xff, 0x98, 0x3, 0xf4, 0xe6, 0x7f,
    0x9c, 0x3, 0xfd, 0x3b, 0xbf, 0xe7, 0x0, 0xff,
    0x4e, 0xef, 0xf9, 0xc0, 0x3f, 0xe1, 0x1f, 0xf7,
    0x80, 0x7f, 0xa7, 0x77, 0xfd, 0x0, 0x1f, 0xeb,
    0xff, 0xff, 0x48, 0x7, 0xfa, 0xff, 0xff, 0xd2,
    0x1, 0xfe, 0x9d, 0xdf, 0xf4, 0x0, 0x7f, 0x88,
    0xbf, 0xe1, 0x0, 0xea, 0xff, 0x40, 0x5f, 0xff,
    0xfa, 0x42, 0x7f, 0xd7, 0x35, 0x5f, 0xfc, 0x88,

    /* U+80A9 "肩" */
    0x0, 0xff, 0xa, 0x80, 0x7f, 0xf1, 0xf6, 0x94,
    0x3, 0xff, 0x8d, 0xc1, 0x62, 0x1, 0xfe, 0xaf,
    0xff, 0x68, 0xf, 0x7f, 0xf8, 0x40, 0x21, 0x5,
    0x66, 0xff, 0xe0, 0x10, 0x18, 0x7, 0x5c, 0xcf,
    0xff, 0x1, 0xc0, 0x3f, 0xfa, 0x17, 0x33, 0xff,
    0xc0, 0x70, 0xf, 0x95, 0x9b, 0xff, 0x80, 0x40,
    0x60, 0x1d, 0xdf, 0xff, 0xfc, 0x21, 0x0, 0x9c,
    0x5, 0x5d, 0xff, 0xf8, 0x28, 0x1, 0xee, 0x88,
    0xff, 0xe0, 0xf0, 0x4, 0x40, 0x1b, 0xbf, 0xff,
    0xb0, 0x3, 0x84, 0x80, 0x3f, 0xf8, 0xc2, 0xc,
    0x1, 0x77, 0xff, 0xf6, 0x0, 0x65, 0x2, 0x0,
    0xaa, 0xef, 0xfa, 0x40, 0x31, 0x87, 0x80, 0x48,
    0x9f, 0xe5, 0x0, 0xd8, 0x8, 0x1, 0x3a, 0xaf,
    0xf2, 0x0, 0x64, 0x12, 0x0, 0xa6, 0xab, 0xfa,
    0x0, 0x26, 0x7, 0x0, 0xdd, 0xff, 0xfd, 0x80,
    0x14, 0x5, 0x80, 0x7f, 0xf1, 0x48, 0xd4, 0x80,
    0x3f, 0xe4, 0x88, 0x48, 0x19, 0x6d, 0x80, 0x7f,
    0xf0, 0x5d, 0xca, 0x76, 0x0, 0x10, 0xa, 0xfc,
    0x40, 0x3c, 0x9f, 0xf6, 0x10,

    /* U+8109 "脉" */
    0x0, 0x84, 0x2, 0x10, 0xc, 0x58, 0xe2, 0x1,
    0xfe, 0xde, 0xff, 0xba, 0xc0, 0x26, 0x78, 0xec,
    0x50, 0xf, 0xe1, 0x66, 0x80, 0x39, 0x2f, 0xa0,
    0x6b, 0x88, 0x3, 0xe2, 0x99, 0x84, 0x3, 0xc2,
    0xfb, 0x68, 0x40, 0x1f, 0xfc, 0x23, 0xbb, 0xf2,
    0x50, 0x7, 0xff, 0xd, 0x91, 0x3c, 0x20, 0x1f,
    0xc7, 0xbb, 0x8, 0x1, 0x7f, 0xf2, 0x80, 0x61,
    0x50, 0xf, 0x11, 0x40, 0x1f, 0xe5, 0x0, 0x55,
    0x18, 0x3, 0x1f, 0xfc, 0x20, 0x1c, 0x20, 0x16,
    0x3, 0xa2, 0x18, 0x3, 0xfc, 0xff, 0xf7, 0x30,
    0x1, 0x52, 0xe, 0xc0, 0x3f, 0xe3, 0x55, 0x20,
    0x10, 0x0, 0xac, 0xf4, 0x3, 0xff, 0x80, 0x95,
    0x4c, 0x5, 0x0, 0x8b, 0x44, 0x3, 0xc7, 0xff,
    0x8, 0x6, 0xc2, 0x10, 0x2, 0x98, 0x80, 0x78,
    0xc5, 0x12, 0x0, 0xc4, 0x8a, 0x1, 0x70, 0xb8,
    0x7, 0x85, 0xee, 0xe1, 0x0, 0xac, 0x28, 0x2,
    0x53, 0x91, 0x0, 0xc2, 0x2, 0x1, 0xe2, 0x63,
    0x20, 0xd, 0x3, 0x60, 0x18, 0x83, 0x80, 0x3d,
    0xc1, 0xe0, 0x1c, 0x88, 0x56, 0x0, 0x98, 0x8,
    0x3, 0x3d, 0x1b, 0x18, 0x7, 0xa8, 0x65, 0x80,
    0x18, 0xa, 0x1, 0x85, 0xe, 0x40, 0x3e, 0x1a,
    0xa, 0x0, 0x21, 0x8, 0x6, 0x6a, 0xd0, 0xf,
    0xe4, 0xbd, 0x2, 0x22, 0x2, 0xd5, 0x88, 0x90,
    0x41, 0x6a, 0x88, 0x2, 0x1, 0x20, 0x80, 0x12,
    0x80, 0x55, 0xe, 0x40, 0x26, 0x55, 0xb, 0x80,
    0x7c, 0x56, 0x60, 0x9f, 0xec, 0x30, 0x8, 0xfb,
    0xfd, 0x0, 0x1f, 0x0,

    /* U+8170 "腰" */
    0x0, 0x9, 0x91, 0xc, 0x80, 0x3f, 0xf8, 0xbb,
    0x9b, 0xac, 0xc0, 0x6e, 0xff, 0xf0, 0x50, 0x2,
    0x28, 0x81, 0x0, 0x4, 0x71, 0x10, 0x40, 0x80,
    0x46, 0x0, 0xcc, 0xef, 0x0, 0x33, 0x31, 0x2e,
    0x70, 0x4e, 0x64, 0x80, 0x1f, 0xc4, 0xab, 0x1b,
    0x2d, 0x86, 0x2a, 0x8c, 0x3, 0xfc, 0x95, 0x50,
    0x9d, 0x38, 0x3d, 0x52, 0x40, 0x32, 0xd5, 0x10,
    0x3, 0x66, 0x9a, 0x6d, 0x5, 0x68, 0x80, 0x70,
    0xaa, 0x84, 0x3, 0x11, 0x1c, 0x49, 0x81, 0x88,
    0x3, 0xc9, 0xfe, 0x50, 0xf, 0xfe, 0x7d, 0x5a,
    0xa5, 0xf8, 0x7d, 0x88, 0x7, 0xfc, 0x64, 0xcc,
    0x33, 0x30, 0x90, 0xb1, 0x10, 0x2, 0x10, 0xf,
    0x2e, 0xec, 0xa1, 0xfb, 0xbd, 0x0, 0x19, 0x3f,
    0xca, 0x1, 0xc2, 0xe0, 0x40, 0x1f, 0xc6, 0x26,
    0x61, 0x0, 0x7f, 0xdc, 0x5, 0xff, 0xf4, 0x80,
    0x5, 0xf3, 0x8, 0x0, 0x77, 0x28, 0x13, 0xbe,
    0x40, 0x57, 0xd0, 0xb, 0x80, 0x3a, 0x20, 0x0,
    0xe8, 0x8c, 0xe1, 0x70, 0x80, 0x40, 0x40, 0x1e,
    0x55, 0x21, 0x80, 0x4a, 0x6c, 0x20, 0x13, 0x3,
    0x0, 0x7b, 0x1, 0x3a, 0x4c, 0xac, 0x60, 0x3,
    0x18, 0x18, 0x7, 0xa7, 0xed, 0x1b, 0x34, 0x6c,
    0x40, 0x36, 0x10, 0x7, 0xf2, 0x72, 0x0, 0x55,
    0x42, 0x0, 0xa, 0x20, 0x22, 0xe, 0x60, 0x6d,
    0x3d, 0x68, 0xfd, 0x88, 0xbb, 0x42, 0x43, 0x40,
    0x8e, 0x76, 0x1f, 0x2c, 0xb3, 0xd0, 0x27, 0x78,
    0x8a, 0x47, 0xe6, 0x19, 0xfc, 0xc1, 0xdb, 0xf6,
    0xc2, 0x1, 0x8e, 0xf8, 0xc0,

    /* U+819D "膝" */
    0x0, 0xff, 0xe1, 0x91, 0x0, 0x3f, 0x8d, 0x57,
    0x31, 0x80, 0x7b, 0x38, 0x3, 0xfa, 0xab, 0xa6,
    0x40, 0x1f, 0xfc, 0x7a, 0xa8, 0x0, 0xdf, 0xfc,
    0x27, 0xff, 0xd2, 0x1, 0xca, 0xb0, 0x0, 0x95,
    0x64, 0x0, 0xc4, 0xab, 0x78, 0x7, 0xf9, 0x2a,
    0x96, 0xc2, 0x4, 0x85, 0x95, 0x46, 0x0, 0xff,
    0xe0, 0x1f, 0x9e, 0x8, 0xad, 0xa6, 0x0, 0x3e,
    0xaa, 0x80, 0x28, 0xc0, 0xc2, 0x0, 0xa5, 0xdd,
    0x20, 0x1e, 0x55, 0x80, 0x75, 0xd3, 0xc8, 0x15,
    0x0, 0x10, 0xec, 0xe0, 0x1d, 0xff, 0x0, 0xc5,
    0x58, 0x83, 0x23, 0x8, 0x2, 0x25, 0x80, 0x3f,
    0xca, 0xa0, 0x3, 0x4a, 0x9f, 0x98, 0x1, 0x84,
    0x3, 0xff, 0x83, 0x32, 0x5a, 0xc2, 0xc7, 0x0,
    0xf1, 0x80, 0x7c, 0xba, 0xcf, 0x46, 0x6c, 0x68,
    0xe6, 0x0, 0xf7, 0xfc, 0xd, 0xb4, 0x19, 0x1,
    0xb2, 0x13, 0x85, 0x3c, 0x20, 0x1, 0x4, 0x48,
    0x19, 0x25, 0x18, 0x3, 0xcf, 0x75, 0x2, 0x0,
    0x73, 0xbb, 0x80, 0x12, 0xc1, 0x4a, 0x1, 0x8e,
    0xec, 0xac, 0x1, 0x13, 0x0, 0x7d, 0x29, 0x42,
    0xe, 0x5a, 0x78, 0x1, 0xc2, 0x60, 0x1f, 0xa9,
    0x58, 0x4f, 0x4b, 0x0, 0x38, 0x83, 0xc0, 0x3f,
    0x3a, 0x40, 0x11, 0xe, 0x0, 0x39, 0x1, 0x40,
    0x3c, 0xdd, 0x29, 0xa2, 0xda, 0xee, 0xd2, 0x0,
    0xb0, 0xc, 0x3, 0xaa, 0x57, 0x28, 0x80, 0x28,
    0xb3, 0xd3, 0x0, 0x2a, 0x2, 0xd5, 0x81, 0xcd,
    0xd8, 0x95, 0x42, 0x1, 0x27, 0xb1, 0x80, 0x1f,
    0x80, 0x55, 0xe, 0xcd, 0x0, 0x6a, 0x83, 0xc0,
    0x10, 0xc8, 0x0,

    /* U+81EA "自" */
    0x0, 0xfc, 0x62, 0x1, 0xff, 0xc3, 0x4c, 0xd0,
    0xf, 0xfe, 0x1e, 0x5, 0x0, 0x7f, 0xf0, 0xd4,
    0x18, 0x3, 0xf0, 0xff, 0xf8, 0x83, 0xff, 0xf2,
    0x80, 0x46, 0x7f, 0xfc, 0x1, 0x3, 0x0, 0x26,
    0x67, 0xff, 0x1, 0x80, 0x3f, 0xfb, 0x8b, 0x55,
    0xff, 0xc0, 0x50, 0xc, 0x2a, 0xbf, 0xfc, 0x2,
    0x0, 0xc7, 0xff, 0xff, 0xc0, 0x70, 0xc, 0xe0,
    0x1f, 0xfd, 0x75, 0x99, 0xff, 0xe0, 0x20, 0x6,
    0x16, 0x6f, 0xfe, 0x1, 0x80, 0x63, 0xdd, 0xff,
    0xe0, 0x30, 0x6, 0x72, 0x2f, 0xfe, 0x0, 0x80,
    0x7f, 0xf2, 0x9c, 0x3, 0xff, 0x8a, 0x7f, 0xff,
    0xfc, 0x7, 0x0, 0xc2, 0xab, 0xff, 0xc0, 0x20,
    0xc, 0xb5, 0x5f, 0xfc, 0x5, 0x0, 0xf, 0x50,
    0x7, 0xff, 0x2, 0x3d, 0x80,

    /* U+8282 "节" */
    0x0, 0xf3, 0x20, 0x7, 0x91, 0x80, 0x3f, 0xe1,
    0x98, 0x0, 0xf4, 0x48, 0x80, 0x7f, 0xf3, 0xde,
    0xab, 0x80, 0xaa, 0xbc, 0x61, 0x55, 0xcf, 0x8a,
    0xb9, 0x0, 0x55, 0x7c, 0x0, 0x45, 0x5d, 0x97,
    0xdd, 0xb4, 0xf, 0xbb, 0xc4, 0x1b, 0xdd, 0xac,
    0x4, 0x71, 0x80, 0x4, 0x7e, 0x3, 0x11, 0xc0,
    0x1e, 0x12, 0x60, 0xf, 0x31, 0x0, 0x7f, 0xf0,
    0x36, 0x80, 0x3d, 0x5a, 0x20, 0x1e, 0x7b, 0xbf,
    0xfe, 0x28, 0x80, 0x5a, 0x89, 0xff, 0xc5, 0x30,
    0xa, 0xbf, 0xfa, 0x81, 0xff, 0xfe, 0x40, 0xf,
    0xff, 0xf8, 0x7, 0xff, 0xfa, 0xff, 0xe4, 0x2,
    0x0, 0xff, 0xe1, 0xe9, 0x9c, 0xb6, 0x1, 0xff,
    0xc4, 0x6c, 0xca, 0x90, 0x3, 0xff, 0xc6,

    /* U+884C "行" */
    0x0, 0xff, 0xe8, 0xf, 0x60, 0x7, 0xff, 0x23,
    0x46, 0xc0, 0x3, 0x77, 0xff, 0x38, 0x6, 0xc3,
    0x67, 0x0, 0x1a, 0x27, 0xfd, 0x80, 0x1, 0xc3,
    0x59, 0x0, 0x8b, 0xff, 0xfe, 0xb0, 0x3f, 0x35,
    0xa0, 0xf, 0xfe, 0x34, 0x8b, 0xd0, 0x2, 0xdc,
    0x3, 0xff, 0x87, 0x75, 0x0, 0x7, 0x4e, 0x0,
    0xff, 0xe1, 0x8a, 0x80, 0xe, 0x6, 0x0, 0x3f,
    0xf8, 0xc3, 0xa1, 0x43, 0x1d, 0xdf, 0xfc, 0xc,
    0x0, 0x87, 0x5, 0x50, 0x0, 0x67, 0xf8, 0x44,
    0x66, 0x0, 0x87, 0x48, 0xc, 0x1, 0x1b, 0xbf,
    0x60, 0x26, 0xeb, 0x0, 0xb0, 0xc8, 0x3, 0xff,
    0x8f, 0x84, 0x9c, 0x1, 0xff, 0xc7, 0xa6, 0xb1,
    0x0, 0xff, 0xe3, 0xa4, 0x80, 0x7f, 0xff, 0xc0,
    0x3f, 0xff, 0xa7, 0x77, 0x68, 0x8, 0x7, 0xff,
    0x10, 0xd1, 0x23, 0x34, 0x0, 0x7c, 0x5f, 0x20,
    0x1f, 0x7f, 0xec, 0x20, 0x8,

    /* U+89D2 "角" */
    0x0, 0xf0, 0x88, 0x3, 0xff, 0x8d, 0x7c, 0xe0,
    0x1f, 0xfc, 0x44, 0x50, 0xe9, 0x9e, 0xa6, 0x0,
    0xfc, 0x34, 0x0, 0x66, 0xf2, 0xc9, 0x0, 0x7d,
    0x42, 0xdf, 0xfe, 0x50, 0x82, 0x0, 0xf4, 0xa1,
    0xc8, 0x7, 0x3a, 0xa9, 0xc0, 0x3d, 0x2c, 0xd,
    0x33, 0xd5, 0x0, 0x9, 0x9a, 0x9c, 0x6d, 0x80,
    0xa, 0xcd, 0xca, 0x0, 0x56, 0x69, 0x6a, 0x50,
    0xd0, 0x33, 0xff, 0x18, 0x6f, 0xff, 0x0, 0x22,
    0x70, 0x40, 0x40, 0x3c, 0x60, 0x1f, 0x98, 0x3,
    0xff, 0x97, 0xbf, 0xf8, 0xc3, 0xbf, 0xf8, 0x3,
    0xe4, 0x55, 0xc2, 0xa, 0xbe, 0x0, 0xe1, 0x9,
    0xaa, 0xc4, 0x17, 0x55, 0xc0, 0x1f, 0x18, 0x7,
    0xff, 0x15, 0x80, 0x3f, 0x18, 0x7, 0xf8, 0x83,
    0xbf, 0xf1, 0x86, 0xff, 0xf0, 0x6, 0x20, 0x26,
    0x6e, 0x10, 0x66, 0xf0, 0x6, 0x40, 0xb9, 0x9e,
    0x20, 0x89, 0x9e, 0x0, 0xd4, 0xe, 0x1, 0xff,
    0xc4, 0x43, 0x51, 0x0, 0xff, 0xe1, 0x8d, 0x4,
    0x0, 0x7f, 0xaa, 0xed, 0x80, 0x2a, 0x30, 0x40,
    0x1f, 0xe3, 0x44, 0x19, 0xbd, 0x39, 0xc0, 0x3e,
    0xcf, 0x10, 0x9f, 0xfb, 0xc,

    /* U+8BA4 "认" */
    0x0, 0xff, 0xe1, 0x19, 0x0, 0x7f, 0xa0, 0x40,
    0x3f, 0x16, 0x40, 0x7, 0xf2, 0xbe, 0x10, 0x7,
    0xff, 0x1d, 0x60, 0xb0, 0x80, 0x3c, 0x20, 0x1f,
    0xfc, 0x7, 0x91, 0xc0, 0xf, 0xc6, 0x1, 0xff,
    0x34, 0x58, 0x7, 0xff, 0x25, 0xd4, 0x3, 0xce,
    0x2, 0x1, 0xff, 0xca, 0xf0, 0xf, 0xaa, 0xee,
    0xc9, 0x0, 0xf8, 0x43, 0xc0, 0x3e, 0x54, 0x48,
    0xd0, 0x3, 0xe2, 0x3, 0x0, 0xfb, 0xff, 0x8,
    0x7, 0xef, 0x5, 0x0, 0xff, 0xe4, 0x18, 0x8,
    0x80, 0x3f, 0xf8, 0xec, 0x0, 0x40, 0xf, 0xfe,
    0x30, 0x91, 0x87, 0x80, 0x7f, 0xf1, 0x90, 0x11,
    0xa, 0x1, 0xff, 0xc6, 0xf0, 0xbe, 0x6, 0x0,
    0xff, 0xe0, 0xc0, 0x0, 0x54, 0x4d, 0x42, 0xc0,
    0x3f, 0xe4, 0xd7, 0x20, 0x90, 0x90, 0x3, 0x93,
    0x0, 0x7e, 0x12, 0xb3, 0xb2, 0x23, 0x8b, 0x80,
    0x24, 0x24, 0x40, 0x3c, 0x80, 0x4, 0xf4, 0xf,
    0x8, 0x0, 0x86, 0x43, 0x40, 0x3d, 0x41, 0x36,
    0x21, 0x84, 0xac, 0x1, 0x99, 0x4f, 0x4, 0x3,
    0x4e, 0x30, 0x3, 0xd, 0x28, 0x3, 0xd4, 0x87,
    0xa0, 0x19, 0xcc, 0x2, 0xe6, 0xb0, 0xf, 0xd6,
    0xfc, 0x0,

    /* U+8BBE "设" */
    0x0, 0x8c, 0x40, 0x3e, 0x21, 0x1c, 0x42, 0x1,
    0xe1, 0xdf, 0x20, 0xe, 0x7d, 0xee, 0xdb, 0xc0,
    0x1e, 0x1a, 0x1c, 0x20, 0xf, 0x23, 0x34, 0x20,
    0x1f, 0x92, 0xc7, 0x8, 0x3, 0xbe, 0x66, 0x50,
    0xf, 0xe4, 0xb3, 0x30, 0x5, 0xe0, 0xe0, 0x1f,
    0xfc, 0x24, 0xd1, 0x0, 0x94, 0xc, 0x3, 0xff,
    0x8e, 0xc4, 0xc0, 0x1f, 0xe2, 0xbb, 0xd4, 0x1,
    0x3c, 0x8c, 0x0, 0x62, 0xe, 0xe9, 0x5, 0x13,
    0x28, 0x3, 0x60, 0xb0, 0x40, 0x34, 0x32, 0xa9,
    0x1c, 0xff, 0xe3, 0x0, 0xad, 0xf4, 0x80, 0x38,
    0x66, 0xed, 0x46, 0x1, 0xf9, 0xa, 0xab, 0xfa,
    0xe0, 0x3, 0xfc, 0x2a, 0xbf, 0xe4, 0x60, 0xf,
    0xf1, 0xf0, 0x27, 0xff, 0xa8, 0x18, 0x3, 0xfe,
    0x16, 0x44, 0x0, 0x74, 0x4, 0x80, 0x7f, 0xf0,
    0x20, 0x68, 0x40, 0x29, 0x28, 0x10, 0xf, 0xf0,
    0x80, 0xd0, 0xe8, 0x1, 0x98, 0x6e, 0x1, 0xfe,
    0x9a, 0x0, 0x23, 0x9e, 0x44, 0x96, 0x80, 0x7f,
    0xb1, 0x84, 0x2, 0x86, 0x37, 0x1f, 0x10, 0xf,
    0xc6, 0x7, 0x14, 0x1, 0x3b, 0x80, 0x3, 0x62,
    0x1, 0xf4, 0x80, 0xe3, 0x81, 0xc7, 0x40, 0x4e,
    0x13, 0x75, 0x20, 0x7, 0x71, 0xf9, 0x86, 0xe3,
    0x84, 0x73, 0x1e, 0xc9, 0x2d, 0xfa, 0x80, 0x4f,
    0x82, 0x0, 0xb6, 0xbe, 0x70, 0xc, 0xdb, 0x6c,
    0x8a,

    /* U+8C03 "调" */
    0x0, 0x98, 0x3, 0xc2, 0x1, 0xfc, 0x20, 0x13,
    0x4e, 0x8, 0x5, 0xfd, 0xff, 0xfd, 0xdc, 0x0,
    0x34, 0x1e, 0x10, 0x4, 0x4c, 0xdf, 0xc2, 0x1,
    0x9e, 0x4b, 0xc0, 0x24, 0x99, 0xb1, 0xa2, 0x66,
    0x50, 0xe, 0x68, 0xa0, 0xf, 0xe3, 0x0, 0xff,
    0x3b, 0x80, 0x3a, 0xfe, 0x83, 0x7f, 0x0, 0x3f,
    0xf8, 0x7d, 0xa, 0xf, 0x12, 0x1, 0x16, 0x65,
    0xb8, 0x1, 0xe5, 0x7f, 0xa, 0x75, 0x0, 0x84,
    0xce, 0x23, 0x0, 0xff, 0xe2, 0x1f, 0xfc, 0x60,
    0x1e, 0x6f, 0xf5, 0x6, 0xff, 0x98, 0x3, 0xff,
    0x82, 0x93, 0x3f, 0x20, 0x7, 0xff, 0x4, 0x99,
    0xbe, 0x20, 0xf, 0xf0, 0x80, 0x82, 0x3b, 0x36,
    0x20, 0xf, 0xf8, 0xc3, 0xc2, 0x21, 0x33, 0x94,
    0x3, 0xfe, 0x10, 0x20, 0x2, 0xff, 0xc2, 0x1,
    0xff, 0xc0, 0x60, 0x60, 0xf, 0xfe, 0x28, 0xce,
    0x81, 0x0, 0x19, 0x56, 0x10, 0xf, 0xf7, 0xb3,
    0x90, 0x80, 0xe, 0xaa, 0x0, 0xfe, 0x30, 0x19,
    0x4, 0x0, 0x97, 0xbb, 0x38, 0x7, 0xa0, 0x7,
    0x4, 0x34, 0x1, 0xb6, 0x23, 0x80, 0x3e, 0x42,
    0xf2, 0x82, 0x40, 0x0, 0x88, 0x2, 0x79, 0x92,
    0x98, 0x5, 0xb8, 0x20, 0x92, 0x1, 0xfc, 0xcc,
    0x8, 0x0, 0x84, 0x40, 0x36, 0x80, 0x1f, 0x9f,
    0xfd, 0xca,

    /* U+8D34 "贴" */
    0x0, 0xff, 0xe1, 0xa3, 0x0, 0x7f, 0xf2, 0xba,
    0x40, 0x3f, 0xbb, 0xff, 0xe7, 0x0, 0xff, 0xe1,
    0x89, 0x22, 0x70, 0x78, 0x7, 0xff, 0x11, 0x6e,
    0xf5, 0x0, 0x7f, 0xf2, 0x23, 0x0, 0x3f, 0xd3,
    0x3e, 0x20, 0xe, 0x23, 0x0, 0xff, 0x33, 0x7c,
    0x1, 0xff, 0xc5, 0xdd, 0xf2, 0x0, 0x7f, 0xf1,
    0x48, 0xbc, 0x1, 0xff, 0xff, 0x0, 0xc2, 0x1,
    0x9f, 0x32, 0x40, 0xcc, 0xe5, 0x0, 0xf0, 0x80,
    0x77, 0x19, 0x10, 0x4, 0x8b, 0x19, 0x0, 0x79,
    0xc8, 0x3, 0xdd, 0xdf, 0x60, 0x7, 0xe2, 0x60,
    0xf, 0xfe, 0x3b, 0x69, 0xe, 0x80, 0xb6, 0x0,
    0x7f, 0xf0, 0xe5, 0x54, 0x5, 0x65, 0x28, 0x1,
    0xff, 0xc5, 0x92, 0x74, 0xe0, 0xf, 0xfe, 0x34,
    0x8d, 0x94, 0x1b, 0x80, 0x7f, 0xf1, 0x1d, 0x91,
    0x81, 0xce, 0x8, 0x1, 0xff, 0xf6, 0x80, 0x6a,
    0x82, 0xa0, 0xb, 0xc0, 0x40, 0x8, 0x9f, 0x18,
    0x6, 0xd4, 0xc1, 0x0, 0x8f, 0x8c, 0x1, 0x77,
    0xf7, 0x0, 0x67, 0xb1, 0x0, 0xe1, 0x9, 0xe0,
    0xf, 0x8b, 0xdc, 0x0,

    /* U+8F7D "载" */
    0x0, 0xf1, 0x10, 0x3, 0xc4, 0x1, 0xff, 0xc2,
    0xcf, 0x0, 0xe6, 0xd6, 0x5, 0x30, 0xe, 0x13,
    0x3c, 0x0, 0x33, 0xc0, 0x18, 0x63, 0x10, 0x3,
    0x36, 0x66, 0x12, 0xcc, 0xc2, 0x60, 0x1, 0xc2,
    0xb4, 0x0, 0x9b, 0x33, 0x9, 0x66, 0x61, 0x0,
    0xc3, 0x83, 0xc0, 0x10, 0x99, 0xe0, 0x1, 0x9e,
    0x1, 0x1, 0x0, 0xf, 0xd0, 0x2, 0x33, 0x38,
    0x4b, 0x33, 0xa4, 0x2b, 0x32, 0xdc, 0x90, 0x3,
    0xbe, 0x4, 0x43, 0xbf, 0x8, 0x1b, 0xbf, 0x0,
    0x22, 0xee, 0xf3, 0xcb, 0xbf, 0x70, 0x3d, 0xdf,
    0x48, 0x7, 0x70, 0x20, 0x7, 0x8c, 0xc, 0x2,
    0xe7, 0x0, 0x2f, 0xfc, 0xa1, 0x9f, 0xfe, 0x10,
    0x60, 0x2, 0x88, 0x80, 0xe, 0xf1, 0x3, 0x3b,
    0xfc, 0x2, 0x20, 0x7, 0x3, 0x80, 0xa, 0x24,
    0x92, 0x60, 0x36, 0x23, 0x1, 0x10, 0x5, 0x10,
    0x20, 0x1a, 0xc2, 0x40, 0xf, 0xe0, 0x1c, 0xc0,
    0x4c, 0x1e, 0x1, 0x95, 0x43, 0x73, 0x20, 0x49,
    0x99, 0x3, 0x41, 0xe4, 0x90, 0x3, 0x8, 0xb,
    0x34, 0x2, 0xcd, 0x18, 0x18, 0x58, 0xd8, 0x7,
    0x27, 0x7f, 0xe0, 0x5f, 0xf9, 0xc1, 0x40, 0x49,
    0x80, 0x3c, 0x20, 0x1f, 0xc2, 0x2, 0x20, 0x80,
    0x1, 0x90, 0x0, 0x4d, 0x15, 0xe0, 0x13, 0x3b,
    0xf8, 0x18, 0x40, 0x33, 0x68, 0x37, 0x65, 0xd4,
    0x38, 0x8, 0x23, 0x41, 0xc8, 0x2, 0x40, 0x4,
    0x0, 0x55, 0x3c, 0xd6, 0x70, 0x2e, 0x54, 0xa6,
    0x85, 0xa1, 0xb0, 0x61, 0x81, 0xd4, 0x32, 0x98,
    0x80, 0x64, 0xc1, 0xa4, 0x90, 0x9d, 0x44, 0x0,
    0x7f, 0xf0, 0x46, 0x94, 0xb, 0xc, 0x8e, 0x40,
    0x3f, 0x75, 0x80, 0x13, 0x94, 0x2, 0x3c, 0xfc,
    0x10,

    /* U+8F91 "辑" */
    0x0, 0xff, 0xe7, 0xb7, 0xa8, 0x6, 0x36, 0x6f,
    0xe2, 0x0, 0xef, 0x7, 0x0, 0xd5, 0x33, 0xfc,
    0xe0, 0x3, 0x44, 0x81, 0x91, 0x6, 0x1, 0x77,
    0xff, 0x48, 0x6, 0xeb, 0xb1, 0x5, 0xdd, 0xa0,
    0x1f, 0xfc, 0x25, 0x63, 0x3, 0x66, 0x9c, 0x2,
    0x66, 0xf6, 0x0, 0x68, 0x94, 0xe, 0x99, 0xc0,
    0x21, 0x13, 0x3c, 0xa0, 0x1e, 0x52, 0x3a, 0x50,
    0xa, 0x3f, 0xff, 0x94, 0x2, 0x22, 0x29, 0xae,
    0x80, 0x22, 0xab, 0xfe, 0x80, 0x2, 0x85, 0x0,
    0x72, 0x21, 0x51, 0x3c, 0xaa, 0x43, 0x0, 0x51,
    0x90, 0x7, 0x66, 0x85, 0x77, 0x74, 0x6, 0xd8,
    0x31, 0x1e, 0xe0, 0x36, 0xc8, 0x4, 0x68, 0x9d,
    0xa0, 0x18, 0x88, 0x8c, 0x40, 0x6c, 0x20, 0x14,
    0x5d, 0xf2, 0x80, 0x64, 0xdb, 0xb7, 0x2, 0xdc,
    0x0, 0x53, 0xdd, 0xce, 0x1, 0xff, 0xc4, 0x21,
    0x1e, 0xf0, 0xf, 0xf1, 0x3d, 0x10, 0x2, 0xff,
    0xfa, 0x0, 0x31, 0xac, 0x5e, 0x2, 0xc2, 0x88,
    0x1, 0xa6, 0x79, 0x0, 0x36, 0xd3, 0xa0, 0x1,
    0x33, 0xcc, 0x1, 0xac, 0xdd, 0x80, 0x1a, 0x62,
    0xfb, 0x0, 0xcc, 0x1, 0x84, 0x8d, 0x15, 0xec,
    0x3f, 0x1, 0xdc, 0x82, 0x1, 0x93, 0xb0, 0x2b,
    0x72, 0xea, 0xc, 0x8, 0x3, 0xfc, 0xc6, 0x65,
    0x67, 0x9a, 0xbd, 0x70, 0xdc, 0x0, 0xfe, 0x2d,
    0xca, 0x98, 0x65, 0x42, 0xf0, 0xf, 0xfe, 0x99,
    0x7c, 0x0, 0x7f, 0xcf, 0xc6, 0x0,

    /* U+8FD0 "运" */
    0x0, 0x43, 0x0, 0x74, 0xd5, 0x7f, 0xc4, 0x1,
    0xa, 0xcd, 0x88, 0x4, 0xea, 0xbf, 0xf0, 0x80,
    0x43, 0xac, 0x9e, 0x80, 0xe, 0xff, 0xff, 0x8c,
    0x3, 0xa6, 0x43, 0x0, 0x1f, 0xfc, 0x96, 0xcd,
    0x0, 0xff, 0xe5, 0x18, 0x88, 0x8b, 0xff, 0x86,
    0x1, 0xf9, 0xb7, 0x7f, 0xf8, 0x58, 0x0, 0xbb,
    0xe0, 0x36, 0x6c, 0x20, 0x6c, 0xdf, 0x80, 0x8,
    0x9c, 0x9, 0x33, 0x84, 0x3a, 0x65, 0x13, 0x3a,
    0x0, 0x1f, 0xf2, 0x0, 0x79, 0xc1, 0x48, 0xf,
    0xa0, 0x3, 0xff, 0x89, 0x21, 0x0, 0x3, 0x33,
    0x98, 0x7, 0xff, 0x9, 0xc5, 0x88, 0x2, 0xe0,
    0xf0, 0xf, 0xfe, 0x8, 0xc0, 0xc0, 0x6, 0x26,
    0x36, 0x0, 0xff, 0xe0, 0x50, 0x49, 0x22, 0xb3,
    0xc9, 0x4, 0x88, 0x7, 0xf9, 0x90, 0x23, 0x2e,
    0xa6, 0x19, 0x4, 0x20, 0x3, 0xfc, 0xa2, 0x8d,
    0x13, 0x79, 0xbf, 0xee, 0x26, 0x20, 0xc, 0x2c,
    0xa, 0x7, 0xd7, 0x2e, 0xc8, 0x64, 0x1, 0x4e,
    0x10, 0x4, 0x5e, 0x41, 0x4e, 0x1, 0xff, 0xc0,
    0x43, 0x0, 0x8b, 0x6, 0xbd, 0xe3, 0x10, 0x3,
    0xff, 0x80, 0x60, 0xf, 0x18, 0x50, 0x8a, 0x3b,
    0xfd, 0xba, 0xaa, 0xed, 0x9b, 0xdf, 0xa0, 0x5,
    0x37, 0x0, 0x97, 0xa1, 0xd, 0x15, 0x64, 0x41,
    0x90, 0x89, 0x0, 0x11, 0xa0, 0x1c, 0x2f, 0x7d,
    0xfd, 0xdb, 0xff, 0x75, 0x0,

    /* U+8FD4 "返" */
    0x0, 0x84, 0x3, 0xff, 0x82, 0x4a, 0xf4, 0x40,
    0x1b, 0x7c, 0x40, 0x33, 0x44, 0x2a, 0xf7, 0xbf,
    0x6a, 0x17, 0x80, 0x35, 0x8e, 0x8, 0x5, 0x4e,
    0xe5, 0x40, 0x25, 0x79, 0xbe, 0xc0, 0xc, 0xce,
    0x5a, 0x1, 0xdd, 0xfe, 0xdc, 0xa8, 0x64, 0x10,
    0xf, 0x42, 0x1a, 0x80, 0x61, 0x0, 0xff, 0xe2,
    0x56, 0x28, 0x7, 0xff, 0x24, 0x4c, 0x3, 0xbf,
    0xff, 0xc8, 0x1, 0xff, 0xc1, 0x55, 0xfc, 0x20,
    0xa0, 0x1f, 0xf0, 0x85, 0x57, 0xd6, 0x28, 0x20,
    0x17, 0x7f, 0xe0, 0x8, 0xc4, 0x25, 0x0, 0x34,
    0x7, 0x80, 0x67, 0x55, 0x0, 0x70, 0x91, 0x1e,
    0xdc, 0x0, 0x6c, 0x68, 0x1, 0xa6, 0xa8, 0x40,
    0x11, 0x3, 0x17, 0x9c, 0x50, 0xf0, 0x78, 0x7,
    0xff, 0x1, 0x3, 0x40, 0x71, 0x55, 0xc5, 0x6,
    0x1, 0xff, 0xc0, 0xc0, 0x40, 0xa, 0xc4, 0x0,
    0x80, 0x1f, 0xfc, 0x1, 0x52, 0x30, 0x1, 0xe0,
    0x98, 0x62, 0x80, 0x7f, 0xd0, 0x14, 0x3, 0x18,
    0x4f, 0x96, 0x14, 0xe0, 0x1f, 0xc2, 0xc2, 0xee,
    0xe7, 0x2c, 0x80, 0x4c, 0x18, 0x60, 0xe, 0x52,
    0x3, 0xda, 0x5, 0x29, 0xd3, 0x0, 0x8f, 0x4d,
    0xc0, 0x35, 0x50, 0x43, 0x69, 0x40, 0xb5, 0x80,
    0x3c, 0x78, 0x20, 0x16, 0x2a, 0x77, 0x19, 0xfb,
    0x2a, 0x1d, 0xfa, 0x26, 0xa9, 0x96, 0x1, 0x1d,
    0x80, 0xce, 0xb0, 0xab, 0xc4, 0x73, 0xb2, 0xa8,
    0xc8, 0x1, 0xba, 0x0, 0xc5, 0x3b, 0xfb, 0x99,
    0xdb, 0xae, 0xe7, 0xc8, 0x0,

    /* U+8FDE "连" */
    0x0, 0xff, 0xe7, 0x24, 0x80, 0x7e, 0x9e, 0x30,
    0xf, 0xfb, 0x5a, 0x40, 0x3e, 0x71, 0x20, 0xf,
    0xfa, 0x4d, 0x98, 0x5, 0x55, 0x58, 0x8a, 0xea,
    0xbe, 0x10, 0xd, 0xa3, 0x26, 0x2a, 0xb2, 0x0,
    0xaa, 0xfe, 0x30, 0xc, 0x34, 0x16, 0x7f, 0xee,
    0x2, 0xff, 0xfe, 0x20, 0xe, 0x4c, 0x80, 0xa,
    0x42, 0x0, 0x15, 0x0, 0x1f, 0xfc, 0x3, 0x0,
    0x85, 0xc9, 0x40, 0x55, 0x0, 0x3f, 0xf8, 0x90,
    0x10, 0x1, 0xff, 0xc1, 0xde, 0xec, 0x0, 0x56,
    0xe, 0xbb, 0x50, 0x1d, 0xde, 0x50, 0x9, 0x88,
    0x82, 0x20, 0x3, 0x0, 0x11, 0x30, 0x1, 0x13,
    0x18, 0x5, 0x79, 0x83, 0x0, 0x8f, 0x7f, 0xf7,
    0x1, 0xff, 0xe6, 0x0, 0xff, 0x88, 0x3, 0xff,
    0xc2, 0xdf, 0xfe, 0xe0, 0x3f, 0xfe, 0x80, 0xf,
    0xc4, 0x89, 0xf0, 0x1, 0x13, 0xb8, 0x3, 0xf2,
    0x5d, 0xfa, 0x80, 0xee, 0xf9, 0x80, 0x3f, 0xfa,
    0xa, 0x60, 0x60, 0x1f, 0xfc, 0x77, 0xa1, 0x16,
    0x28, 0x7, 0xff, 0x15, 0x60, 0x7f, 0xc7, 0x54,
    0x30, 0xc, 0x3b, 0xa0, 0xc, 0x4a, 0x43, 0x41,
    0xa2, 0x2c, 0x65, 0xcf, 0xdc, 0xbb, 0x4d, 0x66,
    0xf7, 0xed, 0x10, 0xab, 0x18, 0x5, 0x38, 0xc4,
    0x43, 0x44, 0xc6, 0x42, 0x2, 0x80, 0xa, 0x80,
    0xe, 0x39, 0xdf, 0xf7, 0x76, 0xff, 0xdd, 0x60,

    /* U+9009 "选" */
    0x0, 0xff, 0xe0, 0x91, 0x80, 0x7f, 0x18, 0x80,
    0x79, 0x14, 0x1, 0x38, 0x20, 0x1f, 0x1e, 0x60,
    0x40, 0x3a, 0x28, 0x3, 0xff, 0x80, 0x70, 0x5e,
    0x20, 0x11, 0x1a, 0x80, 0x7f, 0xf0, 0x5e, 0x7,
    0x0, 0x2b, 0x5, 0xff, 0x20, 0x77, 0xfe, 0x90,
    0xc, 0xec, 0x4a, 0x4, 0xc4, 0xcd, 0x8, 0x2b,
    0x36, 0xf0, 0xe, 0x9b, 0x50, 0xe0, 0xe9, 0x99,
    0x42, 0xe6, 0x73, 0x0, 0x79, 0x0, 0x59, 0x86,
    0x1, 0xff, 0xc7, 0x1a, 0x90, 0xf, 0xfe, 0x43,
    0x66, 0x79, 0x3, 0x33, 0xd4, 0x15, 0xff, 0x80,
    0x2, 0x38, 0xcc, 0x45, 0x18, 0x8f, 0x6, 0xa2,
    0x4, 0x0, 0xdb, 0xb4, 0x83, 0xee, 0x84, 0x37,
    0x75, 0x83, 0xdd, 0x94, 0x3, 0xc6, 0x1a, 0x1,
    0xff, 0xc8, 0xb0, 0x40, 0xf, 0xfe, 0x3a, 0x1a,
    0x8, 0x7, 0xcc, 0xa0, 0x1f, 0xc5, 0x41, 0x0,
    0x1f, 0xb2, 0x80, 0x3f, 0x2e, 0xc, 0x18, 0x7,
    0x8, 0xcc, 0x40, 0x1f, 0x5d, 0xc, 0xb8, 0x6,
    0x50, 0xee, 0x8d, 0x0, 0x3c, 0xf0, 0xfc, 0xc0,
    0x1d, 0x50, 0xef, 0x44, 0x80, 0x50, 0x81, 0x13,
    0x2, 0x1, 0xe1, 0x78, 0x89, 0xc0, 0x2a, 0x74,
    0xeb, 0x5d, 0x40, 0xf, 0xfe, 0x0, 0x84, 0xaa,
    0x58, 0xa6, 0x5, 0xf6, 0x54, 0xcd, 0x54, 0xbb,
    0x67, 0x78, 0x78, 0xd0, 0x4, 0x7b, 0x2a, 0x4a,
    0xcd, 0x2a, 0x91, 0x6, 0x28, 0xd, 0xe2, 0x1,
    0xcd, 0x7d, 0xfd, 0xdb, 0xff, 0xa8, 0x0,

    /* U+901A "通" */
    0x0, 0xfc, 0x48, 0x9f, 0xfc, 0x0, 0xc, 0x5d,
    0x20, 0x1a, 0xae, 0xff, 0xf8, 0x20, 0x11, 0x23,
    0x58, 0x5, 0x3b, 0xac, 0xdd, 0xec, 0x20, 0x4a,
    0x0, 0xd4, 0xc9, 0x60, 0x1, 0x23, 0xed, 0x86,
    0x25, 0xc3, 0xab, 0x10, 0xe, 0x97, 0x49, 0x0,
    0x87, 0x21, 0xef, 0xe1, 0xb9, 0x40, 0x3f, 0x44,
    0x40, 0x6a, 0xa4, 0x28, 0x50, 0x3, 0x42, 0xbb,
    0x0, 0x7c, 0xe2, 0x15, 0x5e, 0x50, 0x9, 0xea,
    0x24, 0x3, 0xff, 0x81, 0xbf, 0xf3, 0x7, 0x7f,
    0xc6, 0x1, 0xff, 0xc7, 0x10, 0xf, 0xdf, 0xfc,
    0x20, 0x15, 0x33, 0x4a, 0xe, 0xcd, 0x10, 0x6,
    0x33, 0x84, 0x3, 0x9e, 0x66, 0x30, 0x89, 0x98,
    0x40, 0x36, 0x64, 0x80, 0x1d, 0xbf, 0xf3, 0x7,
    0xfe, 0x30, 0xf, 0xfe, 0xb, 0x8, 0xc6, 0x4,
    0x23, 0x0, 0x7f, 0xf0, 0xaf, 0xba, 0x50, 0xde,
    0xe8, 0xc0, 0x3f, 0xf8, 0x33, 0x55, 0x20, 0x55,
    0x62, 0x0, 0xff, 0xe0, 0xa2, 0xac, 0x40, 0xab,
    0x84, 0x3, 0xff, 0x90, 0x23, 0x80, 0x3c, 0x2e,
    0xa, 0x1, 0xfe, 0x4e, 0xe1, 0x18, 0x6, 0x2f,
    0x20, 0xb4, 0xbb, 0x10, 0x5, 0x18, 0xb, 0x54,
    0xcc, 0x0, 0x43, 0x83, 0x7e, 0xb7, 0x4a, 0x1,
    0x84, 0xc0, 0xa, 0xa3, 0x0, 0xda, 0x34, 0x81,
    0x50, 0xfd, 0x93, 0xe, 0xfa, 0x26, 0xa9, 0x9c,
    0x20, 0xec, 0xa0, 0x13, 0xf3, 0x83, 0x3c, 0x46,
    0x76, 0x55, 0x12, 0x88, 0x54, 0x80, 0x70, 0xc6,
    0x7f, 0xbb, 0xb7, 0xfe, 0xeb, 0x0,

    /* U+9053 "道" */
    0x0, 0xff, 0x8, 0x7, 0xff, 0x8, 0x40, 0x3c,
    0x5d, 0x40, 0x1c, 0xfe, 0x80, 0x19, 0x79, 0xc0,
    0x38, 0x95, 0x60, 0x8, 0x64, 0x90, 0x3, 0x29,
    0xc3, 0x80, 0x75, 0x89, 0x0, 0x50, 0x3c, 0x1,
    0xed, 0x28, 0x50, 0xef, 0xf7, 0xc, 0x7f, 0xcc,
    0x19, 0xff, 0x28, 0x0, 0x7c, 0x2c, 0x25, 0xdf,
    0x88, 0x11, 0xdf, 0xe0, 0x8, 0xaf, 0x41, 0xe2,
    0x38, 0x42, 0xa2, 0x3c, 0x40, 0x19, 0xc, 0x0,
    0x2c, 0xd3, 0x99, 0x3b, 0x36, 0x20, 0xf, 0xf1,
    0xcc, 0xd0, 0x5, 0x33, 0xce, 0x1, 0x44, 0xce,
    0x0, 0xcf, 0xff, 0xf4, 0x80, 0x73, 0xb3, 0x61,
    0x0, 0x84, 0x7f, 0x80, 0x3b, 0xba, 0x50, 0xe,
    0x6e, 0xef, 0xa0, 0x3, 0x84, 0x60, 0xf, 0x36,
    0xef, 0xce, 0x1, 0xff, 0xc2, 0x12, 0x2f, 0xb8,
    0x3, 0xff, 0x84, 0xff, 0xff, 0x48, 0x7, 0xff,
    0x9, 0x6a, 0xbe, 0x60, 0xf, 0xfe, 0x11, 0x2a,
    0xfd, 0xe0, 0x1f, 0xfc, 0x24, 0x99, 0xfa, 0x80,
    0x3f, 0x30, 0x18, 0x0, 0x85, 0x13, 0xe1, 0x21,
    0x0, 0xc5, 0xa6, 0x18, 0x44, 0xdd, 0xff, 0x90,
    0x2, 0x1c, 0x3c, 0xf5, 0xd7, 0x0, 0xff, 0xe1,
    0xe0, 0xd1, 0x85, 0xbc, 0x7e, 0x54, 0x47, 0x4d,
    0x52, 0xf9, 0xc1, 0x9d, 0x0, 0x28, 0xd7, 0x5,
    0x77, 0xe6, 0x55, 0x81, 0x2, 0xa0, 0x3, 0x8a,
    0x33, 0xfd, 0xdd, 0xbf, 0xee, 0xe1, 0x80,

    /* U+90E8 "部" */
    0x0, 0xe3, 0x40, 0xf, 0xfe, 0x47, 0x58, 0x80,
    0x78, 0x47, 0xc4, 0x1, 0xeb, 0x6, 0x0, 0xf7,
    0xf7, 0x76, 0xc0, 0x44, 0x6f, 0x9, 0x88, 0xc4,
    0x0, 0x27, 0x78, 0xc0, 0x27, 0x7c, 0xc0, 0x2e,
    0xfc, 0x0, 0x68, 0x89, 0xc2, 0x83, 0xad, 0x77,
    0xbb, 0x33, 0x35, 0x40, 0x38, 0x50, 0xc8, 0x4,
    0x16, 0x84, 0x73, 0x21, 0x0, 0x79, 0x82, 0x40,
    0x24, 0x26, 0x0, 0x94, 0x28, 0x3, 0xea, 0x15,
    0x0, 0xca, 0x28, 0x0, 0xe0, 0x60, 0xf, 0x19,
    0x30, 0x7, 0x59, 0x80, 0x9, 0x14, 0x40, 0x3d,
    0x21, 0x20, 0xa, 0xff, 0x61, 0xdf, 0xe8, 0x2f,
    0xfb, 0x80, 0x31, 0x83, 0x80, 0x35, 0x13, 0xff,
    0x80, 0x1, 0xa5, 0x24, 0xc1, 0xee, 0xff, 0xea,
    0x0, 0xea, 0xf, 0x0, 0xff, 0xe3, 0x8b, 0x99,
    0x81, 0xbf, 0xff, 0xac, 0x3, 0xec, 0x4, 0x0,
    0x8d, 0x57, 0xc0, 0x1f, 0xca, 0x1c, 0x1, 0x4d,
    0x57, 0x58, 0x7, 0xf1, 0x80, 0x80, 0x7f, 0xf1,
    0x8, 0x87, 0x1, 0xa0, 0x1f, 0xfc, 0x47, 0xdc,
    0x52, 0x50, 0xf, 0xfe, 0x22, 0x44, 0x2b, 0x40,
    0x35, 0x7f, 0xf7, 0x0, 0x78, 0x5d, 0xca, 0x1,
    0xc6, 0xab, 0xe0, 0xf, 0xfe, 0x9, 0x8c, 0x55,
    0x75, 0x80, 0x7f, 0xf0, 0x0,

    /* U+914D "配" */
    0x13, 0x3f, 0xf0, 0x7, 0xff, 0x1, 0xf3, 0x3f,
    0xc5, 0x7f, 0xff, 0xac, 0x12, 0x66, 0x5, 0x90,
    0x79, 0x91, 0x62, 0xaf, 0xc0, 0x11, 0x33, 0x41,
    0xec, 0x16, 0xcc, 0x7, 0xaa, 0xf8, 0x3, 0xff,
    0x9f, 0x5b, 0xa0, 0xbd, 0xe, 0xda, 0x0, 0xff,
    0xe0, 0xb9, 0xb0, 0x98, 0x83, 0x1b, 0x0, 0x7f,
    0xf0, 0x92, 0xd6, 0x78, 0x6d, 0x40, 0x3f, 0xf9,
    0xaf, 0x77, 0xf0, 0x7, 0xce, 0xe0, 0xf, 0x6a,
    0x27, 0xc0, 0x1f, 0x11, 0x0, 0x3f, 0x67, 0xff,
    0x0, 0x79, 0x8, 0x40, 0x6, 0xe0, 0x18, 0x40,
    0x39, 0x30, 0x2, 0x19, 0x90, 0x11, 0x38, 0xc0,
    0x3f, 0xd6, 0xe0, 0x10, 0xca, 0x80, 0x33, 0x50,
    0x3, 0xff, 0x86, 0x2c, 0x45, 0xce, 0x1, 0xff,
    0xc3, 0x4d, 0xdf, 0x18, 0x7, 0xff, 0xd, 0x33,
    0x3c, 0x60, 0x1f, 0xe1, 0xc4, 0x0, 0x9, 0x9f,
    0x9c, 0x3, 0xfe, 0x3d, 0x0, 0x32, 0x27, 0x9c,
    0x3, 0xfc, 0x41, 0xc0, 0x3, 0xbb, 0xf1, 0x80,
    0xc, 0x3, 0xe5, 0x2, 0x0, 0x26, 0xef, 0x8c,
    0x1, 0xc1, 0x97, 0x7d, 0x20, 0x80, 0x1, 0x22,
    0xf3, 0x80, 0x19, 0x5, 0x13, 0x86, 0x84, 0x32,
    0xc0, 0x3d, 0x78, 0x3, 0x7f, 0xfe, 0xe5, 0x0,

    /* U+91CF "量" */
    0x0, 0x88, 0xbf, 0xf8, 0x80, 0x1e, 0xed, 0xcc,
    0xff, 0xe0, 0x6c, 0x80, 0x7e, 0xee, 0xff, 0xbc,
    0x3, 0xfd, 0xff, 0xff, 0x70, 0x7, 0xfb, 0xff,
    0xfe, 0xe0, 0xf, 0xf6, 0xef, 0xfd, 0x80, 0x1f,
    0xbb, 0x3b, 0xbf, 0xf8, 0x19, 0x20, 0x12, 0x33,
    0x11, 0x57, 0xff, 0x84, 0x8c, 0xd6, 0xcc, 0xff,
    0xf2, 0x22, 0x7f, 0xdb, 0xbf, 0xfc, 0x4f, 0xf7,
    0x0, 0xf, 0x77, 0xff, 0x88, 0xc0, 0x1e, 0x7f,
    0xfe, 0x12, 0xff, 0xea, 0x0, 0xfc, 0xdb, 0xbc,
    0x25, 0xbb, 0xd6, 0x1, 0xf9, 0x3b, 0xb8, 0x45,
    0xdd, 0xd2, 0x1, 0xf8, 0xc4, 0x78, 0x0, 0x23,
    0xc0, 0x1f, 0x8, 0x36, 0xef, 0x8, 0xb7, 0x7a,
    0x0, 0x3c, 0x5f, 0xff, 0x9, 0x7f, 0xfc, 0xc0,
    0x1b, 0x7f, 0xfe, 0x12, 0xff, 0xfb, 0x80, 0x34,
    0xd5, 0x7c, 0x3, 0x55, 0xf8, 0x3, 0x22, 0xaf,
    0xc2, 0x6a, 0xbf, 0x20, 0x2, 0xff, 0xff, 0x84,
    0xbf, 0xff, 0xb8, 0x3, 0xff, 0x94,

    /* U+9501 "锁" */
    0x0, 0xc2, 0x1, 0xfe, 0x47, 0x0, 0xff, 0xbf,
    0x0, 0x39, 0x0, 0x2d, 0x82, 0x0, 0x10, 0x80,
    0x72, 0x8d, 0x0, 0x62, 0xb9, 0x0, 0xfb, 0xbc,
    0x3, 0xa0, 0x3e, 0x67, 0x13, 0xb1, 0x80, 0x72,
    0x1c, 0x80, 0x67, 0x20, 0x66, 0xe0, 0x81, 0xf0,
    0xe, 0x92, 0x70, 0x8, 0xe0, 0xfb, 0xff, 0x80,
    0x12, 0x64, 0x1, 0x31, 0x70, 0x6, 0xd0, 0xe1,
    0x0, 0xf9, 0xf8, 0x80, 0x26, 0xc3, 0x0, 0xcd,
    0xe, 0xab, 0xc4, 0x1b, 0xfd, 0xec, 0x1b, 0xf9,
    0xf2, 0x1, 0x41, 0xd5, 0x7c, 0x6, 0x1, 0xfc,
    0x60, 0x19, 0x6e, 0x81, 0x2e, 0xd4, 0x0, 0x4f,
    0xff, 0x70, 0x7, 0x85, 0x10, 0x4, 0x88, 0x20,
    0xe, 0x8d, 0x10, 0xf, 0xfe, 0x49, 0x10, 0x3,
    0xfe, 0x30, 0xf, 0xfe, 0x42, 0x7f, 0xb4, 0x1b,
    0xfd, 0xc0, 0x1f, 0xfc, 0x36, 0x69, 0x40, 0x99,
    0xa0, 0xf, 0xfe, 0x19, 0x4c, 0xac, 0x12, 0x65,
    0x0, 0x1c, 0xc0, 0x20, 0x1f, 0xfc, 0x92, 0x20,
    0x7, 0xff, 0x25, 0x45, 0x0, 0x3f, 0xf8, 0x6d,
    0x1, 0x3c, 0x36, 0x16, 0xa0, 0x31, 0xc0, 0x1e,
    0x30, 0x5d, 0x93, 0x7, 0x4c, 0x18, 0xaa, 0x73,
    0xb9, 0x0, 0x3d, 0x60, 0x61, 0x56, 0xf, 0xc5,
    0xf, 0x16, 0x51, 0xcc, 0x1, 0xc6, 0xc1, 0x1a,
    0xb1, 0xd0, 0x56, 0xe0, 0x4, 0xca, 0x39, 0xc0,
    0xc, 0x71, 0xce, 0x0, 0xc2, 0xad, 0x40, 0xe,
    0x5d, 0x7a, 0x0,

    /* U+9547 "镇" */
    0x0, 0xff, 0xe2, 0x8, 0x7, 0xfb, 0x30, 0x1,
    0xfc, 0xdc, 0xe0, 0x1f, 0x8c, 0xca, 0x1, 0xfd,
    0xe0, 0x60, 0x1f, 0xa0, 0x0, 0xef, 0x2a, 0x7f,
    0xe6, 0xb, 0xff, 0xda, 0x0, 0x54, 0x6, 0x88,
    0xa5, 0x9d, 0xf0, 0xb, 0xbf, 0x50, 0xd, 0x86,
    0x6e, 0xf1, 0x44, 0x54, 0xd, 0x11, 0xce, 0x1a,
    0x32, 0x64, 0x58, 0x42, 0x7f, 0xda, 0xf, 0xff,
    0x9c, 0x0, 0x89, 0x11, 0x70, 0x0, 0xc2, 0xab,
    0xd0, 0x1e, 0x0, 0x9f, 0xdd, 0xf2, 0x80, 0x48,
    0xab, 0xc8, 0x1, 0x85, 0x5d, 0xc0, 0x6e, 0xf0,
    0x5, 0xdf, 0xfd, 0x80, 0x1c, 0x31, 0x20, 0xb1,
    0x2, 0x0, 0xbb, 0xbd, 0x80, 0x1f, 0xfc, 0x45,
    0x5f, 0x80, 0x38, 0x44, 0x60, 0x1, 0x10, 0x6,
    0x99, 0xf5, 0x80, 0x67, 0xee, 0x68, 0x37, 0x73,
    0x0, 0x2d, 0xdf, 0x78, 0x6, 0x5a, 0xa4, 0x82,
    0x55, 0x20, 0x2, 0xff, 0xf6, 0x80, 0x62, 0x55,
    0x38, 0x12, 0xa9, 0x0, 0x2c, 0xcf, 0x50, 0x7,
    0xff, 0x10, 0xcf, 0xce, 0x1, 0xff, 0xc0, 0x5f,
    0x50, 0xff, 0xf6, 0x83, 0xf8, 0x7, 0xe3, 0xd6,
    0x6c, 0x8c, 0xd2, 0xb3, 0x60, 0xf, 0x15, 0xe0,
    0xcc, 0xa0, 0x93, 0x67, 0xd4, 0x26, 0x60, 0xc,
    0x80, 0x88, 0x79, 0x3, 0xc4, 0x48, 0x1d, 0x5b,
    0x8c, 0x3, 0xd, 0x82, 0xf4, 0xc, 0xe1, 0x45,
    0x80, 0x6, 0xa8, 0x38, 0xe0, 0x10, 0xb5, 0xd0,
    0x80, 0x99, 0xb5, 0xc0, 0x39, 0x74, 0x8c, 0x3,
    0x42, 0x0, 0x6a, 0xc2, 0x0, 0xf8, 0xb5, 0x0,

    /* U+95ED "闭" */
    0x8, 0x30, 0xf, 0xfe, 0x29, 0x36, 0x18, 0x1,
    0xae, 0xff, 0xec, 0xa2, 0xd0, 0xd1, 0xe, 0x44,
    0xff, 0x8d, 0xc0, 0xe0, 0x60, 0x23, 0xff, 0xfe,
    0x10, 0x9, 0xe2, 0x40, 0x3c, 0x68, 0x1, 0xf4,
    0xd0, 0x38, 0x7, 0xd1, 0x66, 0x1, 0xe4, 0x40,
    0x7, 0xff, 0x28, 0x47, 0xe0, 0x3, 0x88, 0x80,
    0x3e, 0x6e, 0xef, 0x90, 0x2f, 0xb9, 0x0, 0x1e,
    0x25, 0x5f, 0x8, 0x1, 0x15, 0x5a, 0x1, 0xe4,
    0xaa, 0xee, 0x10, 0x4, 0x55, 0x14, 0x3, 0xfe,
    0x2a, 0x13, 0x0, 0xff, 0xe1, 0x96, 0xe, 0xb8,
    0x7, 0xff, 0x8, 0xf0, 0x6c, 0xc0, 0x3f, 0xf8,
    0x4f, 0x81, 0x88, 0x1, 0xff, 0xc1, 0x3c, 0x83,
    0xf3, 0x0, 0xff, 0xe0, 0x8e, 0x9c, 0x60, 0x80,
    0x7f, 0xf0, 0x87, 0x79, 0xc0, 0x3e, 0x10, 0xf,
    0xe3, 0x10, 0x0, 0xff, 0xc8, 0x6, 0x1, 0xff,
    0xc1, 0x16, 0x34, 0x6b, 0x10, 0xf, 0xfe, 0x14,
    0xe5, 0xca, 0x0, 0x2a, 0xec, 0x22, 0x0, 0xff,
    0xe2, 0x22, 0xf, 0xc0,

    /* U+95F4 "间" */
    0x8, 0x40, 0xf, 0xfe, 0x29, 0x35, 0xa0, 0x1,
    0xb3, 0x3f, 0xf8, 0x14, 0x58, 0x14, 0x41, 0xc6,
    0x7f, 0xfc, 0x4, 0x2, 0xa1, 0x90, 0x8f, 0xff,
    0xf8, 0x3, 0x2d, 0x58, 0x7, 0xff, 0xe, 0x2c,
    0x14, 0x3, 0xff, 0x88, 0xa8, 0x1, 0x23, 0xbf,
    0xe4, 0x0, 0xff, 0x64, 0x47, 0xee, 0x0, 0xff,
    0xe0, 0x77, 0xfe, 0xe0, 0xf, 0xff, 0x54, 0x4c,
    0xe8, 0x0, 0xff, 0xe1, 0x33, 0x78, 0x3, 0xff,
    0x85, 0xdf, 0xfb, 0x80, 0x3f, 0xfd, 0x5d, 0xff,
    0xb8, 0x3, 0xff, 0x81, 0x8e, 0xff, 0xbc, 0x3,
    0xfc, 0x91, 0x1f, 0x94, 0x3, 0xff, 0xb8, 0x93,
    0x40, 0x60, 0x1f, 0xfc, 0x36, 0x62, 0x8c, 0x6f,
    0x80, 0x7f, 0xf0, 0x4b, 0xfd, 0xca,

    /* U+9762 "面" */
    0x4b, 0xbf, 0xfe, 0x45, 0x12, 0x27, 0xff, 0x25,
    0xbf, 0xff, 0x48, 0x2f, 0xff, 0xf7, 0x0, 0x7f,
    0x78, 0x78, 0x7, 0xff, 0x1d, 0x1, 0x0, 0x3f,
    0xe6, 0xdd, 0xf8, 0x83, 0x37, 0x7f, 0x30, 0x3,
    0x88, 0xc0, 0x6, 0x46, 0x44, 0x0, 0x11, 0xc,
    0x0, 0x65, 0xc0, 0x1b, 0x76, 0xb0, 0xbd, 0xdc,
    0xc1, 0xfb, 0xab, 0x0, 0xff, 0xea, 0xfb, 0xbe,
    0x50, 0xf, 0xfe, 0x22, 0xc4, 0x63, 0x0, 0xff,
    0xe2, 0x57, 0xfe, 0x60, 0xf, 0xfe, 0xd6, 0xa2,
    0x62, 0x0, 0xff, 0xe2, 0x3d, 0xde, 0x40, 0xf,
    0xfe, 0x24, 0x6e, 0xe5, 0x0, 0xff, 0xe2, 0x11,
    0x71, 0x80, 0x7f, 0xf5, 0x73, 0xfd, 0x41, 0x5f,
    0xf9, 0x83, 0xbf, 0xd4, 0x1, 0xe3, 0x55, 0xff,
    0xe1, 0x18, 0x7, 0xbe, 0xab, 0xff, 0x85, 0x20,
    0x10,

    /* U+9875 "页" */
    0xb, 0xbf, 0xfe, 0x43, 0xa, 0x27, 0xff, 0x23,
    0x87, 0xff, 0xf5, 0x82, 0x7f, 0xff, 0x40, 0x7,
    0xf6, 0x87, 0x80, 0x7f, 0xf0, 0x84, 0x79, 0x89,
    0x44, 0x7e, 0x0, 0xf6, 0x77, 0x70, 0x17, 0x77,
    0xe4, 0x0, 0xf9, 0x57, 0xff, 0x80, 0x40, 0x1f,
    0xd7, 0x55, 0xff, 0x38, 0x7, 0xff, 0xa, 0x74,
    0x40, 0x3f, 0xf8, 0xe4, 0x43, 0x0, 0xff, 0xfa,
    0x98, 0x7, 0xff, 0x1d, 0xc0, 0x40, 0x3f, 0xf8,
    0xc2, 0x62, 0x1, 0xff, 0xc7, 0x80, 0x60, 0x71,
    0x0, 0xff, 0x6e, 0x84, 0x1, 0xc, 0x32, 0xf1,
    0xd2, 0x55, 0xc8, 0x1, 0xc2, 0x40, 0x78, 0xe3,
    0x82, 0xf8, 0x8d, 0xb2, 0x1, 0xf0, 0xb6, 0x60,
    0xd7, 0xc8, 0x0, 0x77, 0x86, 0xdc, 0xe0, 0x3,
    0x9d, 0xe9, 0x35, 0xca, 0x10, 0xe, 0x3c, 0xa1,
    0x8d, 0x22, 0x39, 0xad, 0x7d, 0x18, 0x7, 0xf2,
    0xf3, 0x1, 0x8f, 0x72, 0x94, 0x3, 0xff, 0x85,
    0x3a, 0x20,

    /* U+9888 "颈" */
    0x0, 0xff, 0x84, 0x8b, 0xfc, 0x20, 0xdf, 0xff,
    0x69, 0x7e, 0xef, 0xfa, 0x80, 0x95, 0x78, 0xc0,
    0xca, 0x5d, 0xf0, 0x1, 0xdf, 0x68, 0x25, 0x57,
    0x38, 0x58, 0x3c, 0x45, 0x80, 0xd1, 0x19, 0x80,
    0x3d, 0x8, 0xaa, 0x0, 0xed, 0xb, 0x0, 0xff,
    0x3b, 0x8e, 0x80, 0x2f, 0xf9, 0x83, 0x7f, 0xed,
    0x0, 0xe9, 0x80, 0x14, 0x0, 0xc2, 0x89, 0xe0,
    0x30, 0x8, 0xb1, 0x8e, 0x4e, 0xe8, 0x40, 0x9,
    0x77, 0xe1, 0x0, 0xa3, 0x4d, 0xf1, 0xb9, 0x97,
    0xc0, 0x3b, 0xac, 0x3, 0xc6, 0x6c, 0x80, 0xa,
    0x6a, 0xc0, 0x38, 0x5c, 0x3, 0xd7, 0x86, 0x1,
    0xca, 0xa0, 0xf, 0xfe, 0x9, 0xcc, 0xfe, 0x50,
    0xf, 0xfe, 0xa, 0xb3, 0x7e, 0xc0, 0xf, 0xfe,
    0xb, 0x7f, 0xca, 0x1d, 0xfe, 0x90, 0xf, 0x38,
    0x7, 0xff, 0x20, 0x40, 0x40, 0x3f, 0xf9, 0xa,
    0x1a, 0x1, 0xff, 0xc5, 0xa9, 0xe, 0x5, 0x20,
    0xaa, 0x0, 0x7e, 0x25, 0x8a, 0x5, 0x34, 0x54,
    0x46, 0xc2, 0x20, 0x2, 0x14, 0x84, 0xc, 0xa7,
    0x10, 0x1, 0xd0, 0xd3, 0x2b, 0xd8, 0x80, 0x2f,
    0xad, 0xc1, 0x67, 0x7e, 0xc1, 0xf0, 0x34, 0x42,
    0x9d, 0x30, 0x83, 0x9a, 0xbb, 0x94, 0xc4, 0x9,
    0xd0, 0x9e, 0x60, 0x14, 0x49, 0x40, 0x2c, 0xa8,
    0x80, 0x72, 0x3d, 0xd8, 0x40, 0x39, 0xaa, 0xc0,

    /* U+9891 "频" */
    0x0, 0xff, 0xe9, 0x4f, 0x80, 0x7f, 0xf1, 0xc4,
    0x3, 0xf2, 0x5d, 0xff, 0x50, 0x4, 0x9c, 0x60,
    0x10, 0x80, 0x46, 0x89, 0xfe, 0x0, 0xfe, 0xef,
    0xf4, 0x3f, 0xfe, 0x4, 0xff, 0xb8, 0x3, 0xf9,
    0xde, 0xc0, 0xc, 0xa1, 0xc0, 0x1f, 0xfc, 0x18,
    0x89, 0x1, 0x5d, 0xd2, 0x4, 0xef, 0x8, 0x7,
    0xff, 0xa, 0x22, 0x30, 0x88, 0xca, 0x0, 0x9f,
    0x8, 0x94, 0x9, 0x9c, 0x0, 0x4f, 0xfe, 0x90,
    0xc, 0xc8, 0x8, 0xc4, 0xc, 0xd8, 0x3, 0xbd,
    0xc0, 0x3d, 0xff, 0xc0, 0xdf, 0xf8, 0x3, 0xff,
    0x86, 0xc4, 0x1, 0xc4, 0x1, 0xc2, 0x1, 0xfc,
    0x52, 0xa0, 0x1d, 0xb6, 0x1, 0xe1, 0x0, 0xfa,
    0x81, 0x40, 0x32, 0x6, 0x0, 0x63, 0x3, 0x0,
    0xf9, 0x90, 0x80, 0x37, 0x3, 0x0, 0x61, 0x1,
    0x0, 0xf4, 0xf, 0x80, 0x62, 0x54, 0x10, 0xc,
    0xc0, 0xe0, 0x1e, 0x15, 0x40, 0xd, 0x21, 0x0,
    0x1d, 0xa0, 0x60, 0x1e, 0x9a, 0x0, 0xb0, 0x51,
    0x8c, 0x0, 0xc2, 0x8, 0x60, 0x2, 0x23, 0x80,
    0x7c, 0xce, 0x52, 0x1, 0x5d, 0x19, 0x92, 0x8d,
    0x34, 0xc0, 0x3c, 0xf4, 0x38, 0x1, 0xef, 0xb,
    0x6c, 0x70, 0xf, 0x1e, 0x41, 0xf8, 0x80, 0x63,
    0xd3, 0xa3, 0xc5, 0x8a, 0x0, 0x97, 0x30, 0x6f,
    0x82, 0x1, 0x2d, 0xe1, 0xd2, 0x80, 0x2a, 0x17,
    0x4, 0x4, 0xdb, 0xa0, 0x3, 0xa5, 0xa3, 0xd4,
    0x3, 0x3c, 0x80, 0x82, 0x7c, 0x88, 0x7, 0xb3,
    0x5c, 0x40, 0x3c, 0xd8, 0x0,

    /* U+9ED8 "默" */
    0x0, 0xff, 0xe2, 0x9, 0x0, 0x7e, 0x55, 0xfe,
    0x20, 0xd, 0x78, 0x1, 0xfa, 0xea, 0xbf, 0x80,
    0x3c, 0xb4, 0x1, 0xf4, 0x7f, 0x95, 0xff, 0xc2,
    0x1, 0xf3, 0x2c, 0x0, 0x7d, 0x84, 0x0, 0x5a,
    0x0, 0xfc, 0x70, 0xe8, 0x1, 0xe5, 0x40, 0x6,
    0xe8, 0x3, 0xf9, 0xce, 0x80, 0x3d, 0x9e, 0x0,
    0x55, 0x0, 0x7f, 0xbb, 0x0, 0x3c, 0xfe, 0x2,
    0xe4, 0x0, 0x46, 0x6c, 0x2c, 0xc4, 0x48, 0x3,
    0x6b, 0x9b, 0x1f, 0xa8, 0x87, 0xcc, 0xc6, 0x13,
    0x3a, 0x0, 0x32, 0xd5, 0xd, 0x6a, 0x80, 0x8,
    0xbb, 0x88, 0x2e, 0xf7, 0x80, 0x5d, 0xff, 0x12,
    0x7f, 0xd0, 0x68, 0x90, 0x1, 0x91, 0x23, 0x0,
    0x84, 0x70, 0x0, 0x46, 0x0, 0xe2, 0x7, 0x0,
    0xfb, 0xbb, 0x12, 0x77, 0x4e, 0x1, 0x10, 0x3,
    0x0, 0x3e, 0x99, 0xc2, 0x53, 0x32, 0x80, 0x4e,
    0x2, 0xe0, 0x1f, 0x33, 0x63, 0x66, 0xc4, 0x1,
    0x60, 0x40, 0x90, 0x7, 0x24, 0x4d, 0x59, 0x26,
    0xf7, 0xf8, 0x2, 0x72, 0x60, 0xa0, 0xe, 0x37,
    0x64, 0x63, 0x47, 0x7a, 0x40, 0x8, 0x2a, 0x8,
    0xc0, 0x1c, 0xfb, 0xdc, 0xdc, 0xba, 0x9b, 0x60,
    0x7, 0x85, 0x7, 0x8b, 0x0, 0x75, 0xe8, 0x70,
    0xd3, 0x26, 0x8, 0x22, 0x44, 0x8, 0x50, 0x1,
    0xcd, 0x40, 0x2, 0xdd, 0x20, 0xb0, 0x48, 0x40,
    0x5, 0x3, 0x20, 0x13, 0x83, 0x1, 0xb2, 0x28,
    0x3f, 0xc9, 0x31, 0x80, 0x4a, 0x6c, 0xe0, 0x9,
    0x60, 0x0, 0x81, 0x18, 0x4e, 0xb1, 0x48, 0x7,
    0x68, 0xc1, 0x86, 0xc0, 0x3, 0xd0, 0x74, 0x0,
    0xaf, 0xe0, 0x1e, 0x1d, 0x93
};


/*---------------------
 *  GLYPH DESCRIPTION
 *--------------------*/

static const lv_font_fmt_txt_glyph_dsc_t glyph_dsc[] = {
    {.bitmap_index = 0, .adv_w = 0, .box_w = 0, .box_h = 0, .ofs_x = 0, .ofs_y = 0} /* id = 0 reserved */,
    {.bitmap_index = 0, .adv_w = 86, .box_w = 0, .box_h = 0, .ofs_x = 0, .ofs_y = 0},
    {.bitmap_index = 0, .adv_w = 124, .box_w = 4, .box_h = 18, .ofs_x = 2, .ofs_y = 0},
    {.bitmap_index = 28, .adv_w = 182, .box_w = 8, .box_h = 8, .ofs_x = 2, .ofs_y = 12},
    {.bitmap_index = 60, .adv_w = 213, .box_w = 13, .box_h = 18, .ofs_x = 0, .ofs_y = 0},
    {.bitmap_index = 164, .adv_w = 213, .box_w = 11, .box_h = 25, .ofs_x = 1, .ofs_y = -3},
    {.bitmap_index = 263, .adv_w = 354, .box_w = 22, .box_h = 18, .ofs_x = 0, .ofs_y = 0},
    {.bitmap_index = 427, .adv_w = 261, .box_w = 16, .box_h = 18, .ofs_x = 0, .ofs_y = 0},
    {.bitmap_index = 549, .adv_w = 107, .box_w = 3, .box_h = 8, .ofs_x = 2, .ofs_y = 12},
    {.bitmap_index = 561, .adv_w = 130, .box_w = 6, .box_h = 26, .ofs_x = 2, .ofs_y = -5},
    {.bitmap_index = 630, .adv_w = 130, .box_w = 5, .box_h = 26, .ofs_x = 1, .ofs_y = -5},
    {.bitmap_index = 693, .adv_w = 179, .box_w = 9, .box_h = 9, .ofs_x = 1, .ofs_y = 11},
    {.bitmap_index = 732, .adv_w = 213, .box_w = 13, .box_h = 13, .ofs_x = 0, .ofs_y = 3},
    {.bitmap_index = 761, .adv_w = 107, .box_w = 5, .box_h = 9, .ofs_x = 1, .ofs_y = -5},
    {.bitmap_index = 785, .adv_w = 133, .box_w = 7, .box_h = 2, .ofs_x = 1, .ofs_y = 6},
    {.bitmap_index = 790, .adv_w = 107, .box_w = 4, .box_h = 4, .ofs_x = 1, .ofs_y = 0},
    {.bitmap_index = 799, .adv_w = 151, .box_w = 10, .box_h = 25, .ofs_x = 0, .ofs_y = -5},
    {.bitmap_index = 880, .adv_w = 213, .box_w = 12, .box_h = 18, .ofs_x = 1, .ofs_y = 0},
    {.bitmap_index = 971, .adv_w = 213, .box_w = 10, .box_h = 18, .ofs_x = 2, .ofs_y = 0},
    {.bitmap_index = 1001, .adv_w = 213, .box_w = 13, .box_h = 18, .ofs_x = 0, .ofs_y = 0},
    {.bitmap_index = 1087, .adv_w = 213, .box_w = 12, .box_h = 18, .ofs_x = 0, .ofs_y = 0},
    {.bitmap_index = 1176, .adv_w = 213, .box_w = 13, .box_h = 18, .ofs_x = 0, .ofs_y = 0},
    {.bitmap_index = 1240, .adv_w = 213, .box_w = 13, .box_h = 18, .ofs_x = 0, .ofs_y = 0},
    {.bitmap_index = 1325, .adv_w = 213, .box_w = 12, .box_h = 18, .ofs_x = 1, .ofs_y = 0},
    {.bitmap_index = 1422, .adv_w = 213, .box_w = 12, .box_h = 18, .ofs_x = 1, .ofs_y = 0},
    {.bitmap_index = 1489, .adv_w = 213, .box_w = 12, .box_h = 18, .ofs_x = 1, .ofs_y = 0},
    {.bitmap_index = 1590, .adv_w = 213, .box_w = 12, .box_h = 18, .ofs_x = 1, .ofs_y = 0},
    {.bitmap_index = 1687, .adv_w = 107, .box_w = 4, .box_h = 14, .ofs_x = 1, .ofs_y = 0},
    {.bitmap_index = 1708, .adv_w = 107, .box_w = 5, .box_h = 19, .ofs_x = 1, .ofs_y = -5},
    {.bitmap_index = 1746, .adv_w = 213, .box_w = 13, .box_h = 12, .ofs_x = 0, .ofs_y = 3},
    {.bitmap_index = 1808, .adv_w = 213, .box_w = 13, .box_h = 8, .ofs_x = 0, .ofs_y = 5},
    {.bitmap_index = 1828, .adv_w = 213, .box_w = 13, .box_h = 12, .ofs_x = 0, .ofs_y = 3},
    {.bitmap_index = 1891, .adv_w = 182, .box_w = 10, .box_h = 18, .ofs_x = 1, .ofs_y = 0},
    {.bitmap_index = 1961, .adv_w = 363, .box_w = 21, .box_h = 23, .ofs_x = 1, .ofs_y = -5},
    {.bitmap_index = 2164, .adv_w = 233, .box_w = 15, .box_h = 18, .ofs_x = 0, .ofs_y = 0},
    {.bitmap_index = 2265, .adv_w = 252, .box_w = 13, .box_h = 18, .ofs_x = 2, .ofs_y = 0},
    {.bitmap_index = 2351, .adv_w = 245, .box_w = 14, .box_h = 18, .ofs_x = 1, .ofs_y = 0},
    {.bitmap_index = 2443, .adv_w = 264, .box_w = 14, .box_h = 18, .ofs_x = 2, .ofs_y = 0},
    {.bitmap_index = 2523, .adv_w = 226, .box_w = 11, .box_h = 18, .ofs_x = 2, .ofs_y = 0},
    {.bitmap_index = 2552, .adv_w = 212, .box_w = 11, .box_h = 18, .ofs_x = 2, .ofs_y = 0},
    {.bitmap_index = 2577, .adv_w = 265, .box_w = 14, .box_h = 18, .ofs_x = 1, .ofs_y = 0},
    {.bitmap_index = 2672, .adv_w = 280, .box_w = 14, .box_h = 18, .ofs_x = 2, .ofs_y = 0},
    {.bitmap_index = 2698, .adv_w = 113, .box_w = 3, .box_h = 18, .ofs_x = 2, .ofs_y = 0},
    {.bitmap_index = 2703, .adv_w = 205, .box_w = 11, .box_h = 18, .ofs_x = 0, .ofs_y = 0},
    {.bitmap_index = 2736, .adv_w = 248, .box_w = 14, .box_h = 18, .ofs_x = 2, .ofs_y = 0},
    {.bitmap_index = 2820, .adv_w = 209, .box_w = 11, .box_h = 18, .ofs_x = 2, .ofs_y = 0},
    {.bitmap_index = 2836, .adv_w = 312, .box_w = 16, .box_h = 18, .ofs_x = 2, .ofs_y = 0},
    {.bitmap_index = 2937, .adv_w = 278, .box_w = 13, .box_h = 18, .ofs_x = 2, .ofs_y = 0},
    {.bitmap_index = 3011, .adv_w = 285, .box_w = 16, .box_h = 18, .ofs_x = 1, .ofs_y = 0},
    {.bitmap_index = 3125, .adv_w = 243, .box_w = 13, .box_h = 18, .ofs_x = 2, .ofs_y = 0},
    {.bitmap_index = 3185, .adv_w = 285, .box_w = 16, .box_h = 22, .ofs_x = 1, .ofs_y = -4},
    {.bitmap_index = 3321, .adv_w = 244, .box_w = 13, .box_h = 18, .ofs_x = 2, .ofs_y = 0},
    {.bitmap_index = 3400, .adv_w = 229, .box_w = 13, .box_h = 18, .ofs_x = 1, .ofs_y = 0},
    {.bitmap_index = 3496, .adv_w = 230, .box_w = 14, .box_h = 18, .ofs_x = 0, .ofs_y = 0},
    {.bitmap_index = 3520, .adv_w = 277, .box_w = 13, .box_h = 18, .ofs_x = 2, .ofs_y = 0},
    {.bitmap_index = 3571, .adv_w = 221, .box_w = 14, .box_h = 18, .ofs_x = 0, .ofs_y = 0},
    {.bitmap_index = 3670, .adv_w = 337, .box_w = 21, .box_h = 18, .ofs_x = 0, .ofs_y = 0},
    {.bitmap_index = 3836, .adv_w = 220, .box_w = 14, .box_h = 18, .ofs_x = 0, .ofs_y = 0},
    {.bitmap_index = 3939, .adv_w = 204, .box_w = 14, .box_h = 18, .ofs_x = -1, .ofs_y = 0},
    {.bitmap_index = 4010, .adv_w = 232, .box_w = 13, .box_h = 18, .ofs_x = 1, .ofs_y = 0},
    {.bitmap_index = 4084, .adv_w = 130, .box_w = 6, .box_h = 25, .ofs_x = 2, .ofs_y = -5},
    {.bitmap_index = 4106, .adv_w = 151, .box_w = 10, .box_h = 25, .ofs_x = 0, .ofs_y = -5},
    {.bitmap_index = 4185, .adv_w = 130, .box_w = 6, .box_h = 25, .ofs_x = 0, .ofs_y = -5},
    {.bitmap_index = 4205, .adv_w = 213, .box_w = 11, .box_h = 11, .ofs_x = 1, .ofs_y = 8},
    {.bitmap_index = 4257, .adv_w = 215, .box_w = 14, .box_h = 2, .ofs_x = 0, .ofs_y = -4},
    {.bitmap_index = 4266, .adv_w = 233, .box_w = 6, .box_h = 6, .ofs_x = 3, .ofs_y = 16},
    {.bitmap_index = 4284, .adv_w = 216, .box_w = 11, .box_h = 14, .ofs_x = 1, .ofs_y = 0},
    {.bitmap_index = 4355, .adv_w = 237, .box_w = 12, .box_h = 20, .ofs_x = 2, .ofs_y = 0},
    {.bitmap_index = 4427, .adv_w = 196, .box_w = 11, .box_h = 14, .ofs_x = 1, .ofs_y = 0},
    {.bitmap_index = 4488, .adv_w = 238, .box_w = 12, .box_h = 20, .ofs_x = 1, .ofs_y = 0},
    {.bitmap_index = 4561, .adv_w = 213, .box_w = 12, .box_h = 14, .ofs_x = 1, .ofs_y = 0},
    {.bitmap_index = 4632, .adv_w = 125, .box_w = 9, .box_h = 20, .ofs_x = 0, .ofs_y = 0},
    {.bitmap_index = 4674, .adv_w = 217, .box_w = 13, .box_h = 20, .ofs_x = 1, .ofs_y = -6},
    {.bitmap_index = 4790, .adv_w = 233, .box_w = 11, .box_h = 20, .ofs_x = 2, .ofs_y = 0},
    {.bitmap_index = 4829, .adv_w = 106, .box_w = 4, .box_h = 20, .ofs_x = 1, .ofs_y = 0},
    {.bitmap_index = 4844, .adv_w = 106, .box_w = 7, .box_h = 26, .ofs_x = -2, .ofs_y = -6},
    {.bitmap_index = 4880, .adv_w = 212, .box_w = 12, .box_h = 20, .ofs_x = 2, .ofs_y = 0},
    {.bitmap_index = 4943, .adv_w = 109, .box_w = 4, .box_h = 20, .ofs_x = 2, .ofs_y = 0},
    {.bitmap_index = 4953, .adv_w = 356, .box_w = 19, .box_h = 14, .ofs_x = 2, .ofs_y = 0},
    {.bitmap_index = 5013, .adv_w = 234, .box_w = 11, .box_h = 14, .ofs_x = 2, .ofs_y = 0},
    {.bitmap_index = 5049, .adv_w = 233, .box_w = 13, .box_h = 14, .ofs_x = 1, .ofs_y = 0},
    {.bitmap_index = 5129, .adv_w = 238, .box_w = 12, .box_h = 20, .ofs_x = 2, .ofs_y = -6},
    {.bitmap_index = 5205, .adv_w = 238, .box_w = 12, .box_h = 20, .ofs_x = 1, .ofs_y = -6},
    {.bitmap_index = 5280, .adv_w = 149, .box_w = 8, .box_h = 14, .ofs_x = 2, .ofs_y = 0},
    {.bitmap_index = 5304, .adv_w = 180, .box_w = 11, .box_h = 14, .ofs_x = 0, .ofs_y = 0},
    {.bitmap_index = 5372, .adv_w = 145, .box_w = 9, .box_h = 18, .ofs_x = 0, .ofs_y = 0},
    {.bitmap_index = 5414, .adv_w = 233, .box_w = 11, .box_h = 14, .ofs_x = 2, .ofs_y = 0},
    {.bitmap_index = 5451, .adv_w = 200, .box_w = 13, .box_h = 14, .ofs_x = 0, .ofs_y = 0},
    {.bitmap_index = 5527, .adv_w = 308, .box_w = 19, .box_h = 14, .ofs_x = 0, .ofs_y = 0},
    {.bitmap_index = 5648, .adv_w = 191, .box_w = 12, .box_h = 14, .ofs_x = 0, .ofs_y = 0},
    {.bitmap_index = 5723, .adv_w = 200, .box_w = 13, .box_h = 20, .ofs_x = 0, .ofs_y = -6},
    {.bitmap_index = 5823, .adv_w = 182, .box_w = 11, .box_h = 14, .ofs_x = 0, .ofs_y = 0},
    {.bitmap_index = 5879, .adv_w = 130, .box_w = 8, .box_h = 25, .ofs_x = 0, .ofs_y = -5},
    {.bitmap_index = 5949, .adv_w = 104, .box_w = 3, .box_h = 28, .ofs_x = 2, .ofs_y = -7},
    {.bitmap_index = 5955, .adv_w = 130, .box_w = 8, .box_h = 25, .ofs_x = 0, .ofs_y = -5},
    {.bitmap_index = 6027, .adv_w = 213, .box_w = 13, .box_h = 4, .ofs_x = 0, .ofs_y = 7},
    {.bitmap_index = 6054, .adv_w = 384, .box_w = 22, .box_h = 19, .ofs_x = 1, .ofs_y = -1},
    {.bitmap_index = 6109, .adv_w = 384, .box_w = 23, .box_h = 21, .ofs_x = 1, .ofs_y = -2},
    {.bitmap_index = 6225, .adv_w = 384, .box_w = 20, .box_h = 23, .ofs_x = 2, .ofs_y = -2},
    {.bitmap_index = 6299, .adv_w = 384, .box_w = 22, .box_h = 22, .ofs_x = 1, .ofs_y = -1},
    {.bitmap_index = 6398, .adv_w = 384, .box_w = 24, .box_h = 23, .ofs_x = 0, .ofs_y = -2},
    {.bitmap_index = 6581, .adv_w = 384, .box_w = 22, .box_h = 22, .ofs_x = 1, .ofs_y = -3},
    {.bitmap_index = 6662, .adv_w = 384, .box_w = 23, .box_h = 23, .ofs_x = 1, .ofs_y = -2},
    {.bitmap_index = 6809, .adv_w = 384, .box_w = 24, .box_h = 24, .ofs_x = 0, .ofs_y = -3},
    {.bitmap_index = 6993, .adv_w = 384, .box_w = 23, .box_h = 23, .ofs_x = 0, .ofs_y = -2},
    {.bitmap_index = 7168, .adv_w = 384, .box_w = 24, .box_h = 24, .ofs_x = 0, .ofs_y = -3},
    {.bitmap_index = 7355, .adv_w = 384, .box_w = 24, .box_h = 22, .ofs_x = 0, .ofs_y = -2},
    {.bitmap_index = 7517, .adv_w = 384, .box_w = 24, .box_h = 24, .ofs_x = 0, .ofs_y = -3},
    {.bitmap_index = 7698, .adv_w = 384, .box_w = 23, .box_h = 23, .ofs_x = 0, .ofs_y = -2},
    {.bitmap_index = 7849, .adv_w = 384, .box_w = 23, .box_h = 24, .ofs_x = 0, .ofs_y = -3},
    {.bitmap_index = 8000, .adv_w = 384, .box_w = 22, .box_h = 22, .ofs_x = 1, .ofs_y = -3},
    {.bitmap_index = 8121, .adv_w = 384, .box_w = 24, .box_h = 23, .ofs_x = 0, .ofs_y = -2},
    {.bitmap_index = 8263, .adv_w = 384, .box_w = 23, .box_h = 22, .ofs_x = 1, .ofs_y = -2},
    {.bitmap_index = 8417, .adv_w = 384, .box_w = 21, .box_h = 22, .ofs_x = 1, .ofs_y = -2},
    {.bitmap_index = 8563, .adv_w = 384, .box_w = 23, .box_h = 24, .ofs_x = 0, .ofs_y = -3},
    {.bitmap_index = 8723, .adv_w = 384, .box_w = 22, .box_h = 24, .ofs_x = 1, .ofs_y = -3},
    {.bitmap_index = 8873, .adv_w = 384, .box_w = 22, .box_h = 23, .ofs_x = 1, .ofs_y = -3},
    {.bitmap_index = 9061, .adv_w = 384, .box_w = 22, .box_h = 23, .ofs_x = 1, .ofs_y = -3},
    {.bitmap_index = 9241, .adv_w = 384, .box_w = 22, .box_h = 22, .ofs_x = 1, .ofs_y = -2},
    {.bitmap_index = 9371, .adv_w = 384, .box_w = 23, .box_h = 23, .ofs_x = 1, .ofs_y = -2},
    {.bitmap_index = 9582, .adv_w = 384, .box_w = 22, .box_h = 22, .ofs_x = 1, .ofs_y = -3},
    {.bitmap_index = 9675, .adv_w = 384, .box_w = 21, .box_h = 24, .ofs_x = 2, .ofs_y = -3},
    {.bitmap_index = 9812, .adv_w = 384, .box_w = 22, .box_h = 23, .ofs_x = 1, .ofs_y = -3},
    {.bitmap_index = 9935, .adv_w = 384, .box_w = 24, .box_h = 23, .ofs_x = 0, .ofs_y = -3},
    {.bitmap_index = 10118, .adv_w = 384, .box_w = 21, .box_h = 22, .ofs_x = 1, .ofs_y = -2},
    {.bitmap_index = 10188, .adv_w = 384, .box_w = 22, .box_h = 23, .ofs_x = 1, .ofs_y = -2},
    {.bitmap_index = 10315, .adv_w = 384, .box_w = 24, .box_h = 23, .ofs_x = 0, .ofs_y = -2},
    {.bitmap_index = 10498, .adv_w = 384, .box_w = 24, .box_h = 23, .ofs_x = 0, .ofs_y = -2},
    {.bitmap_index = 10672, .adv_w = 384, .box_w = 24, .box_h = 23, .ofs_x = 0, .ofs_y = -3},
    {.bitmap_index = 10879, .adv_w = 384, .box_w = 22, .box_h = 23, .ofs_x = 1, .ofs_y = -2},
    {.bitmap_index = 11047, .adv_w = 384, .box_w = 24, .box_h = 24, .ofs_x = 0, .ofs_y = -3},
    {.bitmap_index = 11195, .adv_w = 384, .box_w = 22, .box_h = 24, .ofs_x = 1, .ofs_y = -3},
    {.bitmap_index = 11375, .adv_w = 384, .box_w = 22, .box_h = 23, .ofs_x = 1, .ofs_y = -3},
    {.bitmap_index = 11519, .adv_w = 384, .box_w = 23, .box_h = 24, .ofs_x = 1, .ofs_y = -3},
    {.bitmap_index = 11725, .adv_w = 384, .box_w = 21, .box_h = 21, .ofs_x = 2, .ofs_y = -2},
    {.bitmap_index = 11822, .adv_w = 384, .box_w = 23, .box_h = 24, .ofs_x = 1, .ofs_y = -3},
    {.bitmap_index = 12004, .adv_w = 384, .box_w = 23, .box_h = 23, .ofs_x = 1, .ofs_y = -2},
    {.bitmap_index = 12190, .adv_w = 384, .box_w = 24, .box_h = 24, .ofs_x = 0, .ofs_y = -3},
    {.bitmap_index = 12405, .adv_w = 384, .box_w = 22, .box_h = 22, .ofs_x = 1, .ofs_y = -3},
    {.bitmap_index = 12506, .adv_w = 384, .box_w = 19, .box_h = 23, .ofs_x = 2, .ofs_y = -3},
    {.bitmap_index = 12620, .adv_w = 384, .box_w = 22, .box_h = 24, .ofs_x = 1, .ofs_y = -3},
    {.bitmap_index = 12823, .adv_w = 384, .box_w = 23, .box_h = 22, .ofs_x = 1, .ofs_y = -3},
    {.bitmap_index = 13001, .adv_w = 384, .box_w = 20, .box_h = 23, .ofs_x = 2, .ofs_y = -2},
    {.bitmap_index = 13118, .adv_w = 384, .box_w = 24, .box_h = 23, .ofs_x = 0, .ofs_y = -3},
    {.bitmap_index = 13303, .adv_w = 384, .box_w = 24, .box_h = 24, .ofs_x = 0, .ofs_y = -3},
    {.bitmap_index = 13473, .adv_w = 384, .box_w = 24, .box_h = 24, .ofs_x = 0, .ofs_y = -3},
    {.bitmap_index = 13689, .adv_w = 384, .box_w = 23, .box_h = 23, .ofs_x = 0, .ofs_y = -3},
    {.bitmap_index = 13855, .adv_w = 384, .box_w = 23, .box_h = 23, .ofs_x = 0, .ofs_y = -2},
    {.bitmap_index = 14006, .adv_w = 384, .box_w = 24, .box_h = 22, .ofs_x = 0, .ofs_y = -2},
    {.bitmap_index = 14197, .adv_w = 384, .box_w = 24, .box_h = 24, .ofs_x = 0, .ofs_y = -3},
    {.bitmap_index = 14388, .adv_w = 384, .box_w = 24, .box_h = 23, .ofs_x = 0, .ofs_y = -3},
    {.bitmap_index = 14606, .adv_w = 384, .box_w = 24, .box_h = 24, .ofs_x = 0, .ofs_y = -3},
    {.bitmap_index = 14831, .adv_w = 384, .box_w = 23, .box_h = 24, .ofs_x = 1, .ofs_y = -3},
    {.bitmap_index = 15071, .adv_w = 384, .box_w = 24, .box_h = 24, .ofs_x = 0, .ofs_y = -3},
    {.bitmap_index = 15318, .adv_w = 384, .box_w = 22, .box_h = 24, .ofs_x = 1, .ofs_y = -3},
    {.bitmap_index = 15468, .adv_w = 384, .box_w = 23, .box_h = 22, .ofs_x = 1, .ofs_y = -3},
    {.bitmap_index = 15615, .adv_w = 384, .box_w = 22, .box_h = 23, .ofs_x = 2, .ofs_y = -3},
    {.bitmap_index = 15754, .adv_w = 384, .box_w = 22, .box_h = 24, .ofs_x = 1, .ofs_y = -3},
    {.bitmap_index = 15937, .adv_w = 384, .box_w = 24, .box_h = 22, .ofs_x = 0, .ofs_y = -2},
    {.bitmap_index = 16071, .adv_w = 384, .box_w = 24, .box_h = 23, .ofs_x = 0, .ofs_y = -2},
    {.bitmap_index = 16288, .adv_w = 384, .box_w = 24, .box_h = 23, .ofs_x = 0, .ofs_y = -2},
    {.bitmap_index = 16441, .adv_w = 384, .box_w = 24, .box_h = 24, .ofs_x = 0, .ofs_y = -3},
    {.bitmap_index = 16653, .adv_w = 384, .box_w = 23, .box_h = 22, .ofs_x = 0, .ofs_y = -1},
    {.bitmap_index = 16708, .adv_w = 384, .box_w = 22, .box_h = 20, .ofs_x = 1, .ofs_y = -1},
    {.bitmap_index = 16778, .adv_w = 384, .box_w = 22, .box_h = 24, .ofs_x = 1, .ofs_y = -3},
    {.bitmap_index = 16962, .adv_w = 384, .box_w = 24, .box_h = 23, .ofs_x = 0, .ofs_y = -2},
    {.bitmap_index = 17170, .adv_w = 384, .box_w = 23, .box_h = 23, .ofs_x = 0, .ofs_y = -2},
    {.bitmap_index = 17368, .adv_w = 384, .box_w = 22, .box_h = 24, .ofs_x = 0, .ofs_y = -3},
    {.bitmap_index = 17473, .adv_w = 384, .box_w = 22, .box_h = 23, .ofs_x = 1, .ofs_y = -2},
    {.bitmap_index = 17640, .adv_w = 384, .box_w = 22, .box_h = 22, .ofs_x = 0, .ofs_y = -3},
    {.bitmap_index = 17768, .adv_w = 384, .box_w = 21, .box_h = 23, .ofs_x = 3, .ofs_y = -2},
    {.bitmap_index = 17893, .adv_w = 384, .box_w = 23, .box_h = 23, .ofs_x = 1, .ofs_y = -3},
    {.bitmap_index = 18051, .adv_w = 384, .box_w = 24, .box_h = 24, .ofs_x = 0, .ofs_y = -3},
    {.bitmap_index = 18211, .adv_w = 384, .box_w = 23, .box_h = 23, .ofs_x = 0, .ofs_y = -2},
    {.bitmap_index = 18397, .adv_w = 384, .box_w = 22, .box_h = 22, .ofs_x = 1, .ofs_y = -1},
    {.bitmap_index = 18520, .adv_w = 384, .box_w = 23, .box_h = 22, .ofs_x = 0, .ofs_y = -2},
    {.bitmap_index = 18683, .adv_w = 384, .box_w = 22, .box_h = 24, .ofs_x = 0, .ofs_y = -3},
    {.bitmap_index = 18877, .adv_w = 384, .box_w = 23, .box_h = 22, .ofs_x = 0, .ofs_y = -3},
    {.bitmap_index = 19010, .adv_w = 384, .box_w = 22, .box_h = 24, .ofs_x = 1, .ofs_y = -3},
    {.bitmap_index = 19185, .adv_w = 384, .box_w = 22, .box_h = 23, .ofs_x = 1, .ofs_y = -3},
    {.bitmap_index = 19394, .adv_w = 384, .box_w = 23, .box_h = 23, .ofs_x = 1, .ofs_y = -2},
    {.bitmap_index = 19625, .adv_w = 384, .box_w = 23, .box_h = 24, .ofs_x = 1, .ofs_y = -3},
    {.bitmap_index = 19851, .adv_w = 384, .box_w = 23, .box_h = 22, .ofs_x = 0, .ofs_y = -1},
    {.bitmap_index = 20053, .adv_w = 384, .box_w = 23, .box_h = 23, .ofs_x = 1, .ofs_y = -3},
    {.bitmap_index = 20261, .adv_w = 384, .box_w = 23, .box_h = 23, .ofs_x = 0, .ofs_y = -2},
    {.bitmap_index = 20476, .adv_w = 384, .box_w = 23, .box_h = 23, .ofs_x = 0, .ofs_y = -2},
    {.bitmap_index = 20680, .adv_w = 384, .box_w = 22, .box_h = 22, .ofs_x = 1, .ofs_y = -2},
    {.bitmap_index = 20816, .adv_w = 384, .box_w = 21, .box_h = 24, .ofs_x = 0, .ofs_y = -3},
    {.bitmap_index = 20965, .adv_w = 384, .box_w = 24, .box_h = 23, .ofs_x = 0, .ofs_y = -3},
    {.bitmap_index = 21177, .adv_w = 384, .box_w = 23, .box_h = 23, .ofs_x = 0, .ofs_y = -3},
    {.bitmap_index = 21390, .adv_w = 384, .box_w = 24, .box_h = 23, .ofs_x = 0, .ofs_y = -2},
    {.bitmap_index = 21609, .adv_w = 384, .box_w = 18, .box_h = 24, .ofs_x = 3, .ofs_y = -3},
    {.bitmap_index = 21718, .adv_w = 384, .box_w = 22, .box_h = 23, .ofs_x = 1, .ofs_y = -2},
    {.bitmap_index = 21821, .adv_w = 384, .box_w = 23, .box_h = 24, .ofs_x = 0, .ofs_y = -3},
    {.bitmap_index = 21946, .adv_w = 384, .box_w = 20, .box_h = 24, .ofs_x = 1, .ofs_y = -3},
    {.bitmap_index = 22103, .adv_w = 384, .box_w = 23, .box_h = 23, .ofs_x = 1, .ofs_y = -2},
    {.bitmap_index = 22265, .adv_w = 384, .box_w = 23, .box_h = 22, .ofs_x = 0, .ofs_y = -2},
    {.bitmap_index = 22450, .adv_w = 384, .box_w = 22, .box_h = 23, .ofs_x = 0, .ofs_y = -3},
    {.bitmap_index = 22628, .adv_w = 384, .box_w = 24, .box_h = 24, .ofs_x = 0, .ofs_y = -3},
    {.bitmap_index = 22776, .adv_w = 384, .box_w = 23, .box_h = 24, .ofs_x = 1, .ofs_y = -3},
    {.bitmap_index = 23009, .adv_w = 384, .box_w = 23, .box_h = 24, .ofs_x = 0, .ofs_y = -3},
    {.bitmap_index = 23207, .adv_w = 384, .box_w = 24, .box_h = 22, .ofs_x = 0, .ofs_y = -3},
    {.bitmap_index = 23396, .adv_w = 384, .box_w = 24, .box_h = 22, .ofs_x = 0, .ofs_y = -2},
    {.bitmap_index = 23601, .adv_w = 384, .box_w = 24, .box_h = 24, .ofs_x = 0, .ofs_y = -3},
    {.bitmap_index = 23785, .adv_w = 384, .box_w = 23, .box_h = 24, .ofs_x = 1, .ofs_y = -3},
    {.bitmap_index = 23984, .adv_w = 384, .box_w = 24, .box_h = 23, .ofs_x = 0, .ofs_y = -3},
    {.bitmap_index = 24190, .adv_w = 384, .box_w = 23, .box_h = 24, .ofs_x = 0, .ofs_y = -3},
    {.bitmap_index = 24381, .adv_w = 384, .box_w = 22, .box_h = 23, .ofs_x = 1, .ofs_y = -2},
    {.bitmap_index = 24554, .adv_w = 384, .box_w = 23, .box_h = 23, .ofs_x = 1, .ofs_y = -3},
    {.bitmap_index = 24722, .adv_w = 384, .box_w = 22, .box_h = 22, .ofs_x = 1, .ofs_y = -2},
    {.bitmap_index = 24856, .adv_w = 384, .box_w = 24, .box_h = 23, .ofs_x = 0, .ofs_y = -2},
    {.bitmap_index = 25051, .adv_w = 384, .box_w = 23, .box_h = 24, .ofs_x = 0, .ofs_y = -3},
    {.bitmap_index = 25259, .adv_w = 384, .box_w = 20, .box_h = 22, .ofs_x = 2, .ofs_y = -2},
    {.bitmap_index = 25399, .adv_w = 384, .box_w = 20, .box_h = 23, .ofs_x = 2, .ofs_y = -3},
    {.bitmap_index = 25501, .adv_w = 384, .box_w = 22, .box_h = 21, .ofs_x = 1, .ofs_y = -2},
    {.bitmap_index = 25614, .adv_w = 384, .box_w = 22, .box_h = 22, .ofs_x = 1, .ofs_y = -3},
    {.bitmap_index = 25744, .adv_w = 384, .box_w = 23, .box_h = 22, .ofs_x = 0, .ofs_y = -2},
    {.bitmap_index = 25928, .adv_w = 384, .box_w = 24, .box_h = 24, .ofs_x = 0, .ofs_y = -3},
    {.bitmap_index = 26133, .adv_w = 384, .box_w = 24, .box_h = 23, .ofs_x = 0, .ofs_y = -2}
};

/*---------------------
 *  CHARACTER MAPPING
 *--------------------*/

static const uint16_t unicode_list_1[] = {
    0x0, 0x4, 0x24, 0x32, 0x40, 0x85, 0xb1, 0xbc,
    0x144, 0x145, 0x14a, 0x150, 0x233, 0x253, 0x33a, 0x35f,
    0x36a, 0x427, 0x42d, 0x444, 0x460, 0x496, 0x54c, 0x5b9,
    0x5e6, 0x5e7, 0x5ee, 0x85f, 0x8d5, 0x91f, 0xafb, 0xb04,
    0xbc2, 0xd80, 0xd91, 0xdb4, 0xdf3, 0xe28, 0xfe9, 0x108b,
    0x109d, 0x10ae, 0x10f7, 0x110c, 0x111d, 0x1131, 0x114a, 0x1159,
    0x117c, 0x1407, 0x1437, 0x1470, 0x14d6, 0x14e0, 0x159c, 0x1735,
    0x1767, 0x176e, 0x17b0, 0x17d7, 0x17ed, 0x1879, 0x1921, 0x1975,
    0x19dc, 0x1c18, 0x1d59, 0x1d5a, 0x1eb2, 0x1ed9, 0x210b, 0x243e,
    0x257e, 0x271f, 0x272c, 0x2743, 0x278e, 0x27d2, 0x28eb, 0x2902,
    0x2a65, 0x2b31, 0x2bb2, 0x2ef2, 0x30b6, 0x30d6, 0x30de, 0x30e1,
    0x30e4, 0x310d, 0x3165, 0x32a0, 0x3300, 0x3367, 0x3394, 0x33e1,
    0x3479, 0x3a43, 0x3bc9, 0x3d9b, 0x3db5, 0x3dfa, 0x3f2b, 0x4174,
    0x4188, 0x41c7, 0x41cb, 0x41d5, 0x4200, 0x4211, 0x424a, 0x42df,
    0x4344, 0x43c6, 0x46f8, 0x473e, 0x47e4, 0x47eb, 0x4959, 0x4a6c,
    0x4a7f, 0x4a88, 0x50cf
};

/*Collect the unicode lists and glyph_id offsets*/
static const lv_font_fmt_txt_cmap_t cmaps[] =
{
    {
        .range_start = 32, .range_length = 95, .glyph_id_start = 1,
        .unicode_list = NULL, .glyph_id_ofs_list = NULL, .list_length = 0, .type = LV_FONT_FMT_TXT_CMAP_FORMAT0_TINY
    },
    {
        .range_start = 19977, .range_length = 20688, .glyph_id_start = 96,
        .unicode_list = unicode_list_1, .glyph_id_ofs_list = NULL, .list_length = 123, .type = LV_FONT_FMT_TXT_CMAP_SPARSE_TINY
    }
};



/*--------------------
 *  ALL CUSTOM DATA
 *--------------------*/

#if LVGL_VERSION_MAJOR == 8
/*Store all the custom data of the font*/
static  lv_font_fmt_txt_glyph_cache_t cache;
#endif

#if LVGL_VERSION_MAJOR >= 8
static const lv_font_fmt_txt_dsc_t font_dsc = {
#else
static lv_font_fmt_txt_dsc_t font_dsc = {
#endif
    .glyph_bitmap = glyph_bitmap,
    .glyph_dsc = glyph_dsc,
    .cmaps = cmaps,
    .kern_dsc = NULL,
    .kern_scale = 0,
    .cmap_num = 2,
    .bpp = 4,
    .kern_classes = 0,
    .bitmap_format = 1,
#if LVGL_VERSION_MAJOR == 8
    .cache = &cache
#endif
};



/*-----------------
 *  PUBLIC FONT
 *----------------*/

/*Initialize a public general font descriptor*/
#if LVGL_VERSION_MAJOR >= 8
const lv_font_t stim_font_24 = {
#else
lv_font_t stim_font_24 = {
#endif
    .get_glyph_dsc = lv_font_get_glyph_dsc_fmt_txt,    /*Function pointer to get glyph's data*/
    .get_glyph_bitmap = lv_font_get_bitmap_fmt_txt,    /*Function pointer to get glyph's bitmap*/
    .line_height = 29,          /*The maximum line height required by the font*/
    .base_line = 7,             /*Baseline measured from the bottom of the line*/
#if !(LVGL_VERSION_MAJOR == 6 && LVGL_VERSION_MINOR == 0)
    .subpx = LV_FONT_SUBPX_NONE,
#endif
#if LV_VERSION_CHECK(7, 4, 0) || LVGL_VERSION_MAJOR >= 8
    .underline_position = -3,
    .underline_thickness = 1,
#endif
    .dsc = &font_dsc,          /*The custom font data. Will be accessed by `get_glyph_bitmap/dsc` */
#if LV_VERSION_CHECK(8, 2, 0) || LVGL_VERSION_MAJOR >= 9
    .fallback = NULL,
#endif
    .user_data = NULL,
};



#endif /*#if STIM_FONT_24*/

